Workbook

Sheet 年計
D1: 1年生 | J1: 2年生 | P1: ３年生
A2: 月 | B2: 日 | D2: 1 | E2: 2 | F2: 3 | G2: 4 | H2: 5 | I2: 6 | J2: 1 | K2: 2 | L2: 3 | M2: 4 | N2: 5 | O2: 6 | P2: 1 | Q2: 2 | R2: 3 | S2: 4 | T2: 5 | U2: 6 | W2: 橙＝時間割変更したコマ 水色＝2年の総合を道徳・学活に替えるコマ 「学活」＝授業開始(4/14)前の学級の時間
A3: 46478 | B3: 木 | C3: 月６
A4: 46479 | B4: 金 | C4: 火６
A5: 46480 | B5: 土 | C5: 水６
A6: 46481 | B6: 日 | C6: 金６
A7: 46482 | B7: 月 | W7: 入学式
A8: 46483 | B8: 火 | C8: 着任式 始業式 | K8: 学活 | Q8: 学活
A9: 46484 | B9: 水 | C9: 入学式 | F9: 学活 | J9: 学活 | K9: 学活 | L9: 学活 | M9: 学活 | P9: 学活 | Q9: 学活 | R9: 学活 | S9: 学活 | X9: 月１ | Y9: 月２ | Z9: 月３ | AA9: 月４ | AB9: 月５ | AC9: 月６ | AD9: 月１ | AE9: 月２ | AF9: 月３ | AG9: 月４ | AH9: 月５ | AI9: 月６ | AJ9: 月１ | AK9: 月２ | AL9: 月３ | AM9: 月４ | AN9: 月５ | AO9: 月６
A10: 46485 | B10: 木 | C10: 生徒会オリエンテーション・対面式 身体測定(3年) | F10: 学活 | G10: 学活 | K10: 学活 | M10: 学活 | Q10: 学活 | X10: 火１ | Y10: 火２ | Z10: 火３ | AA10: 火４ | AB10: 火５ | AC10: 火６ | AD10: 火１ | AE10: 火２ | AF10: 火３ | AG10: 火４ | AH10: 火５ | AI10: 火６ | AJ10: 火１ | AK10: 火２ | AL10: 火３ | AM10: 火４ | AN10: 火５ | AO10: 火６
A11: 46486 | B11: 金 | C11: 身体測定(1年･IJ)・（ランチ４月スタート分〆切） | D11: 学活 | L11: 学活 | M11: 学活 | Q11: 学活 | S11: 学活 | X11: 水１ | Y11: 水２ | Z11: 水３ | AA11: 水４ | AB11: 水５ | AC11: 水６ | AD11: 水１ | AE11: 水２ | AF11: 水３ | AG11: 水４ | AH11: 水５ | AI11: 水６ | AJ11: 水１ | AK11: 水２ | AL11: 水３ | AM11: 水４ | AN11: 水５ | AO11: 水６
A12: 46487 | B12: 土 | X12: 木１ | Y12: 木２ | Z12: 木３ | AA12: 木４ | AB12: 木５ | AD12: 木１ | AE12: 木２ | AF12: 木３ | AG12: 木４ | AH12: 木５ | AJ12: 木１ | AK12: 木２ | AL12: 木３ | AM12: 木４ | AN12: 木５
A13: 46488 | B13: 日 | X13: 金１ | Y13: 金２ | Z13: 金３ | AA13: 金４ | AB13: 金５ | AC13: 金６ | AD13: 金１ | AE13: 金２ | AF13: 金３ | AG13: 金４ | AH13: 金５ | AI13: 金６ | AJ13: 金１ | AK13: 金２ | AL13: 金３ | AM13: 金４ | AN13: 金５ | AO13: 金６
A14: 46489 | B14: 月 | C14: 身体測定(2年) | D14: 学活 | G14: 学活 | J14: 学活 | R14: 学活 | S14: 学活
A15: 46490 | B15: 火 | C15: 学級写真撮影・部活紹介 | D15: 学活 | E15: 学活 | F15: 学活 | G15: 学活 | H15: 学活 | I15: 学活 | J15: 学活 | K15: 学活 | L15: 学活 | M15: 学活 | N15: 学活 | O15: 学活 | P15: 学活 | Q15: 学活 | R15: 学活 | S15: 学活 | T15: 学活 | U15: 学活
A16: 46491 | B16: 水 | C16: 身体測定(欠席者)・仮時間割 ランチ開始 | D16: 水１ | E16: 水２ | F16: 月６ | G16: 水４ | H16: 水５ | I16: 水６ | J16: 水１ | K16: 水２ | L16: 月６ | M16: 水４ | N16: 水５ | O16: 水６ | P16: 水１ | Q16: 水２ | R16: 月６ | S16: 水４ | T16: 水５ | U16: 水６
A17: 46492 | B17: 木 | C17: 全国学調(国･数･質)※4/13〜16で調整 | D17: 木１ | E17: 木２ | F17: 木３ | G17: 木４ | H17: 木５ | J17: 木１ | K17: 木２ | L17: 木３ | M17: 木４ | N17: 木５ | S17: 木４ | T17: 木５
A18: 46493 | B18: 金 | C18: 避難訓練 | D18: 金１ | E18: 金２ | F18: 金３ | G18: 金４ | H18: 金５ | J18: 金１ | K18: 金２ | L18: 金３ | M18: 金４ | N18: 金５ | P18: 金１ | Q18: 金２ | R18: 金３ | S18: 金４ | T18: 金５
A19: 46494 | B19: 土
A20: 46495 | B20: 日
A21: 46496 | B21: 月 | C21: 認証式 | D21: 月１ | E21: 月２ | F21: 月３ | G21: 月４ | H21: 月５ | I21: 月６ | J21: 月１ | K21: 月２ | L21: 月３ | M21: 月４ | N21: 月５ | O21: 月６ | P21: 月１ | Q21: 月２ | R21: 月３ | S21: 月４ | T21: 月５ | U21: 月６
A22: 46497 | B22: 火 | C22: 眼科検診(2･3年午後) | D22: 火１ | E22: 火２ | F22: 火３ | G22: 火４ | H22: 火５ | I22: 火６ | J22: 火１ | K22: 火２ | L22: 火３ | M22: 火４ | N22: 火５ | O22: 火６ | P22: 火１ | Q22: 火２ | R22: 火３ | S22: 火４ | T22: 火５ | U22: 火６
A23: 46498 | B23: 水 | D23: 水１ | E23: 水２ | F23: 水３ | G23: 水４ | H23: 水５ | I23: 水６ | J23: 水１ | K23: 水２ | L23: 水３ | M23: 水４ | N23: 水５ | O23: 水６ | P23: 水１ | Q23: 水２ | R23: 水３ | S23: 水４ | T23: 水５ | U23: 水６
A24: 46499 | B24: 木 | D24: 木１ | E24: 木２ | F24: 木３ | G24: 木４ | H24: 木５ | J24: 木１ | K24: 木２ | L24: 木３ | M24: 木４ | N24: 木５ | P24: 木１ | Q24: 木２ | R24: 木３ | S24: 木４ | T24: 木５
A25: 46500 | B25: 金 | C25: 眼科検診(IJ･1年･色覚午後)・部活動集会 | D25: 金１ | E25: 金２ | F25: 金３ | G25: 金４ | H25: 金５ | I25: 金６ | J25: 金１ | K25: 金２ | L25: 金３ | M25: 金４ | N25: 金５ | O25: 金６ | P25: 金１ | Q25: 金２ | R25: 金３ | S25: 金４ | T25: 金５ | U25: 金６
A26: 46501 | B26: 土
A27: 46502 | B27: 日
A28: 46503 | B28: 月 | C28: 授業参観(午前)・Ｐ総会・学級懇(午後) | D28: 月１ | E28: 月２ | F28: 月３ | G28: 月４ | J28: 月１ | K28: 月２ | L28: 月３ | M28: 月４ | P28: 月１ | Q28: 月２ | R28: 月３ | S28: 月４
A29: 46504 | B29: 火 | C29: 内科検診(3年午後) | D29: 火１ | E29: 火２ | F29: 火３ | G29: 火４ | H29: 火５ | I29: 火６ | J29: 火１ | K29: 火２ | L29: 火３ | M29: 火４ | N29: 火５ | O29: 火６ | P29: 火１ | Q29: 火２ | R29: 火３ | S29: 火４ | T29: 火５ | U29: 火６
A30: 46505 | B30: 水 | D30: 水１ | E30: 月６ | F30: 水３ | G30: 水４ | H30: 月５ | I30: 水６ | J30: 水１ | K30: 月６ | L30: 水３ | M30: 水４ | N30: 月５ | O30: 水６ | P30: 水１ | Q30: 月６ | R30: 水３ | S30: 水４ | T30: 月５ | U30: 水６
A31: 46506 | B31: 木 | C31: 昭和の日
A32: 46507 | B32: 金 | C32: ⑤⑥進路説明会(3年)・部活保護者会 | D32: 木１ | E32: 木２ | F32: 木３ | G32: 金４ | H32: 金５ | I32: 金６ | J32: 木１ | K32: 木２ | L32: 木３ | M32: 金４ | N32: 金５ | O32: 金６ | P32: 木１ | Q32: 木２ | R32: 木３ | S32: 金４ | T32: 金５ | U32: 金６
A33: 46508 | B33: 土
A34: 46509 | B34: 日
A35: 46510 | B35: 月 | C35: 憲法記念日
A36: 46511 | B36: 火 | C36: みどりの日
A37: 46512 | B37: 水 | C37: こどもの日
A38: 46513 | B38: 木 | C38: 本時間割 | D38: 月１ | E38: 月２ | F38: 月３ | G38: 木４ | H38: 木５ | J38: 月１ | K38: 月２ | L38: 月３ | M38: 木４ | N38: 木５ | P38: 月１ | Q38: 月２ | R38: 月３ | S38: 木４ | T38: 木５
A39: 46514 | B39: 金 | C39: 新体力テスト準備・⑤⑥修学旅行説明会(3年) | D39: 金１ | E39: 金２ | F39: 金３ | G39: 月４ | H39: 月５ | I39: 金６ | J39: 金１ | K39: 金２ | L39: 金３ | M39: 月４ | N39: 月５ | O39: 金６ | P39: 金１ | Q39: 金２ | R39: 金３ | S39: 月４
A40: 46515 | B40: 土
A41: 46516 | B41: 日
A42: 46517 | B42: 月 | C42: 新体力テスト
A43: 46518 | B43: 火 | C43: 新体力テスト予備日 | D43: 火１ | E43: 火２ | F43: 火３ | G43: 火４ | H43: 火５ | I43: 火６ | J43: 火１ | K43: 火２ | L43: 火３ | M43: 火４ | N43: 火５ | O43: 火６ | P43: 火１ | Q43: 火２ | R43: 火３ | S43: 火４ | T43: 火５ | U43: 火６
A44: 46519 | B44: 水 | C44: 内科検診(2年午後) | D44: 水１ | E44: 水２ | F44: 水３ | G44: 月６ | H44: 水５ | I44: 水６ | J44: 水１ | K44: 水２ | L44: 水３ | M44: 月６ | N44: 水５ | O44: 水６ | P44: 水１ | Q44: 水２ | R44: 水３ | S44: 月６ | T44: 水５ | U44: 水６
A45: 46520 | B45: 木 | D45: 木１ | E45: 木２ | F45: 木３ | G45: 木４ | H45: 月５ | J45: 木１ | K45: 木２ | L45: 木３ | M45: 木４ | N45: 月５ | P45: 木１ | Q45: 木２ | R45: 木３ | S45: 木４ | T45: 月５
A46: 46521 | B46: 金 | D46: 金１ | E46: 金２ | F46: 金３ | G46: 金４ | H46: 金５ | I46: 金６ | J46: 金１ | K46: 金２ | L46: 金３ | M46: 金４ | N46: 金５ | O46: 金６ | P46: 金１ | Q46: 金２ | R46: 金３ | S46: 金４ | T46: 金５ | U46: 金６
A47: 46522 | B47: 土
A48: 46523 | B48: 日
A49: 46524 | B49: 月 | C49: ①確認テスト | E49: 月２ | F49: 月３ | G49: 月４ | H49: 火５ | K49: 月２ | L49: 月３ | M49: 月４ | N49: 火５ | Q49: 月２ | R49: 月３ | S49: 月４ | T49: 火５
A50: 46525 | B50: 火 | C50: ①確認テスト | E50: 火２ | F50: 火３ | G50: 火４ | H50: 水５ | K50: 火２ | L50: 火３ | M50: 火４ | N50: 水５ | Q50: 火２ | R50: 火３ | S50: 火４ | T50: 水５
A51: 46526 | B51: 水 | C51: ①確認テスト・内科検診(IJ･1年午後) | E51: 水２ | F51: 水３ | G51: 水４ | H51: 木５ | K51: 水２ | L51: 水３ | M51: 水４ | N51: 木５ | Q51: 水２ | R51: 水３ | S51: 水４ | T51: 木５
A52: 46527 | B52: 木 | C52: 歯科健診(3年午前) | D52: 木１ | E52: 木２ | F52: 木３ | G52: 木４ | H52: 木５ | J52: 木１ | K52: 木２ | L52: 木３ | M52: 木４ | N52: 木５ | P52: 木１ | Q52: 木２ | R52: 木３ | S52: 木４ | T52: 木５
A53: 46528 | B53: 金 | D53: 金１ | E53: 金２ | F53: 金３ | G53: 金４ | H53: 金５ | I53: 金６ | J53: 金１ | K53: 金２ | L53: 金３ | M53: 金４ | N53: 金５ | O53: 金６ | P53: 金１ | Q53: 金２ | R53: 金３ | S53: 金４ | T53: 金５ | U53: 金６
A54: 46529 | B54: 土
A55: 46530 | B55: 日
A56: 46531 | B56: 月 | C56: ①ＷＥＢＱＵ | D56: 月１ | E56: 月２ | F56: 月３ | G56: 月４ | H56: 月５ | I56: 月６ | J56: 月１ | K56: 月２ | L56: 月３ | M56: 月４ | N56: 月５ | O56: 月６ | P56: 月１ | Q56: 月２ | R56: 月３ | S56: 月４ | T56: 月５ | U56: 月６
A57: 46532 | B57: 火 | D57: 火１ | E57: 火２ | F57: 火３ | G57: 火４ | H57: 火５ | I57: 金６ | J57: 火１ | K57: 火２ | L57: 火３ | M57: 火４ | N57: 火５ | O57: 金６ | P57: 火１ | Q57: 火２ | R57: 火３ | S57: 火４ | T57: 火５ | U57: 金６
A58: 46533 | B58: 水 | D58: 水１ | E58: 水２ | F58: 水３ | G58: 水４ | H58: 水５ | I58: 水６ | J58: 水１ | K58: 水２ | L58: 水３ | M58: 水４ | N58: 水５ | O58: 水６ | P58: 水１ | Q58: 水２ | R58: 水３ | S58: 水４ | T58: 水５ | U58: 水６
A59: 46534 | B59: 木 | C59: 教科等研究部会・⑥サイバー犯罪防止講話(1年) | D59: 木１ | E59: 火２ | F59: 火３ | G59: 木４ | H59: 木５ | J59: 木１ | K59: 火２ | L59: 火３ | M59: 木４ | N59: 木５ | P59: 木１ | Q59: 火２ | R59: 火３ | S59: 木４ | T59: 木５
A60: 46535 | B60: 金 | C60: 第１回NCS会議 | D60: 金１ | E60: 金２ | F60: 金３ | G60: 金４ | H60: 金５ | I60: 金６ | J60: 金１ | K60: 金２ | L60: 金３ | M60: 金４ | N60: 金５ | O60: 金６ | P60: 金１ | Q60: 金２ | R60: 金３ | S60: 金４ | T60: 金５ | U60: 金６
A61: 46536 | B61: 土
A62: 46537 | B62: 日
A63: 46538 | B63: 月 | C63: 教育相談（全学年） | D63: 月１ | E63: 月２ | F63: 月３ | G63: 月４ | J63: 月１ | K63: 月２ | L63: 月３ | M63: 月４ | P63: 月１ | Q63: 月２ | R63: 月３ | S63: 月４
A64: 46539 | B64: 火 | C64: 教育相談（全学年） | D64: 火１ | E64: 火２ | F64: 火３ | G64: 金６ | J64: 火１ | K64: 火２ | L64: 火３ | M64: 金６ | P64: 火１ | Q64: 火２ | R64: 火３ | S64: 金６
A65: 46540 | B65: 水 | C65: 教育相談（全学年） | D65: 水１ | G65: 水４ | J65: 水１ | M65: 水４ | P65: 水１ | S65: 水４
A66: 46541 | B66: 木 | C66: 教育相談（全学年）・歯科健診(IJ･2年午前)・学6(1･3年) | D66: 月１ | E66: 木２ | F66: 木３ | G66: 木４ | J66: 月１ | K66: 木２ | L66: 木３ | M66: 木４ | P66: 月１ | Q66: 木２ | R66: 木３ | S66: 木４ | V66: 台風でなし（水３水４）
A67: 46542 | B67: 金 | D67: 金１ | E67: 金２ | F67: 金３ | G67: 金４ | H67: 火５ | I67: 火６ | J67: 金１ | K67: 金２ | L67: 金３ | M67: 金４ | N67: 火５ | O67: 火６ | P67: 金１ | Q67: 金２ | R67: 金３ | S67: 金４ | T67: 火５ | U67: 火６
A68: 46543 | B68: 土
A69: 46544 | B69: 日
A70: 46545 | B70: 月 | C70: 修学旅行事前指導(3年) | D70: 月６ | E70: 月２ | F70: 月３ | G70: 月４ | H70: 月５ | I70: 火６ | J70: 月６ | K70: 月２ | L70: 月３ | M70: 月４ | N70: 月５ | O70: 火６
A71: 46546 | B71: 火 | C71: 修学旅行(３年) | D71: 火１ | E71: 火２ | F71: 火３ | G71: 火４ | H71: 火５ | I71: 水６ | J71: 火１ | K71: 火２ | L71: 火３ | M71: 火４ | N71: 火５ | O71: 水６
A72: 46547 | B72: 水 | C72: 修学旅行(３年) | D72: 火１ | E72: 水２ | F72: 水３ | G72: 水４ | H72: 水５ | I72: 火６ | J72: 火１ | K72: 水２ | L72: 水３ | M72: 水４ | N72: 水５ | O72: 火６
A73: 46548 | B73: 木 | C73: 修学旅行(３年) | D73: 木１ | E73: 木２ | F73: 木３ | G73: 木４ | H73: 木５ | J73: 木１ | K73: 木２ | L73: 木３ | M73: 木４ | N73: 木５
A74: 46549 | B74: 金 | C74: 家庭学習日(3年)・心臓検診(1年午前) | D74: 月１ | E74: 金２ | F74: 金３ | G74: 金４ | H74: 金５ | I74: 金６ | J74: 月１ | K74: 金２ | L74: 金３ | M74: 金４ | N74: 金５ | O74: 金６
A75: 46550 | B75: 土
A76: 46551 | B76: 日
A77: 46552 | B77: 月 | C77: ノー部活デー | D77: 水６ | E77: 月２ | F77: 月３ | G77: 月４ | H77: 月５ | I77: 月６ | J77: 水６ | K77: 月２ | L77: 月３ | M77: 月４ | N77: 月５ | O77: 月６ | P77: 水６ | Q77: 月２ | R77: 月３ | S77: 月４ | T77: 月５ | U77: 月６
A78: 46553 | B78: 火 | C78: 耳鼻科検診(1年午後) | D78: 火１ | E78: 火２ | F78: 火３ | G78: 火４ | H78: 火５ | I78: 水６ | J78: 火１ | K78: 火２ | L78: 火３ | M78: 火４ | N78: 火５ | O78: 水６ | P78: 火１ | Q78: 火２ | R78: 火３ | S78: 火４ | T78: 火５ | U78: 水６
A79: 46554 | B79: 水 | C79: 耳鼻科検診・(IJ･2･3年抽出午後) | D79: 水１ | E79: 水２ | F79: 水３ | G79: 水４ | H79: 水５ | I79: 月６ | J79: 水１ | K79: 水２ | L79: 水３ | M79: 水４ | N79: 水５ | O79: 月６ | P79: 水１ | Q79: 水２ | R79: 水３ | S79: 水４ | T79: 水５ | U79: 月６
A80: 46555 | B80: 木 | C80: 歯科健診(1年午前)・ノー部活ウィーク | D80: 木１ | E80: 木２ | F80: 木３ | G80: 木４ | H80: 木５ | J80: 木１ | K80: 木２ | L80: 木３ | M80: 木４ | N80: 木５
A81: 46556 | B81: 金 | C81: 腎臓検診①・ノー部活ウィーク | D81: 金１ | E81: 金２ | F81: 金３ | G81: 金４ | H81: 金５ | I81: 火６ | J81: 金１ | K81: 金２ | L81: 金３ | M81: 金４ | N81: 金５ | O81: 火６ | P81: 金１ | Q81: 金２ | R81: 金３ | S81: 金４ | T81: 金５ | U81: 火６
A82: 46557 | B82: 土
A83: 46558 | B83: 日
A84: 46559 | B84: 月 | C84: ノー部活ウィーク | D84: 月１ | E84: 月２ | F84: 月３ | G84: 月４ | H84: 月５ | I84: 水６ | J84: 月１ | K84: 月２ | L84: 月３ | M84: 月４ | N84: 月５ | O84: 水６ | P84: 月１ | Q84: 月２ | R84: 月３ | S84: 月４ | T84: 月５ | U84: 水６
A85: 46560 | B85: 火 | C85: 稲武野外学習説明会(2年)・ノー部活ウィーク | D85: 木１ | E85: 木２ | F85: 木３ | G85: 火４ | H85: 木５ | I85: 火６ | J85: 木１ | K85: 木２ | L85: 木３ | M85: 火４ | N85: 木５ | O85: 火６ | P85: 木１ | Q85: 木２ | R85: 木３ | S85: 火４ | T85: 木５ | U85: 火６
A86: 46561 | B86: 水 | C86: ノー部活ウィーク | D86: 水１ | E86: 水２ | F86: 水３ | G86: 水４ | H86: 水５ | I86: 月６ | J86: 水１ | K86: 水２ | L86: 水３ | M86: 水４ | N86: 水５ | O86: 月６ | P86: 水１ | Q86: 水２ | R86: 水３ | S86: 水４ | T86: 水５ | U86: 月６
A87: 46562 | B87: 木 | C87: 期末テスト
A88: 46563 | B88: 金 | C88: 期末テスト
A89: 46564 | B89: 土
A90: 46565 | B90: 日
A91: 46566 | B91: 月 | C91: 期末テスト
A92: 46567 | B92: 火 | D92: 火１ | E92: 火２ | F92: 火３ | G92: 火４ | H92: 火５ | I92: 火６ | J92: 火１ | K92: 火２ | L92: 火３ | M92: 火４ | N92: 火５ | O92: 火６ | P92: 火１ | Q92: 火２ | R92: 火３ | S92: 火４ | T92: 火５ | U92: 火６
A93: 46568 | B93: 水 | C93: 腎臓検診② | D93: 水１ | E93: 水２ | F93: 水３ | G93: 水４ | H93: 水５ | I93: 水６ | J93: 水１ | K93: 水２ | L93: 水３ | M93: 水４ | N93: 水５ | O93: 水６ | P93: 水１ | Q93: 水２ | R93: 水３ | S93: 水４ | T93: 水５ | U93: 水６
A94: 46569 | B94: 木 | D94: 木１ | E94: 木２ | F94: 木３ | G94: 火４ | H94: 木５ | J94: 木１ | K94: 木２ | L94: 木３ | M94: 火４ | N94: 木５ | P94: 木１ | Q94: 木２ | R94: 木３ | S94: 火４ | T94: 木５
A95: 46570 | B95: 金 | C95: 選挙管理委員会 | D95: 金１ | E95: 金２ | F95: 金３ | G95: 木４ | H95: 金５ | I95: 金６ | J95: 金１ | K95: 金２ | L95: 金３ | M95: 木４ | N95: 金５ | O95: 金６ | P95: 金１ | Q95: 金２ | R95: 金３ | S95: 木４
A96: 46571 | B96: 土
A97: 46572 | B97: 日
A98: 46573 | B98: 月 | C98: 保護者会（全）・成績一覧表提出 | D98: 月１ | E98: 月２ | F98: 月３ | G98: 月４ | J98: 月１ | K98: 月２ | L98: 月３ | M98: 月４ | P98: 月１ | Q98: 月２ | R98: 月３ | S98: 月４
A99: 46574 | B99: 火 | C99: 保護者会（全）・第１回いじめ防対会議 | D99: 火１ | E99: 火２ | F99: 火３ | G99: 火４ | J99: 火１ | K99: 火２ | L99: 火３ | M99: 火４ | P99: 火１ | Q99: 火２ | R99: 火３ | S99: 火４
A100: 46575 | B100: 水 | C100: 保護者会（全）・通知表（仮）提出 | D100: 金６ | E100: 水２ | F100: 水３ | G100: 水４ | J100: 金６ | K100: 水２ | L100: 水３ | M100: 水４ | P100: 金６ | Q100: 水２ | R100: 水３ | S100: 水４
...

Sheet 合計
A2: 教育カレンダー 時間数
B3: １年 | G3: ２年 | L3: ３年
A4: ＜確認テストまで（授業開始4/14）＞ | T4: 月６ | U4: 道徳
B5: 月 | C5: 火 | D5: 水 | E5: 木 | F5: 金 | G5: 月 | H5: 火 | I5: 水 | J5: 木 | K5: 金 | L5: 月 | M5: 火 | N5: 水 | O5: 木 | P5: 金 | T5: 火６ | U5: 総合２３ | AI5: 入学式 | AJ5: =IFERROR(MATCH(AI5,年計!$C$2:$C$368,0),"") | AM5: 月１ | AN5: 火１ | AO5: 水１ | AP5: 木１ | AQ5: 金１ | AR5: 月１ | AS5: 火１ | AT5: 水１ | AU5: 木１ | AV5: 金１ | AW5: 月１ | AX5: 火１ | AY5: 水１ | AZ5: 木１ | BA5: 金１
A6: 1 | B6: =COUNTIF(年計!$D$3:$I$48,AM5) -> 3 | C6: =COUNTIF(年計!$D$3:$I$48,AN5) -> 3 | D6: =COUNTIF(年計!$D$3:$I$48,AO5) -> 4 | E6: =COUNTIF(年計!$D$3:$I$48,AP5) -> 4 | F6: =COUNTIF(年計!$D$3:$I$48,AQ5) -> 4 | G6: =COUNTIF(年計!$J$3:$O$48,AR5) -> 3 | H6: =COUNTIF(年計!$J$3:$O$48,AS5) -> 3 | I6: =COUNTIF(年計!$J$3:$O$48,AT5) -> 4 | J6: =COUNTIF(年計!$J$3:$O$48,AU5) -> 4 | K6: =COUNTIF(年計!$J$3:$O$48,AV5) -> 4 | L6: =COUNTIF(年計!$P$3:$U$48,AW5) -> 3 | M6: =COUNTIF(年計!$P$3:$U$48,AX5) -> 3 | N6: =COUNTIF(年計!$P$3:$U$48,AY5) -> 4 | O6: =COUNTIF(年計!$P$3:$U$48,AZ5) -> 3 | P6: =COUNTIF(年計!$P$3:$U$48,BA5) -> 4 | T6: 水６ | U6: 学活 | AI6: 定期テスト① | AJ6: =IFERROR(MATCH(AI6,年計!$C$2:$C$368,0),"") | AM6: 月２ | AN6: 火２ | AO6: 水２ | AP6: 木２ | AQ6: 金２ | AR6: 月２ | AS6: 火２ | AT6: 水２ | AU6: 木２ | AV6: 金２ | AW6: 月２ | AX6: 火２ | AY6: 水２ | AZ6: 木２ | BA6: 金２
A7: 2 | B7: =COUNTIF(年計!$D$3:$I$48,AM6) -> 3 | C7: =COUNTIF(年計!$D$3:$I$48,AN6) -> 3 | D7: =COUNTIF(年計!$D$3:$I$48,AO6) -> 3 | E7: =COUNTIF(年計!$D$3:$I$48,AP6) -> 4 | F7: =COUNTIF(年計!$D$3:$I$48,AQ6) -> 4 | G7: =COUNTIF(年計!$J$3:$O$48,AR6) -> 3 | H7: =COUNTIF(年計!$J$3:$O$48,AS6) -> 3 | I7: =COUNTIF(年計!$J$3:$O$48,AT6) -> 3 | J7: =COUNTIF(年計!$J$3:$O$48,AU6) -> 4 | K7: =COUNTIF(年計!$J$3:$O$48,AV6) -> 4 | L7: =COUNTIF(年計!$P$3:$U$48,AW6) -> 3 | M7: =COUNTIF(年計!$P$3:$U$48,AX6) -> 3 | N7: =COUNTIF(年計!$P$3:$U$48,AY6) -> 3 | O7: =COUNTIF(年計!$P$3:$U$48,AZ6) -> 3 | P7: =COUNTIF(年計!$P$3:$U$48,BA6) -> 4 | T7: 金６ | U7: 総合 | AM7: 月３ | AN7: 火３ | AO7: 水３ | AP7: 木３ | AQ7: 金３ | AR7: 月３ | AS7: 火３ | AT7: 水３ | AU7: 木３ | AV7: 金３ | AW7: 月３ | AX7: 火３ | AY7: 水３ | AZ7: 木３ | BA7: 金３
A8: 3 | B8: =COUNTIF(年計!$D$3:$I$48,AM7) -> 3 | C8: =COUNTIF(年計!$D$3:$I$48,AN7) -> 3 | D8: =COUNTIF(年計!$D$3:$I$48,AO7) -> 3 | E8: =COUNTIF(年計!$D$3:$I$48,AP7) -> 4 | F8: =COUNTIF(年計!$D$3:$I$48,AQ7) -> 4 | G8: =COUNTIF(年計!$J$3:$O$48,AR7) -> 3 | H8: =COUNTIF(年計!$J$3:$O$48,AS7) -> 3 | I8: =COUNTIF(年計!$J$3:$O$48,AT7) -> 3 | J8: =COUNTIF(年計!$J$3:$O$48,AU7) -> 4 | K8: =COUNTIF(年計!$J$3:$O$48,AV7) -> 4 | L8: =COUNTIF(年計!$P$3:$U$48,AW7) -> 3 | M8: =COUNTIF(年計!$P$3:$U$48,AX7) -> 3 | N8: =COUNTIF(年計!$P$3:$U$48,AY7) -> 3 | O8: =COUNTIF(年計!$P$3:$U$48,AZ7) -> 3 | P8: =COUNTIF(年計!$P$3:$U$48,BA7) -> 4 | AM8: 月４ | AN8: 火４ | AO8: 水４ | AP8: 木４ | AQ8: 金４ | AR8: 月４ | AS8: 火４ | AT8: 水４ | AU8: 木４ | AV8: 金４ | AW8: 月４ | AX8: 火４ | AY8: 水４ | AZ8: 木４ | BA8: 金４
A9: 4 | B9: =COUNTIF(年計!$D$3:$I$48,AM8) -> 3 | C9: =COUNTIF(年計!$D$3:$I$48,AN8) -> 3 | D9: =COUNTIF(年計!$D$3:$I$48,AO8) -> 3 | E9: =COUNTIF(年計!$D$3:$I$48,AP8) -> 4 | F9: =COUNTIF(年計!$D$3:$I$48,AQ8) -> 4 | G9: =COUNTIF(年計!$J$3:$O$48,AR8) -> 3 | H9: =COUNTIF(年計!$J$3:$O$48,AS8) -> 3 | I9: =COUNTIF(年計!$J$3:$O$48,AT8) -> 3 | J9: =COUNTIF(年計!$J$3:$O$48,AU8) -> 4 | K9: =COUNTIF(年計!$J$3:$O$48,AV8) -> 4 | L9: =COUNTIF(年計!$P$3:$U$48,AW8) -> 3 | M9: =COUNTIF(年計!$P$3:$U$48,AX8) -> 3 | N9: =COUNTIF(年計!$P$3:$U$48,AY8) -> 3 | O9: =COUNTIF(年計!$P$3:$U$48,AZ8) -> 4 | P9: =COUNTIF(年計!$P$3:$U$48,BA8) -> 4 | AM9: 月５ | AN9: 火５ | AO9: 水５ | AP9: 木５ | AQ9: 金５ | AR9: 月５ | AS9: 火５ | AT9: 水５ | AU9: 木５ | AV9: 金５ | AW9: 月５ | AX9: 火５ | AY9: 水５ | AZ9: 木５ | BA9: 金５
A10: 5 | B10: =COUNTIF(年計!$D$3:$I$48,AM9) -> 4 | C10: =COUNTIF(年計!$D$3:$I$48,AN9) -> 3 | D10: =COUNTIF(年計!$D$3:$I$48,AO9) -> 3 | E10: =COUNTIF(年計!$D$3:$I$48,AP9) -> 3 | F10: =COUNTIF(年計!$D$3:$I$48,AQ9) -> 4 | G10: =COUNTIF(年計!$J$3:$O$48,AR9) -> 4 | H10: =COUNTIF(年計!$J$3:$O$48,AS9) -> 3 | I10: =COUNTIF(年計!$J$3:$O$48,AT9) -> 3 | J10: =COUNTIF(年計!$J$3:$O$48,AU9) -> 3 | K10: =COUNTIF(年計!$J$3:$O$48,AV9) -> 4 | L10: =COUNTIF(年計!$P$3:$U$48,AW9) -> 3 | M10: =COUNTIF(年計!$P$3:$U$48,AX9) -> 3 | N10: =COUNTIF(年計!$P$3:$U$48,AY9) -> 3 | O10: =COUNTIF(年計!$P$3:$U$48,AZ9) -> 3 | P10: =COUNTIF(年計!$P$3:$U$48,BA9) -> 4 | AM10: 月６ | AN10: 火６ | AO10: 水６ | AP10: 木６ | AQ10: 金６ | AR10: 月６ | AS10: 火６ | AT10: 水６ | AU10: 木６ | AV10: 金６ | AW10: 月６ | AX10: 火６ | AY10: 水６ | AZ10: 木６ | BA10: 金６
A11: 6 | B11: =COUNTIF(年計!$D$3:$I$48,AM10) -> 4 | C11: =COUNTIF(年計!$D$3:$I$48,AN10) -> 3 | D11: =COUNTIF(年計!$D$3:$I$48,AO10) -> 4 | F11: =COUNTIF(年計!$D$3:$I$48,AQ10) -> 4 | G11: =COUNTIF(年計!$J$3:$O$48,AR10) -> 4 | H11: =COUNTIF(年計!$J$3:$O$48,AS10) -> 3 | I11: =COUNTIF(年計!$J$3:$O$48,AT10) -> 4 | J11: =COUNTIF(年計!$J$3:$O$48,AU10) -> 0 | K11: =COUNTIF(年計!$J$3:$O$48,AV10) -> 4 | L11: =COUNTIF(年計!$P$3:$U$48,AW10) -> 4 | M11: =COUNTIF(年計!$P$3:$U$48,AX10) -> 3 | N11: =COUNTIF(年計!$P$3:$U$48,AY10) -> 4 | O11: =COUNTIF(年計!$P$3:$U$48,AZ10) -> 0 | P11: =COUNTIF(年計!$P$3:$U$48,BA10) -> 3 | S11: １年 | X11: ２年 | AC11: ３年
A12: ＜確テ～１期末テ＞ | S12: ＜１期末テまで 累計＞
B13: 月 | C13: 火 | D13: 水 | E13: 木 | F13: 金 | G13: 月 | H13: 火 | I13: 水 | J13: 木 | K13: 金 | L13: 月 | M13: 火 | N13: 水 | O13: 木 | P13: 金 | T13: 月 | U13: 火 | V13: 水 | W13: 木 | X13: 金 | Y13: 月 | Z13: 火 | AA13: 水 | AB13: 木 | AC13: 金 | AD13: 月 | AE13: 火 | AF13: 水 | AG13: 木 | AH13: 金 | AM13: 月１ | AN13: 火１ | AO13: 水１ | AP13: 木１ | AQ13: 金１ | AR13: 月１ | AS13: 火１ | AT13: 水１ | AU13: 木１ | AV13: 金１ | AW13: 月１ | AX13: 火１ | AY13: 水１ | AZ13: 木１ | BA13: 金１ | BB13: 月１ | BC13: 火１ | BD13: 水１ | BE13: 木１ | BF13: 金１ | BG13: 月１ | BH13: 火１ | BI13: 水１ | BJ13: 木１ | BK13: 金１ | BL13: 月１ | BM13: 火１ | BN13: 水１ | BO13: 木１ | BP13: 金１
A14: 1 | B14: =COUNTIF(年計!$D$49:$I$86,AM13) -> 5 | C14: =COUNTIF(年計!$D$49:$I$86,AN13) -> 5 | D14: =COUNTIF(年計!$D$49:$I$86,AO13) -> 4 | E14: =COUNTIF(年計!$D$49:$I$86,AP13) -> 5 | F14: =COUNTIF(年計!$D$49:$I$86,AQ13) -> 4 | G14: =COUNTIF(年計!$J$49:$O$86,AR13) -> 5 | H14: =COUNTIF(年計!$J$49:$O$86,AS13) -> 5 | I14: =COUNTIF(年計!$J$49:$O$86,AT13) -> 4 | J14: =COUNTIF(年計!$J$49:$O$86,AU13) -> 5 | K14: =COUNTIF(年計!$J$49:$O$86,AV13) -> 4 | L14: =COUNTIF(年計!$P$49:$U$86,AW13) -> 4 | M14: =COUNTIF(年計!$P$49:$U$86,AX13) -> 3 | N14: =COUNTIF(年計!$P$49:$U$86,AY13) -> 4 | O14: =COUNTIF(年計!$P$49:$U$86,AZ13) -> 3 | P14: =COUNTIF(年計!$P$49:$U$86,BA13) -> 4 | S14: 1 | T14: =COUNTIF(年計!$D$3:$I$86,BB13) -> 8 | U14: =COUNTIF(年計!$D$3:$I$86,BC13) -> 8 | V14: =COUNTIF(年計!$D$3:$I$86,BD13) -> 8 | W14: =COUNTIF(年計!$D$3:$I$86,BE13) -> 9 | X14: =COUNTIF(年計!$D$3:$I$86,BF13) -> 8 | Y14: =COUNTIF(年計!$J$3:$O$86,BG13) -> 8 | Z14: =COUNTIF(年計!$J$3:$O$86,BH13) -> 8 | AA14: =COUNTIF(年計!$J$3:$O$86,BI13) -> 8 | AB14: =COUNTIF(年計!$J$3:$O$86,BJ13) -> 9 | AC14: =COUNTIF(年計!$J$3:$O$86,BK13) -> 8 | AD14: =COUNTIF(年計!$P$3:$U$86,BL13) -> 7 | AE14: =COUNTIF(年計!$P$3:$U$86,BM13) -> 6 | AF14: =COUNTIF(年計!$P$3:$U$86,BN13) -> 8 | AG14: =COUNTIF(年計!$P$3:$U$86,BO13) -> 6 | AH14: =COUNTIF(年計!$P$3:$U$86,BP13) -> 8 | AI14: 定期テスト② | AJ14: =IFERROR(MATCH(AI14,年計!$C$2:$C$368,0),"") | AM14: 月２ | AN14: 火２ | AO14: 水２ | AP14: 木２ | AQ14: 金２ | AR14: 月２ | AS14: 火２ | AT14: 水２ | AU14: 木２ | AV14: 金２ | AW14: 月２ | AX14: 火２ | AY14: 水２ | AZ14: 木２ | BA14: 金２ | BB14: 月２ | BC14: 火２ | BD14: 水２ | BE14: 木２ | BF14: 金２ | BG14: 月２ | BH14: 火２ | BI14: 水２ | BJ14: 木２ | BK14: 金２ | BL14: 月２ | BM14: 火２ | BN14: 水２ | BO14: 木２ | BP14: 金２
A15: 2 | B15: =COUNTIF(年計!$D$49:$I$86,AM14) -> 6 | C15: =COUNTIF(年計!$D$49:$I$86,AN14) -> 6 | D15: =COUNTIF(年計!$D$49:$I$86,AO14) -> 5 | E15: =COUNTIF(年計!$D$49:$I$86,AP14) -> 5 | F15: =COUNTIF(年計!$D$49:$I$86,AQ14) -> 5 | G15: =COUNTIF(年計!$J$49:$O$86,AR14) -> 6 | H15: =COUNTIF(年計!$J$49:$O$86,AS14) -> 6 | I15: =COUNTIF(年計!$J$49:$O$86,AT14) -> 5 | J15: =COUNTIF(年計!$J$49:$O$86,AU14) -> 5 | K15: =COUNTIF(年計!$J$49:$O$86,AV14) -> 5 | L15: =COUNTIF(年計!$P$49:$U$86,AW14) -> 5 | M15: =COUNTIF(年計!$P$49:$U$86,AX14) -> 5 | N15: =COUNTIF(年計!$P$49:$U$86,AY14) -> 4 | O15: =COUNTIF(年計!$P$49:$U$86,AZ14) -> 3 | P15: =COUNTIF(年計!$P$49:$U$86,BA14) -> 4 | S15: 2 | T15: =COUNTIF(年計!$D$3:$I$86,BB14) -> 9 | U15: =COUNTIF(年計!$D$3:$I$86,BC14) -> 9 | V15: =COUNTIF(年計!$D$3:$I$86,BD14) -> 8 | W15: =COUNTIF(年計!$D$3:$I$86,BE14) -> 9 | X15: =COUNTIF(年計!$D$3:$I$86,BF14) -> 9 | Y15: =COUNTIF(年計!$J$3:$O$86,BG14) -> 9 | Z15: =COUNTIF(年計!$J$3:$O$86,BH14) -> 9 | AA15: =COUNTIF(年計!$J$3:$O$86,BI14) -> 8 | AB15: =COUNTIF(年計!$J$3:$O$86,BJ14) -> 9 | AC15: =COUNTIF(年計!$J$3:$O$86,BK14) -> 9 | AD15: =COUNTIF(年計!$P$3:$U$86,BL14) -> 8 | AE15: =COUNTIF(年計!$P$3:$U$86,BM14) -> 8 | AF15: =COUNTIF(年計!$P$3:$U$86,BN14) -> 7 | AG15: =COUNTIF(年計!$P$3:$U$86,BO14) -> 6 | AH15: =COUNTIF(年計!$P$3:$U$86,BP14) -> 8 | AM15: 月３ | AN15: 火３ | AO15: 水３ | AP15: 木３ | AQ15: 金３ | AR15: 月３ | AS15: 火３ | AT15: 水３ | AU15: 木３ | AV15: 金３ | AW15: 月３ | AX15: 火３ | AY15: 水３ | AZ15: 木３ | BA15: 金３ | BB15: 月３ | BC15: 火３ | BD15: 水３ | BE15: 木３ | BF15: 金３ | BG15: 月３ | BH15: 火３ | BI15: 水３ | BJ15: 木３ | BK15: 金３ | BL15: 月３ | BM15: 火３ | BN15: 水３ | BO15: 木３ | BP15: 金３
A16: 3 | B16: =COUNTIF(年計!$D$49:$I$86,AM15) -> 6 | C16: =COUNTIF(年計!$D$49:$I$86,AN15) -> 6 | D16: =COUNTIF(年計!$D$49:$I$86,AO15) -> 5 | E16: =COUNTIF(年計!$D$49:$I$86,AP15) -> 5 | F16: =COUNTIF(年計!$D$49:$I$86,AQ15) -> 5 | G16: =COUNTIF(年計!$J$49:$O$86,AR15) -> 6 | H16: =COUNTIF(年計!$J$49:$O$86,AS15) -> 6 | I16: =COUNTIF(年計!$J$49:$O$86,AT15) -> 5 | J16: =COUNTIF(年計!$J$49:$O$86,AU15) -> 5 | K16: =COUNTIF(年計!$J$49:$O$86,AV15) -> 5 | L16: =COUNTIF(年計!$P$49:$U$86,AW15) -> 5 | M16: =COUNTIF(年計!$P$49:$U$86,AX15) -> 5 | N16: =COUNTIF(年計!$P$49:$U$86,AY15) -> 4 | O16: =COUNTIF(年計!$P$49:$U$86,AZ15) -> 3 | P16: =COUNTIF(年計!$P$49:$U$86,BA15) -> 4 | S16: 3 | T16: =COUNTIF(年計!$D$3:$I$86,BB15) -> 9 | U16: =COUNTIF(年計!$D$3:$I$86,BC15) -> 9 | V16: =COUNTIF(年計!$D$3:$I$86,BD15) -> 8 | W16: =COUNTIF(年計!$D$3:$I$86,BE15) -> 9 | X16: =COUNTIF(年計!$D$3:$I$86,BF15) -> 9 | Y16: =COUNTIF(年計!$J$3:$O$86,BG15) -> 9 | Z16: =COUNTIF(年計!$J$3:$O$86,BH15) -> 9 | AA16: =COUNTIF(年計!$J$3:$O$86,BI15) -> 8 | AB16: =COUNTIF(年計!$J$3:$O$86,BJ15) -> 9 | AC16: =COUNTIF(年計!$J$3:$O$86,BK15) -> 9 | AD16: =COUNTIF(年計!$P$3:$U$86,BL15) -> 8 | AE16: =COUNTIF(年計!$P$3:$U$86,BM15) -> 8 | AF16: =COUNTIF(年計!$P$3:$U$86,BN15) -> 7 | AG16: =COUNTIF(年計!$P$3:$U$86,BO15) -> 6 | AH16: =COUNTIF(年計!$P$3:$U$86,BP15) -> 8 | AM16: 月４ | AN16: 火４ | AO16: 水４ | AP16: 木４ | AQ16: 金４ | AR16: 月４ | AS16: 火４ | AT16: 水４ | AU16: 木４ | AV16: 金４ | AW16: 月４ | AX16: 火４ | AY16: 水４ | AZ16: 木４ | BA16: 金４ | BB16: 月４ | BC16: 火４ | BD16: 水４ | BE16: 木４ | BF16: 金４ | BG16: 月４ | BH16: 火４ | BI16: 水４ | BJ16: 木４ | BK16: 金４ | BL16: 月４ | BM16: 火４ | BN16: 水４ | BO16: 木４ | BP16: 金４
A17: 4 | B17: =COUNTIF(年計!$D$49:$I$86,AM16) -> 6 | C17: =COUNTIF(年計!$D$49:$I$86,AN16) -> 5 | D17: =COUNTIF(年計!$D$49:$I$86,AO16) -> 6 | E17: =COUNTIF(年計!$D$49:$I$86,AP16) -> 5 | F17: =COUNTIF(年計!$D$49:$I$86,AQ16) -> 5 | G17: =COUNTIF(年計!$J$49:$O$86,AR16) -> 6 | H17: =COUNTIF(年計!$J$49:$O$86,AS16) -> 5 | I17: =COUNTIF(年計!$J$49:$O$86,AT16) -> 6 | J17: =COUNTIF(年計!$J$49:$O$86,AU16) -> 5 | K17: =COUNTIF(年計!$J$49:$O$86,AV16) -> 5 | L17: =COUNTIF(年計!$P$49:$U$86,AW16) -> 5 | M17: =COUNTIF(年計!$P$49:$U$86,AX16) -> 4 | N17: =COUNTIF(年計!$P$49:$U$86,AY16) -> 5 | O17: =COUNTIF(年計!$P$49:$U$86,AZ16) -> 3 | P17: =COUNTIF(年計!$P$49:$U$86,BA16) -> 4 | S17: 4 | T17: =COUNTIF(年計!$D$3:$I$86,BB16) -> 9 | U17: =COUNTIF(年計!$D$3:$I$86,BC16) -> 8 | V17: =COUNTIF(年計!$D$3:$I$86,BD16) -> 9 | W17: =COUNTIF(年計!$D$3:$I$86,BE16) -> 9 | X17: =COUNTIF(年計!$D$3:$I$86,BF16) -> 9 | Y17: =COUNTIF(年計!$J$3:$O$86,BG16) -> 9 | Z17: =COUNTIF(年計!$J$3:$O$86,BH16) -> 8 | AA17: =COUNTIF(年計!$J$3:$O$86,BI16) -> 9 | AB17: =COUNTIF(年計!$J$3:$O$86,BJ16) -> 9 | AC17: =COUNTIF(年計!$J$3:$O$86,BK16) -> 9 | AD17: =COUNTIF(年計!$P$3:$U$86,BL16) -> 8 | AE17: =COUNTIF(年計!$P$3:$U$86,BM16) -> 7 | AF17: =COUNTIF(年計!$P$3:$U$86,BN16) -> 8 | AG17: =COUNTIF(年計!$P$3:$U$86,BO16) -> 7 | AH17: =COUNTIF(年計!$P$3:$U$86,BP16) -> 8 | AM17: 月５ | AN17: 火５ | AO17: 水５ | AP17: 木５ | AQ17: 金５ | AR17: 月５ | AS17: 火５ | AT17: 水５ | AU17: 木５ | AV17: 金５ | AW17: 月５ | AX17: 火５ | AY17: 水５ | AZ17: 木５ | BA17: 金５ | BB17: 月５ | BC17: 火５ | BD17: 水５ | BE17: 木５ | BF17: 金５ | BG17: 月５ | BH17: 火５ | BI17: 水５ | BJ17: 木５ | BK17: 金５ | BL17: 月５ | BM17: 火５ | BN17: 水５ | BO17: 木５ | BP17: 金５
A18: 5 | B18: =COUNTIF(年計!$D$49:$I$86,AM17) -> 4 | C18: =COUNTIF(年計!$D$49:$I$86,AN17) -> 5 | D18: =COUNTIF(年計!$D$49:$I$86,AO17) -> 5 | E18: =COUNTIF(年計!$D$49:$I$86,AP17) -> 6 | F18: =COUNTIF(年計!$D$49:$I$86,AQ17) -> 4 | G18: =COUNTIF(年計!$J$49:$O$86,AR17) -> 4 | H18: =COUNTIF(年計!$J$49:$O$86,AS17) -> 5 | I18: =COUNTIF(年計!$J$49:$O$86,AT17) -> 5 | J18: =COUNTIF(年計!$J$49:$O$86,AU17) -> 6 | K18: =COUNTIF(年計!$J$49:$O$86,AV17) -> 4 | L18: =COUNTIF(年計!$P$49:$U$86,AW17) -> 3 | M18: =COUNTIF(年計!$P$49:$U$86,AX17) -> 4 | N18: =COUNTIF(年計!$P$49:$U$86,AY17) -> 4 | O18: =COUNTIF(年計!$P$49:$U$86,AZ17) -> 4 | P18: =COUNTIF(年計!$P$49:$U$86,BA17) -> 3 | S18: 5 | T18: =COUNTIF(年計!$D$3:$I$86,BB17) -> 8 | U18: =COUNTIF(年計!$D$3:$I$86,BC17) -> 8 | V18: =COUNTIF(年計!$D$3:$I$86,BD17) -> 8 | W18: =COUNTIF(年計!$D$3:$I$86,BE17) -> 9 | X18: =COUNTIF(年計!$D$3:$I$86,BF17) -> 8 | Y18: =COUNTIF(年計!$J$3:$O$86,BG17) -> 8 | Z18: =COUNTIF(年計!$J$3:$O$86,BH17) -> 8 | AA18: =COUNTIF(年計!$J$3:$O$86,BI17) -> 8 | AB18: =COUNTIF(年計!$J$3:$O$86,BJ17) -> 9 | AC18: =COUNTIF(年計!$J$3:$O$86,BK17) -> 8 | AD18: =COUNTIF(年計!$P$3:$U$86,BL17) -> 6 | AE18: =COUNTIF(年計!$P$3:$U$86,BM17) -> 7 | AF18: =COUNTIF(年計!$P$3:$U$86,BN17) -> 7 | AG18: =COUNTIF(年計!$P$3:$U$86,BO17) -> 7 | AH18: =COUNTIF(年計!$P$3:$U$86,BP17) -> 7 | AM18: 月６ | AN18: 火６ | AO18: 水６ | AP18: 木６ | AQ18: 金６ | AR18: 月６ | AS18: 火６ | AT18: 水６ | AU18: 木６ | AV18: 金６ | AW18: 月６ | AX18: 火６ | AY18: 水６ | AZ18: 木６ | BA18: 金６ | BB18: 月６ | BC18: 火６ | BD18: 水６ | BE18: 木６ | BF18: 金６ | BG18: 月６ | BH18: 火６ | BI18: 水６ | BJ18: 木６ | BK18: 金６ | BL18: 月６ | BM18: 火６ | BN18: 水６ | BO18: 木６ | BP18: 金６
A19: 6 | B19: =COUNTIF(年計!$D$49:$I$86,AM18) -> 5 | C19: =COUNTIF(年計!$D$49:$I$86,AN18) -> 5 | D19: =COUNTIF(年計!$D$49:$I$86,AO18) -> 5 | F19: =COUNTIF(年計!$D$49:$I$86,AQ18) -> 5 | G19: =COUNTIF(年計!$J$49:$O$86,AR18) -> 5 | H19: =COUNTIF(年計!$J$49:$O$86,AS18) -> 5 | I19: =COUNTIF(年計!$J$49:$O$86,AT18) -> 5 | J19: =COUNTIF(年計!$J$49:$O$86,AU18) -> 0 | K19: =COUNTIF(年計!$J$49:$O$86,AV18) -> 5 | L19: =COUNTIF(年計!$P$49:$U$86,AW18) -> 4 | M19: =COUNTIF(年計!$P$49:$U$86,AX18) -> 3 | N19: =COUNTIF(年計!$P$49:$U$86,AY18) -> 4 | O19: =COUNTIF(年計!$P$49:$U$86,AZ18) -> 0 | P19: =COUNTIF(年計!$P$49:$U$86,BA18) -> 4 | S19: 6 | T19: =COUNTIF(年計!$D$3:$I$86,BB18) -> 9 | U19: =COUNTIF(年計!$D$3:$I$86,BC18) -> 8 | V19: =COUNTIF(年計!$D$3:$I$86,BD18) -> 9 | X19: =COUNTIF(年計!$D$3:$I$86,BF18) -> 9 | Y19: =COUNTIF(年計!$J$3:$O$86,BG18) -> 9 | Z19: =COUNTIF(年計!$J$3:$O$86,BH18) -> 8 | AA19: =COUNTIF(年計!$J$3:$O$86,BI18) -> 9 | AB19: =COUNTIF(年計!$J$3:$O$86,BJ18) -> 0 | AC19: =COUNTIF(年計!$J$3:$O$86,BK18) -> 9 | AD19: =COUNTIF(年計!$P$3:$U$86,BL18) -> 8 | AE19: =COUNTIF(年計!$P$3:$U$86,BM18) -> 6 | AF19: =COUNTIF(年計!$P$3:$U$86,BN18) -> 8 | AG19: =COUNTIF(年計!$P$3:$U$86,BO18) -> 0 | AH19: =COUNTIF(年計!$P$3:$U$86,BP18) -> 7
A20: ＜１期末テ～２期中テ＞ | S20: ＜２期中テまで 累計＞
B21: 月 | C21: 火 | D21: 水 | E21: 木 | F21: 金 | G21: 月 | H21: 火 | I21: 水 | J21: 木 | K21: 金 | L21: 月 | M21: 火 | N21: 水 | O21: 木 | P21: 金 | T21: 月 | U21: 火 | V21: 水 | W21: 木 | X21: 金 | Y21: 月 | Z21: 火 | AA21: 水 | AB21: 木 | AC21: 金 | AD21: 月 | AE21: 火 | AF21: 水 | AG21: 木 | AH21: 金 | AM21: 月１ | AN21: 火１ | AO21: 水１ | AP21: 木１ | AQ21: 金１ | AR21: 月１ | AS21: 火１ | AT21: 水１ | AU21: 木１ | AV21: 金１ | AW21: 月１ | AX21: 火１ | AY21: 水１ | AZ21: 木１ | BA21: 金１ | BB21: 月１ | BC21: 火１ | BD21: 水１ | BE21: 木１ | BF21: 金１ | BG21: 月１ | BH21: 火１ | BI21: 水１ | BJ21: 木１ | BK21: 金１ | BL21: 月１ | BM21: 火１ | BN21: 水１ | BO21: 木１ | BP21: 金１
A22: 1 | B22: =COUNTIF(年計!$D$87:$I$181,AM21) -> 5 | C22: =COUNTIF(年計!$D$87:$I$181,AN21) -> 6 | D22: =COUNTIF(年計!$D$87:$I$181,AO21) -> 5 | E22: =COUNTIF(年計!$D$87:$I$181,AP21) -> 5 | F22: =COUNTIF(年計!$D$87:$I$181,AQ21) -> 5 | G22: =COUNTIF(年計!$J$87:$O$181,AR21) -> 5 | H22: =COUNTIF(年計!$J$87:$O$181,AS21) -> 6 | I22: =COUNTIF(年計!$J$87:$O$181,AT21) -> 5 | J22: =COUNTIF(年計!$J$87:$O$181,AU21) -> 5 | K22: =COUNTIF(年計!$J$87:$O$181,AV21) -> 5 | L22: =COUNTIF(年計!$P$87:$U$181,AW21) -> 5 | M22: =COUNTIF(年計!$P$87:$U$181,AX21) -> 6 | N22: =COUNTIF(年計!$P$87:$U$181,AY21) -> 5 | O22: =COUNTIF(年計!$P$87:$U$181,AZ21) -> 5 | P22: =COUNTIF(年計!$P$87:$U$181,BA21) -> 5 | S22: 1 | T22: =COUNTIF(年計!$D$3:$I$181,BB21) -> 13 | U22: =COUNTIF(年計!$D$3:$I$181,BC21) -> 14 | V22: =COUNTIF(年計!$D$3:$I$181,BD21) -> 13 | W22: =COUNTIF(年計!$D$3:$I$181,BE21) -> 14 | X22: =COUNTIF(年計!$D$3:$I$181,BF21) -> 13 | Y22: =COUNTIF(年計!$J$3:$O$181,BG21) -> 13 | Z22: =COUNTIF(年計!$J$3:$O$181,BH21) -> 14 | AA22: =COUNTIF(年計!$J$3:$O$181,BI21) -> 13 | AB22: =COUNTIF(年計!$J$3:$O$181,BJ21) -> 14 | AC22: =COUNTIF(年計!$J$3:$O$181,BK21) -> 13 | AD22: =COUNTIF(年計!$P$3:$U$181,BL21) -> 12 | AE22: =COUNTIF(年計!$P$3:$U$181,BM21) -> 12 | AF22: =COUNTIF(年計!$P$3:$U$181,BN21) -> 13 | AG22: =COUNTIF(年計!$P$3:$U$181,BO21) -> 11 | AH22: =COUNTIF(年計!$P$3:$U$181,BP21) -> 13 | AI22: 定期テスト③ | AJ22: =IFERROR(MATCH(AI22,年計!$C$2:$C$368,0),"") | AM22: 月２ | AN22: 火２ | AO22: 水２ | AP22: 木２ | AQ22: 金２ | AR22: 月２ | AS22: 火２ | AT22: 水２ | AU22: 木２ | AV22: 金２ | AW22: 月２ | AX22: 火２ | AY22: 水２ | AZ22: 木２ | BA22: 金２ | BB22: 月２ | BC22: 火２ | BD22: 水２ | BE22: 木２ | BF22: 金２ | BG22: 月２ | BH22: 火２ | BI22: 水２ | BJ22: 木２ | BK22: 金２ | BL22: 月２ | BM22: 火２ | BN22: 水２ | BO22: 木２ | BP22: 金２
A23: 2 | B23: =COUNTIF(年計!$D$87:$I$181,AM22) -> 5 | C23: =COUNTIF(年計!$D$87:$I$181,AN22) -> 6 | D23: =COUNTIF(年計!$D$87:$I$181,AO22) -> 6 | E23: =COUNTIF(年計!$D$87:$I$181,AP22) -> 6 | F23: =COUNTIF(年計!$D$87:$I$181,AQ22) -> 5 | G23: =COUNTIF(年計!$J$87:$O$181,AR22) -> 5 | H23: =COUNTIF(年計!$J$87:$O$181,AS22) -> 6 | I23: =COUNTIF(年計!$J$87:$O$181,AT22) -> 6 | J23: =COUNTIF(年計!$J$87:$O$181,AU22) -> 6 | K23: =COUNTIF(年計!$J$87:$O$181,AV22) -> 5 | L23: =COUNTIF(年計!$P$87:$U$181,AW22) -> 5 | M23: =COUNTIF(年計!$P$87:$U$181,AX22) -> 6 | N23: =COUNTIF(年計!$P$87:$U$181,AY22) -> 6 | O23: =COUNTIF(年計!$P$87:$U$181,AZ22) -> 6 | P23: =COUNTIF(年計!$P$87:$U$181,BA22) -> 5 | S23: 2 | T23: =COUNTIF(年計!$D$3:$I$181,BB22) -> 14 | U23: =COUNTIF(年計!$D$3:$I$181,BC22) -> 15 | V23: =COUNTIF(年計!$D$3:$I$181,BD22) -> 14 | W23: =COUNTIF(年計!$D$3:$I$181,BE22) -> 15 | X23: =COUNTIF(年計!$D$3:$I$181,BF22) -> 14 | Y23: =COUNTIF(年計!$J$3:$O$181,BG22) -> 14 | Z23: =COUNTIF(年計!$J$3:$O$181,BH22) -> 15 | AA23: =COUNTIF(年計!$J$3:$O$181,BI22) -> 14 | AB23: =COUNTIF(年計!$J$3:$O$181,BJ22) -> 15 | AC23: =COUNTIF(年計!$J$3:$O$181,BK22) -> 14 | AD23: =COUNTIF(年計!$P$3:$U$181,BL22) -> 13 | AE23: =COUNTIF(年計!$P$3:$U$181,BM22) -> 14 | AF23: =COUNTIF(年計!$P$3:$U$181,BN22) -> 13 | AG23: =COUNTIF(年計!$P$3:$U$181,BO22) -> 12 | AH23: =COUNTIF(年計!$P$3:$U$181,BP22) -> 13 | AM23: 月３ | AN23: 火３ | AO23: 水３ | AP23: 木３ | AQ23: 金３ | AR23: 月３ | AS23: 火３ | AT23: 水３ | AU23: 木３ | AV23: 金３ | AW23: 月３ | AX23: 火３ | AY23: 水３ | AZ23: 木３ | BA23: 金３ | BB23: 月３ | BC23: 火３ | BD23: 水３ | BE23: 木３ | BF23: 金３ | BG23: 月３ | BH23: 火３ | BI23: 水３ | BJ23: 木３ | BK23: 金３ | BL23: 月３ | BM23: 火３ | BN23: 水３ | BO23: 木３ | BP23: 金３
A24: 3 | B24: =COUNTIF(年計!$D$87:$I$181,AM23) -> 5 | C24: =COUNTIF(年計!$D$87:$I$181,AN23) -> 5 | D24: =COUNTIF(年計!$D$87:$I$181,AO23) -> 6 | E24: =COUNTIF(年計!$D$87:$I$181,AP23) -> 6 | F24: =COUNTIF(年計!$D$87:$I$181,AQ23) -> 5 | G24: =COUNTIF(年計!$J$87:$O$181,AR23) -> 5 | H24: =COUNTIF(年計!$J$87:$O$181,AS23) -> 5 | I24: =COUNTIF(年計!$J$87:$O$181,AT23) -> 6 | J24: =COUNTIF(年計!$J$87:$O$181,AU23) -> 6 | K24: =COUNTIF(年計!$J$87:$O$181,AV23) -> 5 | L24: =COUNTIF(年計!$P$87:$U$181,AW23) -> 5 | M24: =COUNTIF(年計!$P$87:$U$181,AX23) -> 5 | N24: =COUNTIF(年計!$P$87:$U$181,AY23) -> 6 | O24: =COUNTIF(年計!$P$87:$U$181,AZ23) -> 5 | P24: =COUNTIF(年計!$P$87:$U$181,BA23) -> 5 | S24: 3 | T24: =COUNTIF(年計!$D$3:$I$181,BB23) -> 14 | U24: =COUNTIF(年計!$D$3:$I$181,BC23) -> 14 | V24: =COUNTIF(年計!$D$3:$I$181,BD23) -> 14 | W24: =COUNTIF(年計!$D$3:$I$181,BE23) -> 15 | X24: =COUNTIF(年計!$D$3:$I$181,BF23) -> 14 | Y24: =COUNTIF(年計!$J$3:$O$181,BG23) -> 14 | Z24: =COUNTIF(年計!$J$3:$O$181,BH23) -> 14 | AA24: =COUNTIF(年計!$J$3:$O$181,BI23) -> 14 | AB24: =COUNTIF(年計!$J$3:$O$181,BJ23) -> 15 | AC24: =COUNTIF(年計!$J$3:$O$181,BK23) -> 14 | AD24: =COUNTIF(年計!$P$3:$U$181,BL23) -> 13 | AE24: =COUNTIF(年計!$P$3:$U$181,BM23) -> 13 | AF24: =COUNTIF(年計!$P$3:$U$181,BN23) -> 13 | AG24: =COUNTIF(年計!$P$3:$U$181,BO23) -> 11 | AH24: =COUNTIF(年計!$P$3:$U$181,BP23) -> 13 | AM24: 月４ | AN24: 火４ | AO24: 水４ | AP24: 木４ | AQ24: 金４ | AR24: 月４ | AS24: 火４ | AT24: 水４ | AU24: 木４ | AV24: 金４ | AW24: 月４ | AX24: 火４ | AY24: 水４ | AZ24: 木４ | BA24: 金４ | BB24: 月４ | BC24: 火４ | BD24: 水４ | BE24: 木４ | BF24: 金４ | BG24: 月４ | BH24: 火４ | BI24: 水４ | BJ24: 木４ | BK24: 金４ | BL24: 月４ | BM24: 火４ | BN24: 水４ | BO24: 木４ | BP24: 金４
A25: 4 | B25: =COUNTIF(年計!$D$87:$I$181,AM24) -> 6 | C25: =COUNTIF(年計!$D$87:$I$181,AN24) -> 6 | D25: =COUNTIF(年計!$D$87:$I$181,AO24) -> 5 | E25: =COUNTIF(年計!$D$87:$I$181,AP24) -> 6 | F25: =COUNTIF(年計!$D$87:$I$181,AQ24) -> 5 | G25: =COUNTIF(年計!$J$87:$O$181,AR24) -> 6 | H25: =COUNTIF(年計!$J$87:$O$181,AS24) -> 6 | I25: =COUNTIF(年計!$J$87:$O$181,AT24) -> 5 | J25: =COUNTIF(年計!$J$87:$O$181,AU24) -> 6 | K25: =COUNTIF(年計!$J$87:$O$181,AV24) -> 5 | L25: =COUNTIF(年計!$P$87:$U$181,AW24) -> 5 | M25: =COUNTIF(年計!$P$87:$U$181,AX24) -> 6 | N25: =COUNTIF(年計!$P$87:$U$181,AY24) -> 5 | O25: =COUNTIF(年計!$P$87:$U$181,AZ24) -> 6 | P25: =COUNTIF(年計!$P$87:$U$181,BA24) -> 5 | S25: 4 | T25: =COUNTIF(年計!$D$3:$I$181,BB24) -> 15 | U25: =COUNTIF(年計!$D$3:$I$181,BC24) -> 14 | V25: =COUNTIF(年計!$D$3:$I$181,BD24) -> 14 | W25: =COUNTIF(年計!$D$3:$I$181,BE24) -> 15 | X25: =COUNTIF(年計!$D$3:$I$181,BF24) -> 14 | Y25: =COUNTIF(年計!$J$3:$O$181,BG24) -> 15 | Z25: =COUNTIF(年計!$J$3:$O$181,BH24) -> 14 | AA25: =COUNTIF(年計!$J$3:$O$181,BI24) -> 14 | AB25: =COUNTIF(年計!$J$3:$O$181,BJ24) -> 15 | AC25: =COUNTIF(年計!$J$3:$O$181,BK24) -> 14 | AD25: =COUNTIF(年計!$P$3:$U$181,BL24) -> 13 | AE25: =COUNTIF(年計!$P$3:$U$181,BM24) -> 13 | AF25: =COUNTIF(年計!$P$3:$U$181,BN24) -> 13 | AG25: =COUNTIF(年計!$P$3:$U$181,BO24) -> 13 | AH25: =COUNTIF(年計!$P$3:$U$181,BP24) -> 13 | AM25: 月５ | AN25: 火５ | AO25: 水５ | AP25: 木５ | AQ25: 金５ | AR25: 月５ | AS25: 火５ | AT25: 水５ | AU25: 木５ | AV25: 金５ | AW25: 月５ | AX25: 火５ | AY25: 水５ | AZ25: 木５ | BA25: 金５ | BB25: 月５ | BC25: 火５ | BD25: 水５ | BE25: 木５ | BF25: 金５ | BG25: 月５ | BH25: 火５ | BI25: 水５ | BJ25: 木５ | BK25: 金５ | BL25: 月５ | BM25: 火５ | BN25: 水５ | BO25: 木５ | BP25: 金５
A26: 5 | B26: =COUNTIF(年計!$D$87:$I$181,AM25) -> 5 | C26: =COUNTIF(年計!$D$87:$I$181,AN25) -> 4 | D26: =COUNTIF(年計!$D$87:$I$181,AO25) -> 4 | E26: =COUNTIF(年計!$D$87:$I$181,AP25) -> 5 | F26: =COUNTIF(年計!$D$87:$I$181,AQ25) -> 5 | G26: =COUNTIF(年計!$J$87:$O$181,AR25) -> 5 | H26: =COUNTIF(年計!$J$87:$O$181,AS25) -> 4 | I26: =COUNTIF(年計!$J$87:$O$181,AT25) -> 4 | J26: =COUNTIF(年計!$J$87:$O$181,AU25) -> 5 | K26: =COUNTIF(年計!$J$87:$O$181,AV25) -> 5 | L26: =COUNTIF(年計!$P$87:$U$181,AW25) -> 5 | M26: =COUNTIF(年計!$P$87:$U$181,AX25) -> 4 | N26: =COUNTIF(年計!$P$87:$U$181,AY25) -> 4 | O26: =COUNTIF(年計!$P$87:$U$181,AZ25) -> 4 | P26: =COUNTIF(年計!$P$87:$U$181,BA25) -> 4 | S26: 5 | T26: =COUNTIF(年計!$D$3:$I$181,BB25) -> 13 | U26: =COUNTIF(年計!$D$3:$I$181,BC25) -> 12 | V26: =COUNTIF(年計!$D$3:$I$181,BD25) -> 12 | W26: =COUNTIF(年計!$D$3:$I$181,BE25) -> 14 | X26: =COUNTIF(年計!$D$3:$I$181,BF25) -> 13 | Y26: =COUNTIF(年計!$J$3:$O$181,BG25) -> 13 | Z26: =COUNTIF(年計!$J$3:$O$181,BH25) -> 12 | AA26: =COUNTIF(年計!$J$3:$O$181,BI25) -> 12 | AB26: =COUNTIF(年計!$J$3:$O$181,BJ25) -> 14 | AC26: =COUNTIF(年計!$J$3:$O$181,BK25) -> 13 | AD26: =COUNTIF(年計!$P$3:$U$181,BL25) -> 11 | AE26: =COUNTIF(年計!$P$3:$U$181,BM25) -> 11 | AF26: =COUNTIF(年計!$P$3:$U$181,BN25) -> 11 | AG26: =COUNTIF(年計!$P$3:$U$181,BO25) -> 11 | AH26: =COUNTIF(年計!$P$3:$U$181,BP25) -> 11 | AM26: 月６ | AN26: 火６ | AO26: 水６ | AP26: 木６ | AQ26: 金６ | AR26: 月６ | AS26: 火６ | AT26: 水６ | AU26: 木６ | AV26: 金６ | AW26: 月６ | AX26: 火６ | AY26: 水６ | AZ26: 木６ | BA26: 金６ | BB26: 月６ | BC26: 火６ | BD26: 水６ | BE26: 木６ | BF26: 金６ | BG26: 月６ | BH26: 火６ | BI26: 水６ | BJ26: 木６ | BK26: 金６ | BL26: 月６ | BM26: 火６ | BN26: 水６ | BO26: 木６ | BP26: 金６
A27: 6 | B27: =COUNTIF(年計!$D$87:$I$181,AM26) -> 5 | C27: =COUNTIF(年計!$D$87:$I$181,AN26) -> 6 | D27: =COUNTIF(年計!$D$87:$I$181,AO26) -> 5 | E27: =COUNTIF(年計!$D$87:$I$181,AP26) -> 0 | F27: =COUNTIF(年計!$D$87:$I$181,AQ26) -> 6 | G27: =COUNTIF(年計!$J$87:$O$181,AR26) -> 5 | H27: =COUNTIF(年計!$J$87:$O$181,AS26) -> 6 | I27: =COUNTIF(年計!$J$87:$O$181,AT26) -> 5 | J27: =COUNTIF(年計!$J$87:$O$181,AU26) -> 0 | K27: =COUNTIF(年計!$J$87:$O$181,AV26) -> 6 | L27: =COUNTIF(年計!$P$87:$U$181,AW26) -> 5 | M27: =COUNTIF(年計!$P$87:$U$181,AX26) -> 6 | N27: =COUNTIF(年計!$P$87:$U$181,AY26) -> 5 | O27: =COUNTIF(年計!$P$87:$U$181,AZ26) -> 0 | P27: =COUNTIF(年計!$P$87:$U$181,BA26) -> 5 | S27: 6 | T27: =COUNTIF(年計!$D$3:$I$181,BB26) -> 14 | U27: =COUNTIF(年計!$D$3:$I$181,BC26) -> 14 | V27: =COUNTIF(年計!$D$3:$I$181,BD26) -> 14 | W27: =COUNTIF(年計!$D$3:$I$181,BE26) -> 0 | X27: =COUNTIF(年計!$D$3:$I$181,BF26) -> 15 | Y27: =COUNTIF(年計!$J$3:$O$181,BG26) -> 14 | Z27: =COUNTIF(年計!$J$3:$O$181,BH26) -> 14 | AA27: =COUNTIF(年計!$J$3:$O$181,BI26) -> 14 | AB27: =COUNTIF(年計!$J$3:$O$181,BJ26) -> 0 | AC27: =COUNTIF(年計!$J$3:$O$181,BK26) -> 15 | AD27: =COUNTIF(年計!$P$3:$U$181,BL26) -> 13 | AE27: =COUNTIF(年計!$P$3:$U$181,BM26) -> 12 | AF27: =COUNTIF(年計!$P$3:$U$181,BN26) -> 13 | AG27: =COUNTIF(年計!$P$3:$U$181,BO26) -> 0 | AH27: =COUNTIF(年計!$P$3:$U$181,BP26) -> 12
A28: ＜２期中テ～２期末テ＞ | S28: ＜２期末テまで 累計＞
B29: 月 | C29: 火 | D29: 水 | E29: 木 | F29: 金 | G29: 月 | H29: 火 | I29: 水 | J29: 木 | K29: 金 | L29: 月 | M29: 火 | N29: 水 | O29: 木 | P29: 金 | T29: 月 | U29: 火 | V29: 水 | W29: 木 | X29: 金 | Y29: 月 | Z29: 火 | AA29: 水 | AB29: 木 | AC29: 金 | AD29: 月 | AE29: 火 | AF29: 水 | AG29: 木 | AH29: 金 | AM29: 月１ | AN29: 火１ | AO29: 水１ | AP29: 木１ | AQ29: 金１ | AR29: 月１ | AS29: 火１ | AT29: 水１ | AU29: 木１ | AV29: 金１ | AW29: 月１ | AX29: 火１ | AY29: 水１ | AZ29: 木１ | BA29: 金１ | BB29: 月１ | BC29: 火１ | BD29: 水１ | BE29: 木１ | BF29: 金１ | BG29: 月１ | BH29: 火１ | BI29: 水１ | BJ29: 木１ | BK29: 金１ | BL29: 月１ | BM29: 火１ | BN29: 水１ | BO29: 木１ | BP29: 金１
A30: 1 | B30: =COUNTIF(年計!$D$182:$I$232,AM29) -> 6 | C30: =COUNTIF(年計!$D$182:$I$232,AN29) -> 5 | D30: =COUNTIF(年計!$D$182:$I$232,AO29) -> 6 | E30: =COUNTIF(年計!$D$182:$I$232,AP29) -> 5 | F30: =COUNTIF(年計!$D$182:$I$232,AQ29) -> 6 | G30: =COUNTIF(年計!$J$182:$O$232,AR29) -> 6 | H30: =COUNTIF(年計!$J$182:$O$232,AS29) -> 5 | I30: =COUNTIF(年計!$J$182:$O$232,AT29) -> 6 | J30: =COUNTIF(年計!$J$182:$O$232,AU29) -> 5 | K30: =COUNTIF(年計!$J$182:$O$232,AV29) -> 6 | L30: =COUNTIF(年計!$P$182:$U$232,AW29) -> 6 | M30: =COUNTIF(年計!$P$182:$U$232,AX29) -> 5 | N30: =COUNTIF(年計!$P$182:$U$232,AY29) -> 6 | O30: =COUNTIF(年計!$P$182:$U$232,AZ29) -> 5 | P30: =COUNTIF(年計!$P$182:$U$232,BA29) -> 5 | S30: 1 | T30: =COUNTIF(年計!$D$3:$I$232,BB29) -> 19 | U30: =COUNTIF(年計!$D$3:$I$232,BC29) -> 19 | V30: =COUNTIF(年計!$D$3:$I$232,BD29) -> 19 | W30: =COUNTIF(年計!$D$3:$I$232,BE29) -> 19 | X30: =COUNTIF(年計!$D$3:$I$232,BF29) -> 19 | Y30: =COUNTIF(年計!$J$3:$O$232,BG29) -> 19 | Z30: =COUNTIF(年計!$J$3:$O$232,BH29) -> 19 | AA30: =COUNTIF(年計!$J$3:$O$232,BI29) -> 19 | AB30: =COUNTIF(年計!$J$3:$O$232,BJ29) -> 19 | AC30: =COUNTIF(年計!$J$3:$O$232,BK29) -> 19 | AD30: =COUNTIF(年計!$P$3:$U$232,BL29) -> 18 | AE30: =COUNTIF(年計!$P$3:$U$232,BM29) -> 17 | AF30: =COUNTIF(年計!$P$3:$U$232,BN29) -> 19 | AG30: =COUNTIF(年計!$P$3:$U$232,BO29) -> 16 | AH30: =COUNTIF(年計!$P$3:$U$232,BP29) -> 18 | AI30: 定期テスト④ | AJ30: =IFERROR(MATCH(AI30,年計!$C$2:$C$368,0),"") | AM30: 月２ | AN30: 火２ | AO30: 水２ | AP30: 木２ | AQ30: 金２ | AR30: 月２ | AS30: 火２ | AT30: 水２ | AU30: 木２ | AV30: 金２ | AW30: 月２ | AX30: 火２ | AY30: 水２ | AZ30: 木２ | BA30: 金２ | BB30: 月２ | BC30: 火２ | BD30: 水２ | BE30: 木２ | BF30: 金２ | BG30: 月２ | BH30: 火２ | BI30: 水２ | BJ30: 木２ | BK30: 金２ | BL30: 月２ | BM30: 火２ | BN30: 水２ | BO30: 木２ | BP30: 金２
A31: 2 | B31: =COUNTIF(年計!$D$182:$I$232,AM30) -> 6 | C31: =COUNTIF(年計!$D$182:$I$232,AN30) -> 5 | D31: =COUNTIF(年計!$D$182:$I$232,AO30) -> 5 | E31: =COUNTIF(年計!$D$182:$I$232,AP30) -> 5 | F31: =COUNTIF(年計!$D$182:$I$232,AQ30) -> 6 | G31: =COUNTIF(年計!$J$182:$O$232,AR30) -> 6 | H31: =COUNTIF(年計!$J$182:$O$232,AS30) -> 5 | I31: =COUNTIF(年計!$J$182:$O$232,AT30) -> 5 | J31: =COUNTIF(年計!$J$182:$O$232,AU30) -> 5 | K31: =COUNTIF(年計!$J$182:$O$232,AV30) -> 6 | L31: =COUNTIF(年計!$P$182:$U$232,AW30) -> 6 | M31: =COUNTIF(年計!$P$182:$U$232,AX30) -> 5 | N31: =COUNTIF(年計!$P$182:$U$232,AY30) -> 5 | O31: =COUNTIF(年計!$P$182:$U$232,AZ30) -> 5 | P31: =COUNTIF(年計!$P$182:$U$232,BA30) -> 5 | S31: 2 | T31: =COUNTIF(年計!$D$3:$I$232,BB30) -> 20 | U31: =COUNTIF(年計!$D$3:$I$232,BC30) -> 20 | V31: =COUNTIF(年計!$D$3:$I$232,BD30) -> 19 | W31: =COUNTIF(年計!$D$3:$I$232,BE30) -> 20 | X31: =COUNTIF(年計!$D$3:$I$232,BF30) -> 20 | Y31: =COUNTIF(年計!$J$3:$O$232,BG30) -> 20 | Z31: =COUNTIF(年計!$J$3:$O$232,BH30) -> 20 | AA31: =COUNTIF(年計!$J$3:$O$232,BI30) -> 19 | AB31: =COUNTIF(年計!$J$3:$O$232,BJ30) -> 20 | AC31: =COUNTIF(年計!$J$3:$O$232,BK30) -> 20 | AD31: =COUNTIF(年計!$P$3:$U$232,BL30) -> 19 | AE31: =COUNTIF(年計!$P$3:$U$232,BM30) -> 19 | AF31: =COUNTIF(年計!$P$3:$U$232,BN30) -> 18 | AG31: =COUNTIF(年計!$P$3:$U$232,BO30) -> 17 | AH31: =COUNTIF(年計!$P$3:$U$232,BP30) -> 18 | AM31: 月３ | AN31: 火３ | AO31: 水３ | AP31: 木３ | AQ31: 金３ | AR31: 月３ | AS31: 火３ | AT31: 水３ | AU31: 木３ | AV31: 金３ | AW31: 月３ | AX31: 火３ | AY31: 水３ | AZ31: 木３ | BA31: 金３ | BB31: 月３ | BC31: 火３ | BD31: 水３ | BE31: 木３ | BF31: 金３ | BG31: 月３ | BH31: 火３ | BI31: 水３ | BJ31: 木３ | BK31: 金３ | BL31: 月３ | BM31: 火３ | BN31: 水３ | BO31: 木３ | BP31: 金３
A32: 3 | B32: =COUNTIF(年計!$D$182:$I$232,AM31) -> 6 | C32: =COUNTIF(年計!$D$182:$I$232,AN31) -> 6 | D32: =COUNTIF(年計!$D$182:$I$232,AO31) -> 5 | E32: =COUNTIF(年計!$D$182:$I$232,AP31) -> 5 | F32: =COUNTIF(年計!$D$182:$I$232,AQ31) -> 6 | G32: =COUNTIF(年計!$J$182:$O$232,AR31) -> 6 | H32: =COUNTIF(年計!$J$182:$O$232,AS31) -> 6 | I32: =COUNTIF(年計!$J$182:$O$232,AT31) -> 5 | J32: =COUNTIF(年計!$J$182:$O$232,AU31) -> 5 | K32: =COUNTIF(年計!$J$182:$O$232,AV31) -> 6 | L32: =COUNTIF(年計!$P$182:$U$232,AW31) -> 6 | M32: =COUNTIF(年計!$P$182:$U$232,AX31) -> 6 | N32: =COUNTIF(年計!$P$182:$U$232,AY31) -> 5 | O32: =COUNTIF(年計!$P$182:$U$232,AZ31) -> 5 | P32: =COUNTIF(年計!$P$182:$U$232,BA31) -> 5 | S32: 3 | T32: =COUNTIF(年計!$D$3:$I$232,BB31) -> 20 | U32: =COUNTIF(年計!$D$3:$I$232,BC31) -> 20 | V32: =COUNTIF(年計!$D$3:$I$232,BD31) -> 19 | W32: =COUNTIF(年計!$D$3:$I$232,BE31) -> 20 | X32: =COUNTIF(年計!$D$3:$I$232,BF31) -> 20 | Y32: =COUNTIF(年計!$J$3:$O$232,BG31) -> 20 | Z32: =COUNTIF(年計!$J$3:$O$232,BH31) -> 20 | AA32: =COUNTIF(年計!$J$3:$O$232,BI31) -> 19 | AB32: =COUNTIF(年計!$J$3:$O$232,BJ31) -> 20 | AC32: =COUNTIF(年計!$J$3:$O$232,BK31) -> 20 | AD32: =COUNTIF(年計!$P$3:$U$232,BL31) -> 19 | AE32: =COUNTIF(年計!$P$3:$U$232,BM31) -> 19 | AF32: =COUNTIF(年計!$P$3:$U$232,BN31) -> 18 | AG32: =COUNTIF(年計!$P$3:$U$232,BO31) -> 16 | AH32: =COUNTIF(年計!$P$3:$U$232,BP31) -> 18 | AM32: 月４ | AN32: 火４ | AO32: 水４ | AP32: 木４ | AQ32: 金４ | AR32: 月４ | AS32: 火４ | AT32: 水４ | AU32: 木４ | AV32: 金４ | AW32: 月４ | AX32: 火４ | AY32: 水４ | AZ32: 木４ | BA32: 金４ | BB32: 月４ | BC32: 火４ | BD32: 水４ | BE32: 木４ | BF32: 金４ | BG32: 月４ | BH32: 火４ | BI32: 水４ | BJ32: 木４ | BK32: 金４ | BL32: 月４ | BM32: 火４ | BN32: 水４ | BO32: 木４ | BP32: 金４
A33: 4 | B33: =COUNTIF(年計!$D$182:$I$232,AM32) -> 5 | C33: =COUNTIF(年計!$D$182:$I$232,AN32) -> 5 | D33: =COUNTIF(年計!$D$182:$I$232,AO32) -> 5 | E33: =COUNTIF(年計!$D$182:$I$232,AP32) -> 5 | F33: =COUNTIF(年計!$D$182:$I$232,AQ32) -> 5 | G33: =COUNTIF(年計!$J$182:$O$232,AR32) -> 5 | H33: =COUNTIF(年計!$J$182:$O$232,AS32) -> 5 | I33: =COUNTIF(年計!$J$182:$O$232,AT32) -> 5 | J33: =COUNTIF(年計!$J$182:$O$232,AU32) -> 5 | K33: =COUNTIF(年計!$J$182:$O$232,AV32) -> 5 | L33: =COUNTIF(年計!$P$182:$U$232,AW32) -> 5 | M33: =COUNTIF(年計!$P$182:$U$232,AX32) -> 5 | N33: =COUNTIF(年計!$P$182:$U$232,AY32) -> 5 | O33: =COUNTIF(年計!$P$182:$U$232,AZ32) -> 5 | P33: =COUNTIF(年計!$P$182:$U$232,BA32) -> 4 | S33: 4 | T33: =COUNTIF(年計!$D$3:$I$232,BB32) -> 20 | U33: =COUNTIF(年計!$D$3:$I$232,BC32) -> 19 | V33: =COUNTIF(年計!$D$3:$I$232,BD32) -> 19 | W33: =COUNTIF(年計!$D$3:$I$232,BE32) -> 20 | X33: =COUNTIF(年計!$D$3:$I$232,BF32) -> 19 | Y33: =COUNTIF(年計!$J$3:$O$232,BG32) -> 20 | Z33: =COUNTIF(年計!$J$3:$O$232,BH32) -> 19 | AA33: =COUNTIF(年計!$J$3:$O$232,BI32) -> 19 | AB33: =COUNTIF(年計!$J$3:$O$232,BJ32) -> 20 | AC33: =COUNTIF(年計!$J$3:$O$232,BK32) -> 19 | AD33: =COUNTIF(年計!$P$3:$U$232,BL32) -> 18 | AE33: =COUNTIF(年計!$P$3:$U$232,BM32) -> 18 | AF33: =COUNTIF(年計!$P$3:$U$232,BN32) -> 18 | AG33: =COUNTIF(年計!$P$3:$U$232,BO32) -> 18 | AH33: =COUNTIF(年計!$P$3:$U$232,BP32) -> 17 | AM33: 月５ | AN33: 火５ | AO33: 水５ | AP33: 木５ | AQ33: 金５ | AR33: 月５ | AS33: 火５ | AT33: 水５ | AU33: 木５ | AV33: 金５ | AW33: 月５ | AX33: 火５ | AY33: 水５ | AZ33: 木５ | BA33: 金５ | BB33: 月５ | BC33: 火５ | BD33: 水５ | BE33: 木５ | BF33: 金５ | BG33: 月５ | BH33: 火５ | BI33: 水５ | BJ33: 木５ | BK33: 金５ | BL33: 月５ | BM33: 火５ | BN33: 水５ | BO33: 木５ | BP33: 金５
A34: 5 | B34: =COUNTIF(年計!$D$182:$I$232,AM33) -> 5 | C34: =COUNTIF(年計!$D$182:$I$232,AN33) -> 5 | D34: =COUNTIF(年計!$D$182:$I$232,AO33) -> 5 | E34: =COUNTIF(年計!$D$182:$I$232,AP33) -> 4 | F34: =COUNTIF(年計!$D$182:$I$232,AQ33) -> 5 | G34: =COUNTIF(年計!$J$182:$O$232,AR33) -> 5 | H34: =COUNTIF(年計!$J$182:$O$232,AS33) -> 5 | I34: =COUNTIF(年計!$J$182:$O$232,AT33) -> 5 | J34: =COUNTIF(年計!$J$182:$O$232,AU33) -> 4 | K34: =COUNTIF(年計!$J$182:$O$232,AV33) -> 5 | L34: =COUNTIF(年計!$P$182:$U$232,AW33) -> 5 | M34: =COUNTIF(年計!$P$182:$U$232,AX33) -> 4 | N34: =COUNTIF(年計!$P$182:$U$232,AY33) -> 5 | O34: =COUNTIF(年計!$P$182:$U$232,AZ33) -> 4 | P34: =COUNTIF(年計!$P$182:$U$232,BA33) -> 4 | S34: 5 | T34: =COUNTIF(年計!$D$3:$I$232,BB33) -> 18 | U34: =COUNTIF(年計!$D$3:$I$232,BC33) -> 17 | V34: =COUNTIF(年計!$D$3:$I$232,BD33) -> 17 | W34: =COUNTIF(年計!$D$3:$I$232,BE33) -> 18 | X34: =COUNTIF(年計!$D$3:$I$232,BF33) -> 18 | Y34: =COUNTIF(年計!$J$3:$O$232,BG33) -> 18 | Z34: =COUNTIF(年計!$J$3:$O$232,BH33) -> 17 | AA34: =COUNTIF(年計!$J$3:$O$232,BI33) -> 17 | AB34: =COUNTIF(年計!$J$3:$O$232,BJ33) -> 18 | AC34: =COUNTIF(年計!$J$3:$O$232,BK33) -> 18 | AD34: =COUNTIF(年計!$P$3:$U$232,BL33) -> 16 | AE34: =COUNTIF(年計!$P$3:$U$232,BM33) -> 15 | AF34: =COUNTIF(年計!$P$3:$U$232,BN33) -> 16 | AG34: =COUNTIF(年計!$P$3:$U$232,BO33) -> 15 | AH34: =COUNTIF(年計!$P$3:$U$232,BP33) -> 15 | AM34: 月６ | AN34: 火６ | AO34: 水６ | AP34: 木６ | AQ34: 金６ | AR34: 月６ | AS34: 火６ | AT34: 水６ | AU34: 木６ | AV34: 金６ | AW34: 月６ | AX34: 火６ | AY34: 水６ | AZ34: 木６ | BA34: 金６ | BB34: 月６ | BC34: 火６ | BD34: 水６ | BE34: 木６ | BF34: 金６ | BG34: 月６ | BH34: 火６ | BI34: 水６ | BJ34: 木６ | BK34: 金６ | BL34: 月６ | BM34: 火６ | BN34: 水６ | BO34: 木６ | BP34: 金６
A35: 6 | B35: =COUNTIF(年計!$D$182:$I$232,AM34) -> 5 | C35: =COUNTIF(年計!$D$182:$I$232,AN34) -> 6 | D35: =COUNTIF(年計!$D$182:$I$232,AO34) -> 5 | E35: =COUNTIF(年計!$D$182:$I$232,AP34) -> 0 | F35: =COUNTIF(年計!$D$182:$I$232,AQ34) -> 5 | G35: =COUNTIF(年計!$J$182:$O$232,AR34) -> 5 | H35: =COUNTIF(年計!$J$182:$O$232,AS34) -> 6 | I35: =COUNTIF(年計!$J$182:$O$232,AT34) -> 5 | J35: =COUNTIF(年計!$J$182:$O$232,AU34) -> 0 | K35: =COUNTIF(年計!$J$182:$O$232,AV34) -> 5 | L35: =COUNTIF(年計!$P$182:$U$232,AW34) -> 5 | M35: =COUNTIF(年計!$P$182:$U$232,AX34) -> 5 | N35: =COUNTIF(年計!$P$182:$U$232,AY34) -> 5 | O35: =COUNTIF(年計!$P$182:$U$232,AZ34) -> 0 | P35: =COUNTIF(年計!$P$182:$U$232,BA34) -> 5 | S35: 6 | T35: =COUNTIF(年計!$D$3:$I$232,BB34) -> 19 | U35: =COUNTIF(年計!$D$3:$I$232,BC34) -> 20 | V35: =COUNTIF(年計!$D$3:$I$232,BD34) -> 19 | W35: =COUNTIF(年計!$D$3:$I$232,BE34) -> 0 | X35: =COUNTIF(年計!$D$3:$I$232,BF34) -> 20 | Y35: =COUNTIF(年計!$J$3:$O$232,BG34) -> 19 | Z35: =COUNTIF(年計!$J$3:$O$232,BH34) -> 20 | AA35: =COUNTIF(年計!$J$3:$O$232,BI34) -> 19 | AB35: =COUNTIF(年計!$J$3:$O$232,BJ34) -> 0 | AC35: =COUNTIF(年計!$J$3:$O$232,BK34) -> 20 | AD35: =COUNTIF(年計!$P$3:$U$232,BL34) -> 18 | AE35: =COUNTIF(年計!$P$3:$U$232,BM34) -> 17 | AF35: =COUNTIF(年計!$P$3:$U$232,BN34) -> 18 | AG35: =COUNTIF(年計!$P$3:$U$232,BO34) -> 0 | AH35: =COUNTIF(年計!$P$3:$U$232,BP34) -> 17
A36: ＜２期末テ～12月末＞ | S36: ＜12月末まで 累計＞
B37: 月 | C37: 火 | D37: 水 | E37: 木 | F37: 金 | G37: 月 | H37: 火 | I37: 水 | J37: 木 | K37: 金 | L37: 月 | M37: 火 | N37: 水 | O37: 木 | P37: 金 | T37: 月 | U37: 火 | V37: 水 | W37: 木 | X37: 金 | Y37: 月 | Z37: 火 | AA37: 水 | AB37: 木 | AC37: 金 | AD37: 月 | AE37: 火 | AF37: 水 | AG37: 木 | AH37: 金 | AM37: 月１ | AN37: 火１ | AO37: 水１ | AP37: 木１ | AQ37: 金１ | AR37: 月１ | AS37: 火１ | AT37: 水１ | AU37: 木１ | AV37: 金１ | AW37: 月１ | AX37: 火１ | AY37: 水１ | AZ37: 木１ | BA37: 金１ | BB37: 月１ | BC37: 火１ | BD37: 水１ | BE37: 木１ | BF37: 金１ | BG37: 月１ | BH37: 火１ | BI37: 水１ | BJ37: 木１ | BK37: 金１ | BL37: 月１ | BM37: 火１ | BN37: 水１ | BO37: 木１ | BP37: 金１
A38: 1 | B38: =COUNTIF(年計!$D$233:$I$277,AM37) -> 5 | C38: =COUNTIF(年計!$D$233:$I$277,AN37) -> 5 | D38: =COUNTIF(年計!$D$233:$I$277,AO37) -> 4 | E38: =COUNTIF(年計!$D$233:$I$277,AP37) -> 3 | F38: =COUNTIF(年計!$D$233:$I$277,AQ37) -> 4 | G38: =COUNTIF(年計!$J$233:$O$277,AR37) -> 5 | H38: =COUNTIF(年計!$J$233:$O$277,AS37) -> 5 | I38: =COUNTIF(年計!$J$233:$O$277,AT37) -> 4 | J38: =COUNTIF(年計!$J$233:$O$277,AU37) -> 3 | K38: =COUNTIF(年計!$J$233:$O$277,AV37) -> 4 | L38: =COUNTIF(年計!$P$233:$U$277,AW37) -> 5 | M38: =COUNTIF(年計!$P$233:$U$277,AX37) -> 5 | N38: =COUNTIF(年計!$P$233:$U$277,AY37) -> 4 | O38: =COUNTIF(年計!$P$233:$U$277,AZ37) -> 3 | P38: =COUNTIF(年計!$P$233:$U$277,BA37) -> 3 | S38: 1 | T38: =COUNTIF(年計!$D$3:$I$277,BB37) -> 24 | U38: =COUNTIF(年計!$D$3:$I$277,BC37) -> 24 | V38: =COUNTIF(年計!$D$3:$I$277,BD37) -> 23 | W38: =COUNTIF(年計!$D$3:$I$277,BE37) -> 22 | X38: =COUNTIF(年計!$D$3:$I$277,BF37) -> 23 | Y38: =COUNTIF(年計!$J$3:$O$277,BG37) -> 24 | Z38: =COUNTIF(年計!$J$3:$O$277,BH37) -> 24 | AA38: =COUNTIF(年計!$J$3:$O$277,BI37) -> 23 | AB38: =COUNTIF(年計!$J$3:$O$277,BJ37) -> 22 | AC38: =COUNTIF(年計!$J$3:$O$277,BK37) -> 23 | AD38: =COUNTIF(年計!$P$3:$U$277,BL37) -> 23 | AE38: =COUNTIF(年計!$P$3:$U$277,BM37) -> 22 | AF38: =COUNTIF(年計!$P$3:$U$277,BN37) -> 23 | AG38: =COUNTIF(年計!$P$3:$U$277,BO37) -> 19 | AH38: =COUNTIF(年計!$P$3:$U$277,BP37) -> 21 | AI38: 2学期終業式 | AJ38: =IFERROR(MATCH(AI38,年計!$C$2:$C$368,0),"") | AM38: 月２ | AN38: 火２ | AO38: 水２ | AP38: 木２ | AQ38: 金２ | AR38: 月２ | AS38: 火２ | AT38: 水２ | AU38: 木２ | AV38: 金２ | AW38: 月２ | AX38: 火２ | AY38: 水２ | AZ38: 木２ | BA38: 金２ | BB38: 月２ | BC38: 火２ | BD38: 水２ | BE38: 木２ | BF38: 金２ | BG38: 月２ | BH38: 火２ | BI38: 水２ | BJ38: 木２ | BK38: 金２ | BL38: 月２ | BM38: 火２ | BN38: 水２ | BO38: 木２ | BP38: 金２
A39: 2 | B39: =COUNTIF(年計!$D$233:$I$277,AM38) -> 4 | C39: =COUNTIF(年計!$D$233:$I$277,AN38) -> 5 | D39: =COUNTIF(年計!$D$233:$I$277,AO38) -> 4 | E39: =COUNTIF(年計!$D$233:$I$277,AP38) -> 4 | F39: =COUNTIF(年計!$D$233:$I$277,AQ38) -> 4 | G39: =COUNTIF(年計!$J$233:$O$277,AR38) -> 4 | H39: =COUNTIF(年計!$J$233:$O$277,AS38) -> 5 | I39: =COUNTIF(年計!$J$233:$O$277,AT38) -> 4 | J39: =COUNTIF(年計!$J$233:$O$277,AU38) -> 4 | K39: =COUNTIF(年計!$J$233:$O$277,AV38) -> 4 | L39: =COUNTIF(年計!$P$233:$U$277,AW38) -> 4 | M39: =COUNTIF(年計!$P$233:$U$277,AX38) -> 4 | N39: =COUNTIF(年計!$P$233:$U$277,AY38) -> 4 | O39: =COUNTIF(年計!$P$233:$U$277,AZ38) -> 4 | P39: =COUNTIF(年計!$P$233:$U$277,BA38) -> 4 | S39: 2 | T39: =COUNTIF(年計!$D$3:$I$277,BB38) -> 24 | U39: =COUNTIF(年計!$D$3:$I$277,BC38) -> 25 | V39: =COUNTIF(年計!$D$3:$I$277,BD38) -> 23 | W39: =COUNTIF(年計!$D$3:$I$277,BE38) -> 24 | X39: =COUNTIF(年計!$D$3:$I$277,BF38) -> 24 | Y39: =COUNTIF(年計!$J$3:$O$277,BG38) -> 24 | Z39: =COUNTIF(年計!$J$3:$O$277,BH38) -> 25 | AA39: =COUNTIF(年計!$J$3:$O$277,BI38) -> 23 | AB39: =COUNTIF(年計!$J$3:$O$277,BJ38) -> 24 | AC39: =COUNTIF(年計!$J$3:$O$277,BK38) -> 24 | AD39: =COUNTIF(年計!$P$3:$U$277,BL38) -> 23 | AE39: =COUNTIF(年計!$P$3:$U$277,BM38) -> 23 | AF39: =COUNTIF(年計!$P$3:$U$277,BN38) -> 22 | AG39: =COUNTIF(年計!$P$3:$U$277,BO38) -> 21 | AH39: =COUNTIF(年計!$P$3:$U$277,BP38) -> 22 | AM39: 月３ | AN39: 火３ | AO39: 水３ | AP39: 木３ | AQ39: 金３ | AR39: 月３ | AS39: 火３ | AT39: 水３ | AU39: 木３ | AV39: 金３ | AW39: 月３ | AX39: 火３ | AY39: 水３ | AZ39: 木３ | BA39: 金３ | BB39: 月３ | BC39: 火３ | BD39: 水３ | BE39: 木３ | BF39: 金３ | BG39: 月３ | BH39: 火３ | BI39: 水３ | BJ39: 木３ | BK39: 金３ | BL39: 月３ | BM39: 火３ | BN39: 水３ | BO39: 木３ | BP39: 金３
A40: 3 | B40: =COUNTIF(年計!$D$233:$I$277,AM39) -> 4 | C40: =COUNTIF(年計!$D$233:$I$277,AN39) -> 4 | D40: =COUNTIF(年計!$D$233:$I$277,AO39) -> 4 | E40: =COUNTIF(年計!$D$233:$I$277,AP39) -> 4 | F40: =COUNTIF(年計!$D$233:$I$277,AQ39) -> 5 | G40: =COUNTIF(年計!$J$233:$O$277,AR39) -> 4 | H40: =COUNTIF(年計!$J$233:$O$277,AS39) -> 4 | I40: =COUNTIF(年計!$J$233:$O$277,AT39) -> 5 | J40: =COUNTIF(年計!$J$233:$O$277,AU39) -> 4 | K40: =COUNTIF(年計!$J$233:$O$277,AV39) -> 5 | L40: =COUNTIF(年計!$P$233:$U$277,AW39) -> 4 | M40: =COUNTIF(年計!$P$233:$U$277,AX39) -> 4 | N40: =COUNTIF(年計!$P$233:$U$277,AY39) -> 4 | O40: =COUNTIF(年計!$P$233:$U$277,AZ39) -> 4 | P40: =COUNTIF(年計!$P$233:$U$277,BA39) -> 4 | S40: 3 | T40: =COUNTIF(年計!$D$3:$I$277,BB39) -> 24 | U40: =COUNTIF(年計!$D$3:$I$277,BC39) -> 24 | V40: =COUNTIF(年計!$D$3:$I$277,BD39) -> 23 | W40: =COUNTIF(年計!$D$3:$I$277,BE39) -> 24 | X40: =COUNTIF(年計!$D$3:$I$277,BF39) -> 25 | Y40: =COUNTIF(年計!$J$3:$O$277,BG39) -> 24 | Z40: =COUNTIF(年計!$J$3:$O$277,BH39) -> 24 | AA40: =COUNTIF(年計!$J$3:$O$277,BI39) -> 24 | AB40: =COUNTIF(年計!$J$3:$O$277,BJ39) -> 24 | AC40: =COUNTIF(年計!$J$3:$O$277,BK39) -> 25 | AD40: =COUNTIF(年計!$P$3:$U$277,BL39) -> 23 | AE40: =COUNTIF(年計!$P$3:$U$277,BM39) -> 23 | AF40: =COUNTIF(年計!$P$3:$U$277,BN39) -> 22 | AG40: =COUNTIF(年計!$P$3:$U$277,BO39) -> 20 | AH40: =COUNTIF(年計!$P$3:$U$277,BP39) -> 22 | AM40: 月４ | AN40: 火４ | AO40: 水４ | AP40: 木４ | AQ40: 金４ | AR40: 月４ | AS40: 火４ | AT40: 水４ | AU40: 木４ | AV40: 金４ | AW40: 月４ | AX40: 火４ | AY40: 水４ | AZ40: 木４ | BA40: 金４ | BB40: 月４ | BC40: 火４ | BD40: 水４ | BE40: 木４ | BF40: 金４ | BG40: 月４ | BH40: 火４ | BI40: 水４ | BJ40: 木４ | BK40: 金４ | BL40: 月４ | BM40: 火４ | BN40: 水４ | BO40: 木４ | BP40: 金４
A41: 4 | B41: =COUNTIF(年計!$D$233:$I$277,AM40) -> 4 | C41: =COUNTIF(年計!$D$233:$I$277,AN40) -> 5 | D41: =COUNTIF(年計!$D$233:$I$277,AO40) -> 4 | E41: =COUNTIF(年計!$D$233:$I$277,AP40) -> 4 | F41: =COUNTIF(年計!$D$233:$I$277,AQ40) -> 5 | G41: =COUNTIF(年計!$J$233:$O$277,AR40) -> 4 | H41: =COUNTIF(年計!$J$233:$O$277,AS40) -> 5 | I41: =COUNTIF(年計!$J$233:$O$277,AT40) -> 4 | J41: =COUNTIF(年計!$J$233:$O$277,AU40) -> 4 | K41: =COUNTIF(年計!$J$233:$O$277,AV40) -> 5 | L41: =COUNTIF(年計!$P$233:$U$277,AW40) -> 4 | M41: =COUNTIF(年計!$P$233:$U$277,AX40) -> 5 | N41: =COUNTIF(年計!$P$233:$U$277,AY40) -> 4 | O41: =COUNTIF(年計!$P$233:$U$277,AZ40) -> 4 | P41: =COUNTIF(年計!$P$233:$U$277,BA40) -> 4 | S41: 4 | T41: =COUNTIF(年計!$D$3:$I$277,BB40) -> 24 | U41: =COUNTIF(年計!$D$3:$I$277,BC40) -> 24 | V41: =COUNTIF(年計!$D$3:$I$277,BD40) -> 23 | W41: =COUNTIF(年計!$D$3:$I$277,BE40) -> 24 | X41: =COUNTIF(年計!$D$3:$I$277,BF40) -> 24 | Y41: =COUNTIF(年計!$J$3:$O$277,BG40) -> 24 | Z41: =COUNTIF(年計!$J$3:$O$277,BH40) -> 24 | AA41: =COUNTIF(年計!$J$3:$O$277,BI40) -> 23 | AB41: =COUNTIF(年計!$J$3:$O$277,BJ40) -> 24 | AC41: =COUNTIF(年計!$J$3:$O$277,BK40) -> 24 | AD41: =COUNTIF(年計!$P$3:$U$277,BL40) -> 22 | AE41: =COUNTIF(年計!$P$3:$U$277,BM40) -> 23 | AF41: =COUNTIF(年計!$P$3:$U$277,BN40) -> 22 | AG41: =COUNTIF(年計!$P$3:$U$277,BO40) -> 22 | AH41: =COUNTIF(年計!$P$3:$U$277,BP40) -> 21 | AM41: 月５ | AN41: 火５ | AO41: 水５ | AP41: 木５ | AQ41: 金５ | AR41: 月５ | AS41: 火５ | AT41: 水５ | AU41: 木５ | AV41: 金５ | AW41: 月５ | AX41: 火５ | AY41: 水５ | AZ41: 木５ | BA41: 金５ | BB41: 月５ | BC41: 火５ | BD41: 水５ | BE41: 木５ | BF41: 金５ | BG41: 月５ | BH41: 火５ | BI41: 水５ | BJ41: 木５ | BK41: 金５ | BL41: 月５ | BM41: 火５ | BN41: 水５ | BO41: 木５ | BP41: 金５
A42: 5 | B42: =COUNTIF(年計!$D$233:$I$277,AM41) -> 4 | C42: =COUNTIF(年計!$D$233:$I$277,AN41) -> 3 | D42: =COUNTIF(年計!$D$233:$I$277,AO41) -> 3 | E42: =COUNTIF(年計!$D$233:$I$277,AP41) -> 3 | F42: =COUNTIF(年計!$D$233:$I$277,AQ41) -> 3 | G42: =COUNTIF(年計!$J$233:$O$277,AR41) -> 4 | H42: =COUNTIF(年計!$J$233:$O$277,AS41) -> 4 | I42: =COUNTIF(年計!$J$233:$O$277,AT41) -> 3 | J42: =COUNTIF(年計!$J$233:$O$277,AU41) -> 3 | K42: =COUNTIF(年計!$J$233:$O$277,AV41) -> 3 | L42: =COUNTIF(年計!$P$233:$U$277,AW41) -> 5 | M42: =COUNTIF(年計!$P$233:$U$277,AX41) -> 3 | N42: =COUNTIF(年計!$P$233:$U$277,AY41) -> 3 | O42: =COUNTIF(年計!$P$233:$U$277,AZ41) -> 3 | P42: =COUNTIF(年計!$P$233:$U$277,BA41) -> 3 | S42: 5 | T42: =COUNTIF(年計!$D$3:$I$277,BB41) -> 22 | U42: =COUNTIF(年計!$D$3:$I$277,BC41) -> 20 | V42: =COUNTIF(年計!$D$3:$I$277,BD41) -> 20 | W42: =COUNTIF(年計!$D$3:$I$277,BE41) -> 21 | X42: =COUNTIF(年計!$D$3:$I$277,BF41) -> 21 | Y42: =COUNTIF(年計!$J$3:$O$277,BG41) -> 22 | Z42: =COUNTIF(年計!$J$3:$O$277,BH41) -> 21 | AA42: =COUNTIF(年計!$J$3:$O$277,BI41) -> 20 | AB42: =COUNTIF(年計!$J$3:$O$277,BJ41) -> 21 | AC42: =COUNTIF(年計!$J$3:$O$277,BK41) -> 21 | AD42: =COUNTIF(年計!$P$3:$U$277,BL41) -> 21 | AE42: =COUNTIF(年計!$P$3:$U$277,BM41) -> 18 | AF42: =COUNTIF(年計!$P$3:$U$277,BN41) -> 19 | AG42: =COUNTIF(年計!$P$3:$U$277,BO41) -> 18 | AH42: =COUNTIF(年計!$P$3:$U$277,BP41) -> 18 | AM42: 月６ | AN42: 火６ | AO42: 水６ | AP42: 木６ | AQ42: 金６ | AR42: 月６ | AS42: 火６ | AT42: 水６ | AU42: 木６ | AV42: 金６ | AW42: 月６ | AX42: 火６ | AY42: 水６ | AZ42: 木６ | BA42: 金６ | BB42: 月６ | BC42: 火６ | BD42: 水６ | BE42: 木６ | BF42: 金６ | BG42: 月６ | BH42: 火６ | BI42: 水６ | BJ42: 木６ | BK42: 金６ | BL42: 月６ | BM42: 火６ | BN42: 水６ | BO42: 木６ | BP42: 金６
A43: 6 | B43: =COUNTIF(年計!$D$233:$I$277,AM42) -> 3 | C43: =COUNTIF(年計!$D$233:$I$277,AN42) -> 5 | D43: =COUNTIF(年計!$D$233:$I$277,AO42) -> 3 | E43: =COUNTIF(年計!$D$233:$I$277,AP42) -> 0 | F43: =COUNTIF(年計!$D$233:$I$277,AQ42) -> 4 | G43: =COUNTIF(年計!$J$233:$O$277,AR42) -> 4 | H43: =COUNTIF(年計!$J$233:$O$277,AS42) -> 5 | I43: =COUNTIF(年計!$J$233:$O$277,AT42) -> 3 | J43: =COUNTIF(年計!$J$233:$O$277,AU42) -> 0 | K43: =COUNTIF(年計!$J$233:$O$277,AV42) -> 5 | L43: =COUNTIF(年計!$P$233:$U$277,AW42) -> 4 | M43: =COUNTIF(年計!$P$233:$U$277,AX42) -> 5 | N43: =COUNTIF(年計!$P$233:$U$277,AY42) -> 3 | O43: =COUNTIF(年計!$P$233:$U$277,AZ42) -> 0 | P43: =COUNTIF(年計!$P$233:$U$277,BA42) -> 5 | S43: 6 | T43: =COUNTIF(年計!$D$3:$I$277,BB42) -> 22 | U43: =COUNTIF(年計!$D$3:$I$277,BC42) -> 25 | V43: =COUNTIF(年計!$D$3:$I$277,BD42) -> 22 | W43: =COUNTIF(年計!$D$3:$I$277,BE42) -> 0 | X43: =COUNTIF(年計!$D$3:$I$277,BF42) -> 24 | Y43: =COUNTIF(年計!$J$3:$O$277,BG42) -> 23 | Z43: =COUNTIF(年計!$J$3:$O$277,BH42) -> 25 | AA43: =COUNTIF(年計!$J$3:$O$277,BI42) -> 22 | AB43: =COUNTIF(年計!$J$3:$O$277,BJ42) -> 0 | AC43: =COUNTIF(年計!$J$3:$O$277,BK42) -> 25 | AD43: =COUNTIF(年計!$P$3:$U$277,BL42) -> 22 | AE43: =COUNTIF(年計!$P$3:$U$277,BM42) -> 22 | AF43: =COUNTIF(年計!$P$3:$U$277,BN42) -> 21 | AG43: =COUNTIF(年計!$P$3:$U$277,BO42) -> 0 | AH43: =COUNTIF(年計!$P$3:$U$277,BP42) -> 22
A44: ＜1月初め～１２年学年末テ＞ | S44: ＜１２年学年末テまで 累計＞
B45: 月 | C45: 火 | D45: 水 | E45: 木 | F45: 金 | G45: 月 | H45: 火 | I45: 水 | J45: 木 | K45: 金 | L45: 月 | M45: 火 | N45: 水 | O45: 木 | P45: 金 | T45: 月 | U45: 火 | V45: 水 | W45: 木 | X45: 金 | Y45: 月 | Z45: 火 | AA45: 水 | AB45: 木 | AC45: 金 | AD45: 月 | AE45: 火 | AF45: 水 | AG45: 木 | AH45: 金 | AI45: 12年定期テスト⑤ | AJ45: =IFERROR(MATCH(AI45,年計!$C$2:$C$368,0),"") | AM45: 月１ | AN45: 火１ | AO45: 水１ | AP45: 木１ | AQ45: 金１ | AR45: 月１ | AS45: 火１ | AT45: 水１ | AU45: 木１ | AV45: 金１ | AW45: 月１ | AX45: 火１ | AY45: 水１ | AZ45: 木１ | BA45: 金１ | BB45: 月１ | BC45: 火１ | BD45: 水１ | BE45: 木１ | BF45: 金１ | BG45: 月１ | BH45: 火１ | BI45: 水１ | BJ45: 木１ | BK45: 金１ | BL45: 月１ | BM45: 火１ | BN45: 水１ | BO45: 木１ | BP45: 金１
A46: 1 | B46: =COUNTIF(年計!$D$278:$I$324,AM45) -> 4 | C46: =COUNTIF(年計!$D$278:$I$324,AN45) -> 4 | D46: =COUNTIF(年計!$D$278:$I$324,AO45) -> 5 | E46: =COUNTIF(年計!$D$278:$I$324,AP45) -> 7 | F46: =COUNTIF(年計!$D$278:$I$324,AQ45) -> 6 | G46: =COUNTIF(年計!$J$278:$O$324,AR45) -> 4 | H46: =COUNTIF(年計!$J$278:$O$324,AS45) -> 4 | I46: =COUNTIF(年計!$J$278:$O$324,AT45) -> 5 | J46: =COUNTIF(年計!$J$278:$O$324,AU45) -> 6 | K46: =COUNTIF(年計!$J$278:$O$324,AV45) -> 5 | L46: =COUNTIF(年計!$P$278:$U$324,AW45) -> 4 | M46: =COUNTIF(年計!$P$278:$U$324,AX45) -> 3 | N46: =COUNTIF(年計!$P$278:$U$324,AY45) -> 5 | O46: =COUNTIF(年計!$P$278:$U$324,AZ45) -> 7 | P46: =COUNTIF(年計!$P$278:$U$324,BA45) -> 6 | S46: 1 | T46: =COUNTIF(年計!$D$3:$I$324,BB45) -> 28 | U46: =COUNTIF(年計!$D$3:$I$324,BC45) -> 28 | V46: =COUNTIF(年計!$D$3:$I$324,BD45) -> 28 | W46: =COUNTIF(年計!$D$3:$I$324,BE45) -> 29 | X46: =COUNTIF(年計!$D$3:$I$324,BF45) -> 29 | Y46: =COUNTIF(年計!$J$3:$O$324,BG45) -> 28 | Z46: =COUNTIF(年計!$J$3:$O$324,BH45) -> 28 | AA46: =COUNTIF(年計!$J$3:$O$324,BI45) -> 28 | AB46: =COUNTIF(年計!$J$3:$O$324,BJ45) -> 28 | AC46: =COUNTIF(年計!$J$3:$O$324,BK45) -> 28 | AD46: =COUNTIF(年計!$P$3:$U$324,BL45) -> 27 | AE46: =COUNTIF(年計!$P$3:$U$324,BM45) -> 25 | AF46: =COUNTIF(年計!$P$3:$U$324,BN45) -> 28 | AG46: =COUNTIF(年計!$P$3:$U$324,BO45) -> 26 | AH46: =COUNTIF(年計!$P$3:$U$324,BP45) -> 27 | AM46: 月２ | AN46: 火２ | AO46: 水２ | AP46: 木２ | AQ46: 金２ | AR46: 月２ | AS46: 火２ | AT46: 水２ | AU46: 木２ | AV46: 金２ | AW46: 月２ | AX46: 火２ | AY46: 水２ | AZ46: 木２ | BA46: 金２ | BB46: 月２ | BC46: 火２ | BD46: 水２ | BE46: 木２ | BF46: 金２ | BG46: 月２ | BH46: 火２ | BI46: 水２ | BJ46: 木２ | BK46: 金２ | BL46: 月２ | BM46: 火２ | BN46: 水２ | BO46: 木２ | BP46: 金２
A47: 2 | B47: =COUNTIF(年計!$D$278:$I$324,AM46) -> 5 | C47: =COUNTIF(年計!$D$278:$I$324,AN46) -> 5 | D47: =COUNTIF(年計!$D$278:$I$324,AO46) -> 6 | E47: =COUNTIF(年計!$D$278:$I$324,AP46) -> 5 | F47: =COUNTIF(年計!$D$278:$I$324,AQ46) -> 5 | G47: =COUNTIF(年計!$J$278:$O$324,AR46) -> 5 | H47: =COUNTIF(年計!$J$278:$O$324,AS46) -> 4 | I47: =COUNTIF(年計!$J$278:$O$324,AT46) -> 5 | J47: =COUNTIF(年計!$J$278:$O$324,AU46) -> 5 | K47: =COUNTIF(年計!$J$278:$O$324,AV46) -> 5 | L47: =COUNTIF(年計!$P$278:$U$324,AW46) -> 4 | M47: =COUNTIF(年計!$P$278:$U$324,AX46) -> 5 | N47: =COUNTIF(年計!$P$278:$U$324,AY46) -> 6 | O47: =COUNTIF(年計!$P$278:$U$324,AZ46) -> 5 | P47: =COUNTIF(年計!$P$278:$U$324,BA46) -> 5 | S47: 2 | T47: =COUNTIF(年計!$D$3:$I$324,BB46) -> 29 | U47: =COUNTIF(年計!$D$3:$I$324,BC46) -> 30 | V47: =COUNTIF(年計!$D$3:$I$324,BD46) -> 29 | W47: =COUNTIF(年計!$D$3:$I$324,BE46) -> 29 | X47: =COUNTIF(年計!$D$3:$I$324,BF46) -> 29 | Y47: =COUNTIF(年計!$J$3:$O$324,BG46) -> 29 | Z47: =COUNTIF(年計!$J$3:$O$324,BH46) -> 29 | AA47: =COUNTIF(年計!$J$3:$O$324,BI46) -> 28 | AB47: =COUNTIF(年計!$J$3:$O$324,BJ46) -> 29 | AC47: =COUNTIF(年計!$J$3:$O$324,BK46) -> 29 | AD47: =COUNTIF(年計!$P$3:$U$324,BL46) -> 27 | AE47: =COUNTIF(年計!$P$3:$U$324,BM46) -> 28 | AF47: =COUNTIF(年計!$P$3:$U$324,BN46) -> 28 | AG47: =COUNTIF(年計!$P$3:$U$324,BO46) -> 26 | AH47: =COUNTIF(年計!$P$3:$U$324,BP46) -> 27 | AM47: 月３ | AN47: 火３ | AO47: 水３ | AP47: 木３ | AQ47: 金３ | AR47: 月３ | AS47: 火３ | AT47: 水３ | AU47: 木３ | AV47: 金３ | AW47: 月３ | AX47: 火３ | AY47: 水３ | AZ47: 木３ | BA47: 金３ | BB47: 月３ | BC47: 火３ | BD47: 水３ | BE47: 木３ | BF47: 金３ | BG47: 月３ | BH47: 火３ | BI47: 水３ | BJ47: 木３ | BK47: 金３ | BL47: 月３ | BM47: 火３ | BN47: 水３ | BO47: 木３ | BP47: 金３
A48: 3 | B48: =COUNTIF(年計!$D$278:$I$324,AM47) -> 5 | C48: =COUNTIF(年計!$D$278:$I$324,AN47) -> 5 | D48: =COUNTIF(年計!$D$278:$I$324,AO47) -> 5 | E48: =COUNTIF(年計!$D$278:$I$324,AP47) -> 6 | F48: =COUNTIF(年計!$D$278:$I$324,AQ47) -> 4 | G48: =COUNTIF(年計!$J$278:$O$324,AR47) -> 5 | H48: =COUNTIF(年計!$J$278:$O$324,AS47) -> 5 | I48: =COUNTIF(年計!$J$278:$O$324,AT47) -> 5 | J48: =COUNTIF(年計!$J$278:$O$324,AU47) -> 5 | K48: =COUNTIF(年計!$J$278:$O$324,AV47) -> 4 | L48: =COUNTIF(年計!$P$278:$U$324,AW47) -> 4 | M48: =COUNTIF(年計!$P$278:$U$324,AX47) -> 5 | N48: =COUNTIF(年計!$P$278:$U$324,AY47) -> 5 | O48: =COUNTIF(年計!$P$278:$U$324,AZ47) -> 6 | P48: =COUNTIF(年計!$P$278:$U$324,BA47) -> 4 | S48: 3 | T48: =COUNTIF(年計!$D$3:$I$324,BB47) -> 29 | U48: =COUNTIF(年計!$D$3:$I$324,BC47) -> 29 | V48: =COUNTIF(年計!$D$3:$I$324,BD47) -> 28 | W48: =COUNTIF(年計!$D$3:$I$324,BE47) -> 30 | X48: =COUNTIF(年計!$D$3:$I$324,BF47) -> 29 | Y48: =COUNTIF(年計!$J$3:$O$324,BG47) -> 29 | Z48: =COUNTIF(年計!$J$3:$O$324,BH47) -> 29 | AA48: =COUNTIF(年計!$J$3:$O$324,BI47) -> 29 | AB48: =COUNTIF(年計!$J$3:$O$324,BJ47) -> 29 | AC48: =COUNTIF(年計!$J$3:$O$324,BK47) -> 29 | AD48: =COUNTIF(年計!$P$3:$U$324,BL47) -> 27 | AE48: =COUNTIF(年計!$P$3:$U$324,BM47) -> 28 | AF48: =COUNTIF(年計!$P$3:$U$324,BN47) -> 27 | AG48: =COUNTIF(年計!$P$3:$U$324,BO47) -> 26 | AH48: =COUNTIF(年計!$P$3:$U$324,BP47) -> 26 | AM48: 月４ | AN48: 火４ | AO48: 水４ | AP48: 木４ | AQ48: 金４ | AR48: 月４ | AS48: 火４ | AT48: 水４ | AU48: 木４ | AV48: 金４ | AW48: 月４ | AX48: 火４ | AY48: 水４ | AZ48: 木４ | BA48: 金４ | BB48: 月４ | BC48: 火４ | BD48: 水４ | BE48: 木４ | BF48: 金４ | BG48: 月４ | BH48: 火４ | BI48: 水４ | BJ48: 木４ | BK48: 金４ | BL48: 月４ | BM48: 火４ | BN48: 水４ | BO48: 木４ | BP48: 金４
A49: 4 | B49: =COUNTIF(年計!$D$278:$I$324,AM48) -> 5 | C49: =COUNTIF(年計!$D$278:$I$324,AN48) -> 5 | D49: =COUNTIF(年計!$D$278:$I$324,AO48) -> 6 | E49: =COUNTIF(年計!$D$278:$I$324,AP48) -> 5 | F49: =COUNTIF(年計!$D$278:$I$324,AQ48) -> 5 | G49: =COUNTIF(年計!$J$278:$O$324,AR48) -> 5 | H49: =COUNTIF(年計!$J$278:$O$324,AS48) -> 5 | I49: =COUNTIF(年計!$J$278:$O$324,AT48) -> 5 | J49: =COUNTIF(年計!$J$278:$O$324,AU48) -> 4 | K49: =COUNTIF(年計!$J$278:$O$324,AV48) -> 5 | L49: =COUNTIF(年計!$P$278:$U$324,AW48) -> 5 | M49: =COUNTIF(年計!$P$278:$U$324,AX48) -> 4 | N49: =COUNTIF(年計!$P$278:$U$324,AY48) -> 5 | O49: =COUNTIF(年計!$P$278:$U$324,AZ48) -> 4 | P49: =COUNTIF(年計!$P$278:$U$324,BA48) -> 4 | S49: 4 | T49: =COUNTIF(年計!$D$3:$I$324,BB48) -> 29 | U49: =COUNTIF(年計!$D$3:$I$324,BC48) -> 29 | V49: =COUNTIF(年計!$D$3:$I$324,BD48) -> 29 | W49: =COUNTIF(年計!$D$3:$I$324,BE48) -> 29 | X49: =COUNTIF(年計!$D$3:$I$324,BF48) -> 29 | Y49: =COUNTIF(年計!$J$3:$O$324,BG48) -> 29 | Z49: =COUNTIF(年計!$J$3:$O$324,BH48) -> 29 | AA49: =COUNTIF(年計!$J$3:$O$324,BI48) -> 28 | AB49: =COUNTIF(年計!$J$3:$O$324,BJ48) -> 28 | AC49: =COUNTIF(年計!$J$3:$O$324,BK48) -> 29 | AD49: =COUNTIF(年計!$P$3:$U$324,BL48) -> 27 | AE49: =COUNTIF(年計!$P$3:$U$324,BM48) -> 27 | AF49: =COUNTIF(年計!$P$3:$U$324,BN48) -> 27 | AG49: =COUNTIF(年計!$P$3:$U$324,BO48) -> 26 | AH49: =COUNTIF(年計!$P$3:$U$324,BP48) -> 25 | AM49: 月５ | AN49: 火５ | AO49: 水５ | AP49: 木５ | AQ49: 金５ | AR49: 月５ | AS49: 火５ | AT49: 水５ | AU49: 木５ | AV49: 金５ | AW49: 月５ | AX49: 火５ | AY49: 水５ | AZ49: 木５ | BA49: 金５ | BB49: 月５ | BC49: 火５ | BD49: 水５ | BE49: 木５ | BF49: 金５ | BG49: 月５ | BH49: 火５ | BI49: 水５ | BJ49: 木５ | BK49: 金５ | BL49: 月５ | BM49: 火５ | BN49: 水５ | BO49: 木５ | BP49: 金５
A50: 5 | B50: =COUNTIF(年計!$D$278:$I$324,AM49) -> 4 | C50: =COUNTIF(年計!$D$278:$I$324,AN49) -> 6 | D50: =COUNTIF(年計!$D$278:$I$324,AO49) -> 6 | E50: =COUNTIF(年計!$D$278:$I$324,AP49) -> 5 | F50: =COUNTIF(年計!$D$278:$I$324,AQ49) -> 5 | G50: =COUNTIF(年計!$J$278:$O$324,AR49) -> 4 | H50: =COUNTIF(年計!$J$278:$O$324,AS49) -> 5 | I50: =COUNTIF(年計!$J$278:$O$324,AT49) -> 5 | J50: =COUNTIF(年計!$J$278:$O$324,AU49) -> 5 | K50: =COUNTIF(年計!$J$278:$O$324,AV49) -> 5 | L50: =COUNTIF(年計!$P$278:$U$324,AW49) -> 3 | M50: =COUNTIF(年計!$P$278:$U$324,AX49) -> 4 | N50: =COUNTIF(年計!$P$278:$U$324,AY49) -> 5 | O50: =COUNTIF(年計!$P$278:$U$324,AZ49) -> 3 | P50: =COUNTIF(年計!$P$278:$U$324,BA49) -> 3 | S50: 5 | T50: =COUNTIF(年計!$D$3:$I$324,BB49) -> 26 | U50: =COUNTIF(年計!$D$3:$I$324,BC49) -> 26 | V50: =COUNTIF(年計!$D$3:$I$324,BD49) -> 26 | W50: =COUNTIF(年計!$D$3:$I$324,BE49) -> 26 | X50: =COUNTIF(年計!$D$3:$I$324,BF49) -> 26 | Y50: =COUNTIF(年計!$J$3:$O$324,BG49) -> 26 | Z50: =COUNTIF(年計!$J$3:$O$324,BH49) -> 26 | AA50: =COUNTIF(年計!$J$3:$O$324,BI49) -> 25 | AB50: =COUNTIF(年計!$J$3:$O$324,BJ49) -> 26 | AC50: =COUNTIF(年計!$J$3:$O$324,BK49) -> 26 | AD50: =COUNTIF(年計!$P$3:$U$324,BL49) -> 24 | AE50: =COUNTIF(年計!$P$3:$U$324,BM49) -> 22 | AF50: =COUNTIF(年計!$P$3:$U$324,BN49) -> 24 | AG50: =COUNTIF(年計!$P$3:$U$324,BO49) -> 21 | AH50: =COUNTIF(年計!$P$3:$U$324,BP49) -> 21 | AM50: 月６ | AN50: 火６ | AO50: 水６ | AP50: 木６ | AQ50: 金６ | AR50: 月６ | AS50: 火６ | AT50: 水６ | AU50: 木６ | AV50: 金６ | AW50: 月６ | AX50: 火６ | AY50: 水６ | AZ50: 木６ | BA50: 金６ | BB50: 月６ | BC50: 火６ | BD50: 水６ | BE50: 木６ | BF50: 金６ | BG50: 月６ | BH50: 火６ | BI50: 水６ | BJ50: 木６ | BK50: 金６ | BL50: 月６ | BM50: 火６ | BN50: 水６ | BO50: 木６ | BP50: 金６
A51: 6 | B51: =COUNTIF(年計!$D$278:$I$324,AM50) -> 6 | C51: =COUNTIF(年計!$D$278:$I$324,AN50) -> 5 | D51: =COUNTIF(年計!$D$278:$I$324,AO50) -> 7 | E51: =COUNTIF(年計!$D$278:$I$324,AP50) -> 0 | F51: =COUNTIF(年計!$D$278:$I$324,AQ50) -> 5 | G51: =COUNTIF(年計!$J$278:$O$324,AR50) -> 6 | H51: =COUNTIF(年計!$J$278:$O$324,AS50) -> 5 | I51: =COUNTIF(年計!$J$278:$O$324,AT50) -> 6 | J51: =COUNTIF(年計!$J$278:$O$324,AU50) -> 0 | K51: =COUNTIF(年計!$J$278:$O$324,AV50) -> 4 | L51: =COUNTIF(年計!$P$278:$U$324,AW50) -> 5 | M51: =COUNTIF(年計!$P$278:$U$324,AX50) -> 3 | N51: =COUNTIF(年計!$P$278:$U$324,AY50) -> 6 | O51: =COUNTIF(年計!$P$278:$U$324,AZ50) -> 0 | P51: =COUNTIF(年計!$P$278:$U$324,BA50) -> 3 | S51: 6 | T51: =COUNTIF(年計!$D$3:$I$324,BB50) -> 28 | U51: =COUNTIF(年計!$D$3:$I$324,BC50) -> 30 | V51: =COUNTIF(年計!$D$3:$I$324,BD50) -> 29 | W51: =COUNTIF(年計!$D$3:$I$324,BE50) -> 0 | X51: =COUNTIF(年計!$D$3:$I$324,BF50) -> 29 | Y51: =COUNTIF(年計!$J$3:$O$324,BG50) -> 29 | Z51: =COUNTIF(年計!$J$3:$O$324,BH50) -> 30 | AA51: =COUNTIF(年計!$J$3:$O$324,BI50) -> 28 | AB51: =COUNTIF(年計!$J$3:$O$324,BJ50) -> 0 | AC51: =COUNTIF(年計!$J$3:$O$324,BK50) -> 29 | AD51: =COUNTIF(年計!$P$3:$U$324,BL50) -> 27 | AE51: =COUNTIF(年計!$P$3:$U$324,BM50) -> 25 | AF51: =COUNTIF(年計!$P$3:$U$324,BN50) -> 27 | AG51: =COUNTIF(年計!$P$3:$U$324,BO50) -> 0 | AH51: =COUNTIF(年計!$P$3:$U$324,BP50) -> 25
A52: ＜１２年学年末テスト後＞ | S52: ＜1年間 累計＞
B53: 月 | C53: 火 | D53: 水 | E53: 木 | F53: 金 | G53: 月 | H53: 火 | I53: 水 | J53: 木 | K53: 金 | L53: 月 | M53: 火 | N53: 水 | O53: 木 | P53: 金 | T53: 月 | U53: 火 | V53: 水 | W53: 木 | X53: 金 | Y53: 月 | Z53: 火 | AA53: 水 | AB53: 木 | AC53: 金 | AD53: 月 | AE53: 火 | AF53: 水 | AG53: 木 | AH53: 金 | AM53: 月１ | AN53: 火１ | AO53: 水１ | AP53: 木１ | AQ53: 金１ | AR53: 月１ | AS53: 火１ | AT53: 水１ | AU53: 木１ | AV53: 金１ | AW53: 月１ | AX53: 火１ | AY53: 水１ | AZ53: 木１ | BA53: 金１ | BB53: 月１ | BC53: 火１ | BD53: 水１ | BE53: 木１ | BF53: 金１ | BG53: 月１ | BH53: 火１ | BI53: 水１ | BJ53: 木１ | BK53: 金１ | BL53: 月１ | BM53: 火１ | BN53: 水１ | BO53: 木１ | BP53: 金１
A54: 1 | B54: =COUNTIF(年計!$D$325:$I$368,AM53) -> 4 | C54: =COUNTIF(年計!$D$325:$I$368,AN53) -> 4 | D54: =COUNTIF(年計!$D$325:$I$368,AO53) -> 4 | E54: =COUNTIF(年計!$D$325:$I$368,AP53) -> 4 | F54: =COUNTIF(年計!$D$325:$I$368,AQ53) -> 4 | G54: =COUNTIF(年計!$J$325:$O$368,AR53) -> 4 | H54: =COUNTIF(年計!$J$325:$O$368,AS53) -> 4 | I54: =COUNTIF(年計!$J$325:$O$368,AT53) -> 4 | J54: =COUNTIF(年計!$J$325:$O$368,AU53) -> 4 | K54: =COUNTIF(年計!$J$325:$O$368,AV53) -> 4 | L54: =COUNTIF(年計!$P$325:$U$368,AW53) -> 2 | M54: =COUNTIF(年計!$P$325:$U$368,AX53) -> 2 | N54: =COUNTIF(年計!$P$325:$U$368,AY53) -> 2 | O54: =COUNTIF(年計!$P$325:$U$368,AZ53) -> 2 | P54: =COUNTIF(年計!$P$325:$U$368,BA53) -> 1 | S54: 1 | T54: =COUNTIF(年計!$D$3:$I$368,BB53) -> 32 | U54: =COUNTIF(年計!$D$3:$I$368,BC53) -> 32 | V54: =COUNTIF(年計!$D$3:$I$368,BD53) -> 32 | W54: =COUNTIF(年計!$D$3:$I$368,BE53) -> 33 | X54: =COUNTIF(年計!$D$3:$I$368,BF53) -> 33 | Y54: =COUNTIF(年計!$J$3:$O$368,BG53) -> 32 | Z54: =COUNTIF(年計!$J$3:$O$368,BH53) -> 32 | AA54: =COUNTIF(年計!$J$3:$O$368,BI53) -> 32 | AB54: =COUNTIF(年計!$J$3:$O$368,BJ53) -> 32 | AC54: =COUNTIF(年計!$J$3:$O$368,BK53) -> 32 | AD54: =COUNTIF(年計!$P$3:$U$368,BL53) -> 29 | AE54: =COUNTIF(年計!$P$3:$U$368,BM53) -> 27 | AF54: =COUNTIF(年計!$P$3:$U$368,BN53) -> 30 | AG54: =COUNTIF(年計!$P$3:$U$368,BO53) -> 28 | AH54: =COUNTIF(年計!$P$3:$U$368,BP53) -> 28 | AI54: 修了式 | AJ54: =IFERROR(MATCH(AI54,年計!$C$2:$C$368,0),"") | AM54: 月２ | AN54: 火２ | AO54: 水２ | AP54: 木２ | AQ54: 金２ | AR54: 月２ | AS54: 火２ | AT54: 水２ | AU54: 木２ | AV54: 金２ | AW54: 月２ | AX54: 火２ | AY54: 水２ | AZ54: 木２ | BA54: 金２ | BB54: 月２ | BC54: 火２ | BD54: 水２ | BE54: 木２ | BF54: 金２ | BG54: 月２ | BH54: 火２ | BI54: 水２ | BJ54: 木２ | BK54: 金２ | BL54: 月２ | BM54: 火２ | BN54: 水２ | BO54: 木２ | BP54: 金２
A55: 2 | B55: =COUNTIF(年計!$D$325:$I$368,AM54) -> 4 | C55: =COUNTIF(年計!$D$325:$I$368,AN54) -> 4 | D55: =COUNTIF(年計!$D$325:$I$368,AO54) -> 4 | E55: =COUNTIF(年計!$D$325:$I$368,AP54) -> 4 | F55: =COUNTIF(年計!$D$325:$I$368,AQ54) -> 4 | G55: =COUNTIF(年計!$J$325:$O$368,AR54) -> 4 | H55: =COUNTIF(年計!$J$325:$O$368,AS54) -> 4 | I55: =COUNTIF(年計!$J$325:$O$368,AT54) -> 4 | J55: =COUNTIF(年計!$J$325:$O$368,AU54) -> 3 | K55: =COUNTIF(年計!$J$325:$O$368,AV54) -> 4 | L55: =COUNTIF(年計!$P$325:$U$368,AW54) -> 2 | M55: =COUNTIF(年計!$P$325:$U$368,AX54) -> 2 | N55: =COUNTIF(年計!$P$325:$U$368,AY54) -> 2 | O55: =COUNTIF(年計!$P$325:$U$368,AZ54) -> 2 | P55: =COUNTIF(年計!$P$325:$U$368,BA54) -> 1 | S55: 2 | T55: =COUNTIF(年計!$D$3:$I$368,BB54) -> 33 | U55: =COUNTIF(年計!$D$3:$I$368,BC54) -> 34 | V55: =COUNTIF(年計!$D$3:$I$368,BD54) -> 33 | W55: =COUNTIF(年計!$D$3:$I$368,BE54) -> 33 | X55: =COUNTIF(年計!$D$3:$I$368,BF54) -> 33 | Y55: =COUNTIF(年計!$J$3:$O$368,BG54) -> 33 | Z55: =COUNTIF(年計!$J$3:$O$368,BH54) -> 33 | AA55: =COUNTIF(年計!$J$3:$O$368,BI54) -> 32 | AB55: =COUNTIF(年計!$J$3:$O$368,BJ54) -> 32 | AC55: =COUNTIF(年計!$J$3:$O$368,BK54) -> 33 | AD55: =COUNTIF(年計!$P$3:$U$368,BL54) -> 29 | AE55: =COUNTIF(年計!$P$3:$U$368,BM54) -> 30 | AF55: =COUNTIF(年計!$P$3:$U$368,BN54) -> 30 | AG55: =COUNTIF(年計!$P$3:$U$368,BO54) -> 28 | AH55: =COUNTIF(年計!$P$3:$U$368,BP54) -> 28 | AM55: 月３ | AN55: 火３ | AO55: 水３ | AP55: 木３ | AQ55: 金３ | AR55: 月３ | AS55: 火３ | AT55: 水３ | AU55: 木３ | AV55: 金３ | AW55: 月３ | AX55: 火３ | AY55: 水３ | AZ55: 木３ | BA55: 金３ | BB55: 月３ | BC55: 火３ | BD55: 水３ | BE55: 木３ | BF55: 金３ | BG55: 月３ | BH55: 火３ | BI55: 水３ | BJ55: 木３ | BK55: 金３ | BL55: 月３ | BM55: 火３ | BN55: 水３ | BO55: 木３ | BP55: 金３
A56: 3 | B56: =COUNTIF(年計!$D$325:$I$368,AM55) -> 4 | C56: =COUNTIF(年計!$D$325:$I$368,AN55) -> 4 | D56: =COUNTIF(年計!$D$325:$I$368,AO55) -> 4 | E56: =COUNTIF(年計!$D$325:$I$368,AP55) -> 4 | F56: =COUNTIF(年計!$D$325:$I$368,AQ55) -> 5 | G56: =COUNTIF(年計!$J$325:$O$368,AR55) -> 4 | H56: =COUNTIF(年計!$J$325:$O$368,AS55) -> 4 | I56: =COUNTIF(年計!$J$325:$O$368,AT55) -> 4 | J56: =COUNTIF(年計!$J$325:$O$368,AU55) -> 3 | K56: =COUNTIF(年計!$J$325:$O$368,AV55) -> 4 | L56: =COUNTIF(年計!$P$325:$U$368,AW55) -> 2 | M56: =COUNTIF(年計!$P$325:$U$368,AX55) -> 2 | N56: =COUNTIF(年計!$P$325:$U$368,AY55) -> 2 | O56: =COUNTIF(年計!$P$325:$U$368,AZ55) -> 2 | P56: =COUNTIF(年計!$P$325:$U$368,BA55) -> 2 | S56: 3 | T56: =COUNTIF(年計!$D$3:$I$368,BB55) -> 33 | U56: =COUNTIF(年計!$D$3:$I$368,BC55) -> 33 | V56: =COUNTIF(年計!$D$3:$I$368,BD55) -> 32 | W56: =COUNTIF(年計!$D$3:$I$368,BE55) -> 34 | X56: =COUNTIF(年計!$D$3:$I$368,BF55) -> 34 | Y56: =COUNTIF(年計!$J$3:$O$368,BG55) -> 33 | Z56: =COUNTIF(年計!$J$3:$O$368,BH55) -> 33 | AA56: =COUNTIF(年計!$J$3:$O$368,BI55) -> 33 | AB56: =COUNTIF(年計!$J$3:$O$368,BJ55) -> 32 | AC56: =COUNTIF(年計!$J$3:$O$368,BK55) -> 33 | AD56: =COUNTIF(年計!$P$3:$U$368,BL55) -> 29 | AE56: =COUNTIF(年計!$P$3:$U$368,BM55) -> 30 | AF56: =COUNTIF(年計!$P$3:$U$368,BN55) -> 29 | AG56: =COUNTIF(年計!$P$3:$U$368,BO55) -> 28 | AH56: =COUNTIF(年計!$P$3:$U$368,BP55) -> 28 | AM56: 月４ | AN56: 火４ | AO56: 水４ | AP56: 木４ | AQ56: 金４ | AR56: 月４ | AS56: 火４ | AT56: 水４ | AU56: 木４ | AV56: 金４ | AW56: 月４ | AX56: 火４ | AY56: 水４ | AZ56: 木４ | BA56: 金４ | BB56: 月４ | BC56: 火４ | BD56: 水４ | BE56: 木４ | BF56: 金４ | BG56: 月４ | BH56: 火４ | BI56: 水４ | BJ56: 木４ | BK56: 金４ | BL56: 月４ | BM56: 火４ | BN56: 水４ | BO56: 木４ | BP56: 金４
A57: 4 | B57: =COUNTIF(年計!$D$325:$I$368,AM56) -> 4 | C57: =COUNTIF(年計!$D$325:$I$368,AN56) -> 4 | D57: =COUNTIF(年計!$D$325:$I$368,AO56) -> 4 | E57: =COUNTIF(年計!$D$325:$I$368,AP56) -> 4 | F57: =COUNTIF(年計!$D$325:$I$368,AQ56) -> 4 | G57: =COUNTIF(年計!$J$325:$O$368,AR56) -> 4 | H57: =COUNTIF(年計!$J$325:$O$368,AS56) -> 4 | I57: =COUNTIF(年計!$J$325:$O$368,AT56) -> 4 | J57: =COUNTIF(年計!$J$325:$O$368,AU56) -> 4 | K57: =COUNTIF(年計!$J$325:$O$368,AV56) -> 4 | L57: =COUNTIF(年計!$P$325:$U$368,AW56) -> 2 | M57: =COUNTIF(年計!$P$325:$U$368,AX56) -> 2 | N57: =COUNTIF(年計!$P$325:$U$368,AY56) -> 2 | O57: =COUNTIF(年計!$P$325:$U$368,AZ56) -> 3 | P57: =COUNTIF(年計!$P$325:$U$368,BA56) -> 3 | S57: 4 | T57: =COUNTIF(年計!$D$3:$I$368,BB56) -> 33 | U57: =COUNTIF(年計!$D$3:$I$368,BC56) -> 33 | V57: =COUNTIF(年計!$D$3:$I$368,BD56) -> 33 | W57: =COUNTIF(年計!$D$3:$I$368,BE56) -> 33 | X57: =COUNTIF(年計!$D$3:$I$368,BF56) -> 33 | Y57: =COUNTIF(年計!$J$3:$O$368,BG56) -> 33 | Z57: =COUNTIF(年計!$J$3:$O$368,BH56) -> 33 | AA57: =COUNTIF(年計!$J$3:$O$368,BI56) -> 32 | AB57: =COUNTIF(年計!$J$3:$O$368,BJ56) -> 32 | AC57: =COUNTIF(年計!$J$3:$O$368,BK56) -> 33 | AD57: =COUNTIF(年計!$P$3:$U$368,BL56) -> 29 | AE57: =COUNTIF(年計!$P$3:$U$368,BM56) -> 29 | AF57: =COUNTIF(年計!$P$3:$U$368,BN56) -> 29 | AG57: =COUNTIF(年計!$P$3:$U$368,BO56) -> 29 | AH57: =COUNTIF(年計!$P$3:$U$368,BP56) -> 28 | AM57: 月５ | AN57: 火５ | AO57: 水５ | AP57: 木５ | AQ57: 金５ | AR57: 月５ | AS57: 火５ | AT57: 水５ | AU57: 木５ | AV57: 金５ | AW57: 月５ | AX57: 火５ | AY57: 水５ | AZ57: 木５ | BA57: 金５ | BB57: 月５ | BC57: 火５ | BD57: 水５ | BE57: 木５ | BF57: 金５ | BG57: 月５ | BH57: 火５ | BI57: 水５ | BJ57: 木５ | BK57: 金５ | BL57: 月５ | BM57: 火５ | BN57: 水５ | BO57: 木５ | BP57: 金５
A58: 5 | B58: =COUNTIF(年計!$D$325:$I$368,AM57) -> 3 | C58: =COUNTIF(年計!$D$325:$I$368,AN57) -> 3 | D58: =COUNTIF(年計!$D$325:$I$368,AO57) -> 3 | E58: =COUNTIF(年計!$D$325:$I$368,AP57) -> 3 | F58: =COUNTIF(年計!$D$325:$I$368,AQ57) -> 3 | G58: =COUNTIF(年計!$J$325:$O$368,AR57) -> 3 | H58: =COUNTIF(年計!$J$325:$O$368,AS57) -> 3 | I58: =COUNTIF(年計!$J$325:$O$368,AT57) -> 3 | J58: =COUNTIF(年計!$J$325:$O$368,AU57) -> 3 | K58: =COUNTIF(年計!$J$325:$O$368,AV57) -> 3 | L58: =COUNTIF(年計!$P$325:$U$368,AW57) -> 1 | M58: =COUNTIF(年計!$P$325:$U$368,AX57) -> 1 | N58: =COUNTIF(年計!$P$325:$U$368,AY57) -> 1 | O58: =COUNTIF(年計!$P$325:$U$368,AZ57) -> 3 | P58: =COUNTIF(年計!$P$325:$U$368,BA57) -> 2 | S58: 5 | T58: =COUNTIF(年計!$D$3:$I$368,BB57) -> 29 | U58: =COUNTIF(年計!$D$3:$I$368,BC57) -> 29 | V58: =COUNTIF(年計!$D$3:$I$368,BD57) -> 29 | W58: =COUNTIF(年計!$D$3:$I$368,BE57) -> 29 | X58: =COUNTIF(年計!$D$3:$I$368,BF57) -> 29 | Y58: =COUNTIF(年計!$J$3:$O$368,BG57) -> 29 | Z58: =COUNTIF(年計!$J$3:$O$368,BH57) -> 29 | AA58: =COUNTIF(年計!$J$3:$O$368,BI57) -> 28 | AB58: =COUNTIF(年計!$J$3:$O$368,BJ57) -> 29 | AC58: =COUNTIF(年計!$J$3:$O$368,BK57) -> 29 | AD58: =COUNTIF(年計!$P$3:$U$368,BL57) -> 25 | AE58: =COUNTIF(年計!$P$3:$U$368,BM57) -> 23 | AF58: =COUNTIF(年計!$P$3:$U$368,BN57) -> 25 | AG58: =COUNTIF(年計!$P$3:$U$368,BO57) -> 24 | AH58: =COUNTIF(年計!$P$3:$U$368,BP57) -> 23 | AM58: 月６ | AN58: 火６ | AO58: 水６ | AP58: 木６ | AQ58: 金６ | AR58: 月６ | AS58: 火６ | AT58: 水６ | AU58: 木６ | AV58: 金６ | AW58: 月６ | AX58: 火６ | AY58: 水６ | AZ58: 木６ | BA58: 金６ | BB58: 月６ | BC58: 火６ | BD58: 水６ | BE58: 木６ | BF58: 金６ | BG58: 月６ | BH58: 火６ | BI58: 水６ | BJ58: 木６ | BK58: 金６ | BL58: 月６ | BM58: 火６ | BN58: 水６ | BO58: 木６ | BP58: 金６
A59: 6 | B59: =COUNTIF(年計!$D$325:$I$368,AM58) -> 4 | C59: =COUNTIF(年計!$D$325:$I$368,AN58) -> 3 | D59: =COUNTIF(年計!$D$325:$I$368,AO58) -> 5 | E59: =COUNTIF(年計!$D$325:$I$368,AP58) -> 0 | F59: =COUNTIF(年計!$D$325:$I$368,AQ58) -> 4 | G59: =COUNTIF(年計!$J$325:$O$368,AR58) -> 4 | H59: =COUNTIF(年計!$J$325:$O$368,AS58) -> 3 | I59: =COUNTIF(年計!$J$325:$O$368,AT58) -> 4 | J59: =COUNTIF(年計!$J$325:$O$368,AU58) -> 0 | K59: =COUNTIF(年計!$J$325:$O$368,AV58) -> 4 | L59: =COUNTIF(年計!$P$325:$U$368,AW58) -> 1 | M59: =COUNTIF(年計!$P$325:$U$368,AX58) -> 2 | N59: =COUNTIF(年計!$P$325:$U$368,AY58) -> 2 | O59: =COUNTIF(年計!$P$325:$U$368,AZ58) -> 0 | P59: =COUNTIF(年計!$P$325:$U$368,BA58) -> 2 | S59: 6 | T59: =COUNTIF(年計!$D$3:$I$368,BB58) -> 32 | U59: =COUNTIF(年計!$D$3:$I$368,BC58) -> 33 | V59: =COUNTIF(年計!$D$3:$I$368,BD58) -> 34 | X59: =COUNTIF(年計!$D$3:$I$368,BF58) -> 33 | Y59: =COUNTIF(年計!$J$3:$O$368,BG58) -> 33 | Z59: =COUNTIF(年計!$J$3:$O$368,BH58) -> 33 | AA59: =COUNTIF(年計!$J$3:$O$368,BI58) -> 32 | AC59: =COUNTIF(年計!$J$3:$O$368,BK58) -> 33 | AD59: =COUNTIF(年計!$P$3:$U$368,BL58) -> 28 | AE59: =COUNTIF(年計!$P$3:$U$368,BM58) -> 27 | AF59: =COUNTIF(年計!$P$3:$U$368,BN58) -> 29 | AH59: =COUNTIF(年計!$P$3:$U$368,BP58) -> 27
D206: アジパラ観戦 | J206: アジパラ観戦 | P206: アジパラ観戦
E207: 木４ | F207: 水３ | G207: 水４ | H207: 水５ | K207: 木４ | L207: 水３ | M207: 水４ | N207: 水５ | Q207: 木４ | R207: 水３ | S207: 水４ | T207: 水５
D215: 月６ | J215: 月６ | P215: 月６
D236: 月６ | E236: 金１ | J236: 月６ | K236: 金１
G249: 木５ | M249: 木５ | S249: 木５

Sheet 年計から貼り付け
B1: ３ 月 | F1: 1行目 | G1: 会議 | H1: 貼り付け用データ
A2: 1 | B2: 3送会準備・リハ② | E2: {=INDEX($A:$A,ROW(A1)*2)} -> 1 | F2: {=INDEX($B:$B,ROW(A1)*2)&INDEX($B:$B,ROW(A1)*2+1)} -> 3送会準備・リハ② | G2: {=INDEX($C:$C,ROW(B1)*2)&INDEX($C:$C,ROW(B1)*2+1)} | H2: =IF(OR(F2="",G2="",TRIM(H1)=""),F2&G2,F2&"・"&G2) -> 3送会準備・リハ②
A3: 月 | E3: {=INDEX($A:$A,ROW(A1)*2+2)} -> 2 | F3: {=INDEX($B:$B,ROW(A2)*2)&" "&INDEX($B:$B,ROW(A2)*2+1)} -> 3年生を送る会 | G3: {=INDEX($C:$C,ROW(B2)*2)&INDEX($C:$C,ROW(B2)*2+1)} | H3: =IF(OR(F3="",G3="",TRIM(H2)=""),F3&G3,F3&"・"&G3) -> 3年生を送る会
A4: 2 | B4: 3年生を送る会 | E4: {=INDEX($A:$A,ROW(A2)*2+2)} -> 3 | F4: {=INDEX($B:$B,ROW(A3)*2)&" "&INDEX($B:$B,ROW(A3)*2+1)} | G4: {=INDEX($C:$C,ROW(B3)*2)&INDEX($C:$C,ROW(B3)*2+1)} | H4: =IF(OR(F4="",G4="",TRIM(H3)=""),F4&G4,F4&"・"&G4)
A5: 火 | E5: {=INDEX($A:$A,ROW(A3)*2+2)} -> 4 | F5: {=INDEX($B:$B,ROW(A4)*2)&" "&INDEX($B:$B,ROW(A4)*2+1)} -> 卒業式準備 | G5: {=INDEX($C:$C,ROW(B4)*2)&INDEX($C:$C,ROW(B4)*2+1)} | H5: =IF(OR(F5="",G5="",TRIM(H4)=""),F5&G5,F5&"・"&G5) -> 卒業式準備
A6: 3 | E6: {=INDEX($A:$A,ROW(A4)*2+2)} -> 5 | F6: {=INDEX($B:$B,ROW(A5)*2)&" "&INDEX($B:$B,ROW(A5)*2+1)} -> 卒業式 | G6: {=INDEX($C:$C,ROW(B5)*2)&INDEX($C:$C,ROW(B5)*2+1)} -> 定1･2年成績一覧表提出 | H6: =IF(OR(F6="",G6="",TRIM(H5)=""),F6&G6,F6&"・"&G6) -> 卒業式 ・定1･2年成績一覧表提出
A7: 水 | E7: {=INDEX($A:$A,ROW(A5)*2+2)} -> 6 | F7: {=INDEX($B:$B,ROW(A6)*2)&" "&INDEX($B:$B,ROW(A6)*2+1)} | G7: {=INDEX($C:$C,ROW(B6)*2)&INDEX($C:$C,ROW(B6)*2+1)} | H7: =IF(OR(F7="",G7="",TRIM(H6)=""),F7&G7,F7&"・"&G7)
A8: 4 | B8: 卒業式準備 | E8: {=INDEX($A:$A,ROW(A6)*2+2)} -> 7 | F8: {=INDEX($B:$B,ROW(A7)*2)&" "&INDEX($B:$B,ROW(A7)*2+1)} | G8: {=INDEX($C:$C,ROW(B7)*2)&INDEX($C:$C,ROW(B7)*2+1)} | H8: =IF(OR(F8="",G8="",TRIM(H7)=""),F8&G8,F8&"・"&G8)
A9: 木 | E9: {=INDEX($A:$A,ROW(A7)*2+2)} -> 8 | F9: {=INDEX($B:$B,ROW(A8)*2)&" "&INDEX($B:$B,ROW(A8)*2+1)} -> 【公立一般合格発表】 | G9: {=INDEX($C:$C,ROW(B8)*2)&INDEX($C:$C,ROW(B8)*2+1)} -> 進認職11 | H9: =IF(OR(F9="",G9="",TRIM(H8)=""),F9&G9,F9&"・"&G9) -> 【公立一般合格発表】進認職11
A10: 5 | B10: 卒業式 | C10: 定 | E10: {=INDEX($A:$A,ROW(A8)*2+2)} -> 9 | F10: {=INDEX($B:$B,ROW(A9)*2)&" "&INDEX($B:$B,ROW(A9)*2+1)} -> 選挙管理委員会 ▼小中連絡会(汐路) 1･2年通知表（本）提出 | G10: {=INDEX($C:$C,ROW(B9)*2)&INDEX($C:$C,ROW(B9)*2+1)} | H10: =IF(OR(F10="",G10="",TRIM(H9)=""),F10&G10,F10&"・"&G10) -> 選挙管理委員会 ▼小中連絡会(汐路) 1･2年通知表（本）提出
A11: 金 | C11: 1･2年成績一覧表提出 | E11: {=INDEX($A:$A,ROW(A9)*2+2)} -> 10 | F11: {=INDEX($B:$B,ROW(A10)*2)&" "&INDEX($B:$B,ROW(A10)*2+1)} | G11: {=INDEX($C:$C,ROW(B10)*2)&INDEX($C:$C,ROW(B10)*2+1)} -> ▼小中連絡会(陽明) | H11: =IF(OR(F11="",G11="",TRIM(H10)=""),F11&G11,F11&"・"&G11) -> ・▼小中連絡会(陽明)
A12: 6 | E12: {=INDEX($A:$A,ROW(A10)*2+2)} -> 11 | F12: {=INDEX($B:$B,ROW(A11)*2)&" "&INDEX($B:$B,ROW(A11)*2+1)} -> 学年保護者会(2年) 立候補者連絡会 | G12: {=INDEX($C:$C,ROW(B11)*2)&INDEX($C:$C,ROW(B11)*2+1)} -> 委 | H12: =IF(OR(F12="",G12="",TRIM(H11)=""),F12&G12,F12&"・"&G12) -> 学年保護者会(2年) 立候補者連絡会・委
A13: 土 | E13: {=INDEX($A:$A,ROW(A11)*2+2)} -> 12 | F13: {=INDEX($B:$B,ROW(A12)*2)&" "&INDEX($B:$B,ROW(A12)*2+1)} | G13: {=INDEX($C:$C,ROW(B12)*2)&INDEX($C:$C,ROW(B12)*2+1)} -> 編1 | H13: =IF(OR(F13="",G13="",TRIM(H12)=""),F13&G13,F13&"・"&G13) -> ・編1
A14: 7 | E14: {=INDEX($A:$A,ROW(A12)*2+2)} -> 13 | F14: {=INDEX($B:$B,ROW(A13)*2)&" "&INDEX($B:$B,ROW(A13)*2+1)} | G14: {=INDEX($C:$C,ROW(B13)*2)&INDEX($C:$C,ROW(B13)*2+1)} | H14: =IF(OR(F14="",G14="",TRIM(H13)=""),F14&G14,F14&"・"&G14)
A15: 日 | E15: {=INDEX($A:$A,ROW(A13)*2+2)} -> 14 | F15: {=INDEX($B:$B,ROW(A14)*2)&" "&INDEX($B:$B,ROW(A14)*2+1)} -> ノー部活デー | G15: {=INDEX($C:$C,ROW(B14)*2)&INDEX($C:$C,ROW(B14)*2+1)} | H15: =IF(OR(F15="",G15="",TRIM(H14)=""),F15&G15,F15&"・"&G15) -> ノー部活デー
A16: 8 | C16: 進認 | E16: {=INDEX($A:$A,ROW(A14)*2+2)} -> 15 | F16: {=INDEX($B:$B,ROW(A15)*2)&" "&INDEX($B:$B,ROW(A15)*2+1)} -> 立会演説会・選管 | G16: {=INDEX($C:$C,ROW(B15)*2)&INDEX($C:$C,ROW(B15)*2+1)} -> 1･2年通知表（本）提出 | H16: =IF(OR(F16="",G16="",TRIM(H15)=""),F16&G16,F16&"・"&G16) -> 立会演説会・選管 ・1･2年通知表（本）提出
A17: 月 | B17: 【公立一般合格発表】 | C17: 職11 | E17: {=INDEX($A:$A,ROW(A15)*2+2)} -> 16 | F17: {=INDEX($B:$B,ROW(A16)*2)&" "&INDEX($B:$B,ROW(A16)*2+1)} -> R7生徒会オリ(リハ) 【全日制･定時制２次選抜】 | G17: {=INDEX($C:$C,ROW(B16)*2)&INDEX($C:$C,ROW(B16)*2+1)} | H17: =IF(OR(F17="",G17="",TRIM(H16)=""),F17&G17,F17&"・"&G17) -> R7生徒会オリ(リハ) 【全日制･定時制２次選抜】
A18: 9 | B18: 選挙管理委員会 ▼小中連絡会(汐路) | E18: {=INDEX($A:$A,ROW(A16)*2+2)} -> 17 | F18: {=INDEX($B:$B,ROW(A17)*2)&" "&INDEX($B:$B,ROW(A17)*2+1)} -> 【全日制･定時制２次合格発表】 | G18: {=INDEX($C:$C,ROW(B17)*2)&INDEX($C:$C,ROW(B17)*2+1)} | H18: =IF(OR(F18="",G18="",TRIM(H17)=""),F18&G18,F18&"・"&G18) -> 【全日制･定時制２次合格発表】
A19: 火 | B19: 1･2年通知表（本）提出 | E19: {=INDEX($A:$A,ROW(A17)*2+2)} -> 18 | F19: {=INDEX($B:$B,ROW(A18)*2)&" "&INDEX($B:$B,ROW(A18)*2+1)} -> (小学校卒業式) | G19: {=INDEX($C:$C,ROW(B18)*2)&INDEX($C:$C,ROW(B18)*2+1)} -> 編2 | H19: =IF(OR(F19="",G19="",TRIM(H18)=""),F19&G19,F19&"・"&G19) -> (小学校卒業式)・編2
A20: 10 | E20: {=INDEX($A:$A,ROW(A18)*2+2)} -> 19 | F20: {=INDEX($B:$B,ROW(A19)*2)&" "&INDEX($B:$B,ROW(A19)*2+1)} | G20: {=INDEX($C:$C,ROW(B19)*2)&INDEX($C:$C,ROW(B19)*2+1)} -> 採 | H20: =IF(OR(F20="",G20="",TRIM(H19)=""),F20&G20,F20&"・"&G20) -> ・採
A21: 水 | C21: ▼小中連絡会(陽明) | E21: {=INDEX($A:$A,ROW(A19)*2+2)} -> 20 | F21: {=INDEX($B:$B,ROW(A20)*2)&" "&INDEX($B:$B,ROW(A20)*2+1)} | G21: {=INDEX($C:$C,ROW(B20)*2)&INDEX($C:$C,ROW(B20)*2+1)} | H21: =IF(OR(F21="",G21="",TRIM(H20)=""),F21&G21,F21&"・"&G21)
A22: 11 | B22: 学年保護者会(2年) | E22: {=INDEX($A:$A,ROW(A20)*2+2)} -> 21 | F22: {=INDEX($B:$B,ROW(A21)*2)&" "&INDEX($B:$B,ROW(A21)*2+1)} -> 春分の日 | G22: {=INDEX($C:$C,ROW(B21)*2)&INDEX($C:$C,ROW(B21)*2+1)} | H22: =IF(OR(F22="",G22="",TRIM(H21)=""),F22&G22,F22&"・"&G22) -> 春分の日
A23: 木 | B23: 立候補者連絡会 | C23: 委 | E23: {=INDEX($A:$A,ROW(A21)*2+2)} -> 22 | F23: {=INDEX($B:$B,ROW(A22)*2)&" "&INDEX($B:$B,ROW(A22)*2+1)} -> 日曜日祝日による休業日 | G23: {=INDEX($C:$C,ROW(B22)*2)&INDEX($C:$C,ROW(B22)*2+1)} | H23: =IF(OR(F23="",G23="",TRIM(H22)=""),F23&G23,F23&"・"&G23) -> 日曜日祝日による休業日
A24: 12 | C24: 編1 | E24: {=INDEX($A:$A,ROW(A22)*2+2)} -> 23 | F24: {=INDEX($B:$B,ROW(A23)*2)&" "&INDEX($B:$B,ROW(A23)*2+1)} -> 大掃除 【通信制後期入試】 | G24: {=INDEX($C:$C,ROW(B23)*2)&INDEX($C:$C,ROW(B23)*2+1)} | H24: =IF(OR(F24="",G24="",TRIM(H23)=""),F24&G24,F24&"・"&G24) -> 大掃除 【通信制後期入試】
A25: 金 | E25: {=INDEX($A:$A,ROW(A23)*2+2)} -> 24 | F25: {=INDEX($B:$B,ROW(A24)*2)&" "&INDEX($B:$B,ROW(A24)*2+1)} -> 修了式・離任式 【通信制後期合格発表】 | G25: {=INDEX($C:$C,ROW(B24)*2)&INDEX($C:$C,ROW(B24)*2+1)} | H25: =IF(OR(F25="",G25="",TRIM(H24)=""),F25&G25,F25&"・"&G25) -> 修了式・離任式 【通信制後期合格発表】
A26: 13 | E26: {=INDEX($A:$A,ROW(A24)*2+2)} -> 25 | F26: {=INDEX($B:$B,ROW(A25)*2)&" "&INDEX($B:$B,ROW(A25)*2+1)} -> 学年末休業開始 | G26: {=INDEX($C:$C,ROW(B25)*2)&INDEX($C:$C,ROW(B25)*2+1)} | H26: =IF(OR(F26="",G26="",TRIM(H25)=""),F26&G26,F26&"・"&G26) -> 学年末休業開始
A27: 土 | E27: {=INDEX($A:$A,ROW(A25)*2+2)} -> 26 | F27: {=INDEX($B:$B,ROW(A26)*2)&" "&INDEX($B:$B,ROW(A26)*2+1)} | G27: {=INDEX($C:$C,ROW(B26)*2)&INDEX($C:$C,ROW(B26)*2+1)} -> 旧運 | H27: =IF(OR(F27="",G27="",TRIM(H26)=""),F27&G27,F27&"・"&G27) -> ・旧運
A28: 14 | B28: ノー部活デー | E28: {=INDEX($A:$A,ROW(A26)*2+2)} -> 27 | F28: {=INDEX($B:$B,ROW(A27)*2)&" "&INDEX($B:$B,ROW(A27)*2+1)} | G28: {=INDEX($C:$C,ROW(B27)*2)&INDEX($C:$C,ROW(B27)*2+1)} | H28: =IF(OR(F28="",G28="",TRIM(H27)=""),F28&G28,F28&"・"&G28)
A29: 日 | E29: {=INDEX($A:$A,ROW(A27)*2+2)} -> 28 | F29: {=INDEX($B:$B,ROW(A28)*2)&" "&INDEX($B:$B,ROW(A28)*2+1)} | G29: {=INDEX($C:$C,ROW(B28)*2)&INDEX($C:$C,ROW(B28)*2+1)} | H29: =IF(OR(F29="",G29="",TRIM(H28)=""),F29&G29,F29&"・"&G29)
A30: 15 | B30: 立会演説会・選管 | E30: {=INDEX($A:$A,ROW(A28)*2+2)} -> 29 | F30: {=INDEX($B:$B,ROW(A29)*2)&" "&INDEX($B:$B,ROW(A29)*2+1)} | G30: {=INDEX($C:$C,ROW(B29)*2)&INDEX($C:$C,ROW(B29)*2+1)} | H30: =IF(OR(F30="",G30="",TRIM(H29)=""),F30&G30,F30&"・"&G30)
A31: 月 | C31: 1･2年通知表（本）提出 | E31: {=INDEX($A:$A,ROW(A29)*2+2)} -> 30 | F31: {=INDEX($B:$B,ROW(A30)*2)&" "&INDEX($B:$B,ROW(A30)*2+1)} | G31: {=INDEX($C:$C,ROW(B30)*2)&INDEX($C:$C,ROW(B30)*2+1)} | H31: =IF(OR(F31="",G31="",TRIM(H30)=""),F31&G31,F31&"・"&G31)
A32: 16 | B32: R7生徒会オリ(リハ) | E32: {=INDEX($A:$A,ROW(A30)*2+2)} -> 31 | F32: {=INDEX($B:$B,ROW(A31)*2)&" "&INDEX($B:$B,ROW(A31)*2+1)} | G32: {=INDEX($C:$C,ROW(B31)*2)&INDEX($C:$C,ROW(B31)*2+1)} | H32: =IF(OR(F32="",G32="",TRIM(H31)=""),F32&G32,F32&"・"&G32)
A33: 火 | B33: 【全日制･定時制２次選抜】 | G33: {=INDEX($C:$C,ROW(B32)*2)&INDEX($C:$C,ROW(B32)*2+1)} | H33: =IF(OR(F33="",G33="",TRIM(H32)=""),F33&G33,F33&"・"&G33)
A34: 17
A35: 水 | B35: 【全日制･定時制２次合格発表】
A36: 18 | C36: 編2
A37: 木 | B37: (小学校卒業式)
A38: 19 | C38: 採
A39: 金
A40: 20
A41: 土
A42: 21 | B42: 春分の日
A43: 日
A44: 22 | B44: 日曜日祝日による休業日
A45: 月
A46: 23 | B46: 大掃除
A47: 火 | B47: 【通信制後期入試】
A48: 24 | B48: 修了式・離任式
A49: 水 | B49: 【通信制後期合格発表】
A50: 25 | B50: 学年末休業開始
A51: 木
A52: 26 | C52: 旧運
A53: 金
A54: 27
A55: 土
A56: 28
A57: 日
A58: 29 | F58: {=INDEX($B:$B,ROW(A57)*2)&" "&INDEX($B:$B,ROW(A57)*2+1)}
A59: 月 | F59: {=INDEX($B:$B,ROW(A58)*2)&" "&INDEX($B:$B,ROW(A58)*2+1)}
A60: 30 | F60: {=INDEX($B:$B,ROW(A59)*2)&" "&INDEX($B:$B,ROW(A59)*2+1)}
A61: 火 | F61: {=INDEX($B:$B,ROW(A60)*2)&" "&INDEX($B:$B,ROW(A60)*2+1)}
A62: 31 | F62: {=INDEX($B:$B,ROW(A61)*2)&" "&INDEX($B:$B,ROW(A61)*2+1)}
A63: 水 | F63: {=INDEX($B:$B,ROW(A62)*2)&" "&INDEX($B:$B,ROW(A62)*2+1)}
