Workbook

Sheet 教科担任別一覧
A2: 1 | B2: 2 | C2: 3 | D2: 4 | E2: 5 | F2: 6 | G2: 7 | H2: 8 | I2: 9 | J2: 10 | K2: 11 | L2: 12 | M2: 13 | N2: 14 | O2: 15 | P2: 16 | Q2: 17 | R2: 18 | S2: 19 | T2: 20 | U2: 21 | V2: 22 | W2: 23 | X2: 24 | Y2: 25 | Z2: 26 | AA2: 27 | AB2: 28 | AC2: 29 | AD2: 30 | AE2: 31 | AF2: 32 | AG2: 33 | AH2: 34 | AI2: 35 | AJ2: 36 | AK2: 37
B3: 令和８年度 | E3: 教科担任別時間割（本時間割） | AD3: =TODAY() -> 46253 | AG3: ver
B5: 組 | D5: 月 | K5: 火 | R5: 水 | Y5: 木 | AF5: 金
D6: 1 | E6: 2 | F6: 3 | G6: 4 | H6: 5 | I6: 6 | K6: 1 | L6: 2 | M6: 3 | N6: 4 | O6: 5 | P6: 6 | R6: 1 | S6: 2 | T6: 3 | U6: 4 | V6: 5 | W6: 6 | Y6: 1 | Z6: 2 | AA6: 3 | AB6: 4 | AC6: 5 | AD6: 6 | AF6: 1 | AG6: 2 | AH6: 3 | AI6: 4 | AJ6: 5 | AK6: 6 | AL6: 担任名
A7: 1 | B7: 1A | C7: 柿家 | E7: 3A | F7: 主 | H7: 1A | I7: 道 | M7: 待機 | N7: 1B | O7: 3A | R7: 1A | T7: 1C | U7: 1B | W7: 学 | Y7: 3A | AA7: 生 | AB7: 1C | AC7: 1B | AF7: 1A | AI7: 3A | AJ7: 1C | AK7: 総 | AL7: =IF(C7="","",C7) -> 柿家 | CE7: =ASC(AR7)
A8: 2 | B8: 1B | C8: 石垣 | F8: 3E | G8: 3D | H8: 3A | I8: 道 | L8: 1FE | O8: 1C | P8: 1D | R8: 1DC | S8: 1BA | U8: 3B | V8: 3C | W8: 学 | Y8: 1A | AA8: 1B | AB8: 1E | AF8: 待機 | AG8: 待機 | AH8: 待機 | AJ8: 1F | AK8: 総 | AL8: =IF(C8="","",C8) -> 石垣
A9: 3 | B9: 1C | C9: 石飛 | D9: 1C | E9: 1F | F9: 主 | H9: 1B | I9: 道 | K9: 1F | M9: 1CT | O9: 1Dt | T9: 1BT | V9: 1C | W9: 学 | Y9: 1C | Z9: 1B | AA9: 1F | AF9: 1B | AG9: 1FT | AI9: 1At | AJ9: 1Et | AK9: 総 | AL9: =IF(C9="","",C9) -> 石飛
A10: 4 | B10: 1C | C10: 髙橋咲 | D10: 1A | F10: 1C | G10: 1E | I10: 道 | L10: IJ | M10: 1E | P10: 1C | R10: 1E | S10: 1C | T10: 1A | W10: 学 | Y10: IJ | Z10: 1C | AC10: 1A | AF10: 1E | AG10: 1A | AH10: 初 | AI10: 初 | AK10: 総 | AL10: =IF(C10="","",C10) -> 髙橋咲
A11: 5 | B11: 1D | C11: 馬場 | D11: 1E | F11: 1D | G11: 1F | I11: 道 | K11: 1D | N11: 1A | O11: 1F | P11: 1E | R11: 1F | S11: 1D | U11: 1A | V11: IJ | W11: 学 | Y11: 1D | Z11: 1A | AB11: 1F | AC11: 1E | AH11: 1E | AJ11: 1A | AK11: 総 | AL11: =IF(C11="","",C11) -> 馬場
A12: 6 | B12: 1E | C12: 谷口 | D12: IJ | E12: IJ | G12: 2E | H12: 2B | I12: 道 | K12: 1B | L12: 1A | N12: 3AB | O12: 3DE | R12: 待機 | T12: 1E | U12: 1F | W12: 学 | Y12: 2D | Z12: 2A | AA12: 2C | AC12: 3C | AF12: 1C | AG12: 1D | AI12: T2 | AK12: 総 | AL12: =IF(C12="","",C12) -> 谷口
A13: 7 | B13: 1F | C13: 西脇 | E13: 1CD | F13: 1EF | G13: 1AB | I13: 道 | K13: 3DE | L13: 3A | N13: 1CD | O13: 1AB | T13: 3A | U13: 3DE | V13: 1EF | W13: 学 | Y13: 待機 | Z13: 3DE | AA13: 生 | AC13: 1CD | AF13: 3A | AH13: 1AB | AI13: 1EF | AK13: 総 | AL13: =IF(C13="","",C13) -> 西脇
A14: 8 | C14: 安井 | E14: 1E | F14: 1A | H14: 1F | I14: 道 | L14: 1D | M14: 1A | N14: 1F | O14: 1E | P14: 1B | S14: 1F | T14: 1D | V14: 1B | AA14: 1E | AB14: 1A | AI14: 1B | AJ14: 1D | AK14: 総 | AL14: =IF(C14="","",C14) -> 安井
A15: 9 | C15: 浅田 | D15: 1B | E15: 1A | G15: 1D | H15: 1C | L15: 1EF | N15: 3C | O15: 3B | R15: 1CD | S15: 1AB | U15: 2E | V15: 2D | Y15: 1E | Z15: 1F | AB15: 3A | AC15: 2C | AG15: 2B | AH15: 2A | AI15: 3E | AJ15: 3D | AK15: 総 | AL15: =IF(C15="","",C15) -> 浅田
A16: 10 | C16: 渡邉 | D16: 1F | E16: 1B | F16: 主 | H16: 1D | K16: 3B | M16: 1D | P16: 1F | R16: 1B | T16: 3B | V16: 1D | Y16: 1B | Z16: 1D | AA16: 3B | AC16: 1F | AF16: 3B | AG16: 初 | AH16: 1F | AI16: 初 | AJ16: 1B | AK16: 総 | AL16: =IF(C16="","",C16) -> 渡邉
A17: 11 | C17: 高橋美 | E17: さくら | F17: さくら | G17: さくら | M17: 1Ct | N17: 1E | O17: 1DT | P17: 1A | S17: 1E | T17: 1Bt | U17: 1D | V17: 1A | Z17: 1E | AA17: 1A | AB17: 1D | AC17: IJ | AG17: 1Ft | AH17: 1D | AI17: 1AT | AJ17: 1ET | AL17: =IF(C17="","",C17) -> 高橋美
C18: 丹羽 | E18: 2B | F18: 1B | G18: 1C | H18: 2C | L18: 1C | M18: 1B | N18: 2D | O18: 2A | AA18: 1C | AB18: 1B | AG18: 1B | AI18: 1C | AJ18: 2E | AL18: =IF(C18="","",C18) -> 丹羽
A19: 12 | C19: 佐野 | D19: T2 | E19: T2 | F19: 主 | H19: 待機 | K19: 1C | M19: T2 | R19: T2 | U19: 1C | AA19: 生 | AB19: 待機 | AC19: 待機 | AF19: T2 | AH19: 1C | AL19: =IF(C19="","",C19) -> 佐野
AL20: =IF(C20="","",C20)
A21: 13 | B21: 2A | C21: 大島 | F21: 2E | G21: 2D | H21: 2A | I21: 道 | K21: 2C | N21: 2E | O21: 2B | P21: 総 | R21: 2D | S21: 2B | U21: 2C | V21: 2E | W21: 学 | Z21: 2D | AA21: 2A | AB21: IJ | AF21: 2C | AG21: 2A | AJ21: 2B | AK21: 総 | AL21: =IF(C21="","",C21) -> 大島
A22: 14 | B22: 2B | C22: 名倉 | D22: 1D | F22: 2A | G22: 2B | H22: 1E | I22: 道 | K22: 1E | M22: 1F | N22: 2B | P22: 総 | S22: 2A | T22: 2B | W22: 学 | Y22: 1F | Z22: 待機 | AA22: 1D | AF22: 1F | AG22: 1E | AI22: 1D | AJ22: 2A | AK22: 総 | AL22: =IF(C22="","",C22) -> 名倉
A23: 15 | B23: 2C | C23: 浅野 | D23: IJ | E23: IJ | G23: 2C | H23: 2D | I23: 道 | K23: 1A | L23: 1B | N23: 3AB | O23: 3DE | P23: 総 | T23: 1F | U23: 1E | V23: 2A | W23: 学 | Y23: 2E | Z23: 2B | AC23: 3C | AF23: 1D | AG23: 1C | AI23: 待機 | AK23: 総 | AL23: =IF(C23="","",C23) -> 浅野
A24: 16 | B24: 2C | C24: 酒井 | E24: 2D | F24: 2C | G24: IJ | I24: 道 | K24: 2E | L24: 2D | M24: 初 | N24: 初 | P24: 総 | R24: 2C | S24: 待機 | W24: 学 | Z24: 2C | AA24: IJ | AB24: 2E | AF24: 2D | AH24: 2E | AK24: 総 | AL24: =IF(C24="","",C24) -> 酒井
A25: 17 | B25: 2D | C25: 樽見 | D25: 2C | E25: 2E | F25: 2D | I25: 道 | K25: 2B | N25: 2C | O25: 2E | P25: 総 | R25: 2E | T25: 2D | U25: 2B | V25: 2C | W25: 学 | Z25: 2E | AA25: 2B | AC25: 2D | AG25: 2C | AH25: 2D | AI25: 2B | AK25: 総 | AL25: =IF(C25="","",C25) -> 樽見
A26: 18 | B26: 2E | C26: 髙田 | D26: 2E | E26: 2A | F26: 2B | H26: T2 | I26: 道 | K26: 2D | L26: 2E | N26: 2A | O26: 2C | P26: 総 | S26: 2C | T26: 2A | U26: 2D | W26: 学 | Y26: 2C | AC26: 2B | AF26: 2B | AG26: 2E | AI26: 2D | AK26: 総 | AL26: =IF(C26="","",C26) -> 髙田
A27: 19 | C27: 鈴木 | D27: 2AB | E27: 待機 | F27: 主 | H27: 3BC | I27: 道 | L27: 2C | M27: 2DE | P27: 総 | R27: 2AB | S27: 2DE | T27: 2C | Y27: 3BC | AA27: 2DE | AB27: 2AB | AG27: 3BC | AJ27: 2C | AK27: 総 | AL27: =IF(C27="","",C27) -> 鈴木
A28: 20 | C28: 藤井 | D28: 2D | E28: 2C | F28: 主 | H28: 2E | I28: 道 | K28: 2A | L28: 2B | M28: 2C | O28: 2D | P28: 総 | T28: 2E | U28: 2A | V28: 2B | Y28: 2B | AA28: 生 | AB28: 2D | AC28: 2A | AF28: 2E | AI28: 2C | AK28: 総 | AL28: =IF(C28="","",C28) -> 藤井
A29: 21 | C29: 長谷川麻 | E29: 1CD | F29: 1EF | G29: 1AB | L29: 2C | M29: 2DE | N29: 1CD | O29: 1AB | S29: 2DE | T29: 2C | U29: T2 | V29: 1EF | Z29: IJ | AA29: 2DE | AC29: 1CD | AG29: T2 | AH29: 1AB | AI29: 1EF | AJ29: 2C | AL29: =IF(C29="","",C29) -> 長谷川麻
A30: 22 | C30: 篠田 | L30: 2A | M30: 2B | N30: さくら | T30: さくら | AA30: さくら | AG30: 2D | AH30: 2C | AI30: 2E | AJ30: さくら | AL30: =IF(C30="","",C30) -> 篠田
A31: 23 | AL31: =IF(C31="","",C31)
A32: 24 | AL32: =IF(C32="","",C32)
AL33: =IF(C33="","",C33)
A34: 25 | B34: 3A | C34: 城 | E34: 3D | F34: 3C | G34: 3E | I34: 道 | L34: 3C | M34: 3A | N34: 3E | P34: 総 | R34: 3D | T34: 3C | V34: 3A | W34: 学 | AA34: 3A | AB34: 3E | AC34: 3D | AG34: 3D | AH34: 3A | AI34: 3C | AJ34: 3E | AK34: 総 | AL34: =IF(C34="","",C34) -> 城
A35: 26 | B35: 3B | C35: 幸島 | D35: 3C | E35: 3E | F35: 3B | H35: 3D | I35: 道 | K35: 3C | L35: 3E | M35: 3B | P35: 総 | R35: 3B | S35: 3D | V35: 3E | W35: 学 | AA35: 3C | AB35: 3D | AC35: 3B | AF35: 3E | AH35: 3C | AI35: 3D | AK35: 総 | AL35: =IF(C35="","",C35) -> 幸島
A36: 27 | B36: 3C | C36: 菅田 | D36: 3A | F36: 3D | G36: 3B | I36: 道 | L36: 3B | M36: 3C | N36: 3D | P36: 総 | R36: 3E | S36: 3A | U36: 3C | V36: 3D | W36: 学 | AA36: 生 | AB36: 3C | AC36: 3E | AG36: 3A | AH36: 3E | AJ36: 3B | AK36: 総 | AL36: =IF(C36="","",C36) -> 菅田
A37: 28 | B37: 3D | C37: 仲野 | D37: 3D | E37: 3B | F37: 3A | I37: 道 | K37: 待機 | M37: 3D | O37: 待機 | P37: 総 | R37: 3A | S37: 3B | T37: 待機 | W37: 学 | Z37: 3B | AA37: 3D | AC37: 3A | AG37: IJ | AH37: 3D | AI37: 3B | AJ37: 3A | AK37: 総 | AL37: =IF(C37="","",C37) -> 仲野
A38: 29 | B38: 3E | C38: 朝日 | D38: 3B | E38: 3C | G38: 2A | H38: 3E | I38: 道 | M38: 2A | O38: 3C | P38: 総 | R38: 3C | S38: 3E | V38: 3B | W38: 学 | Y38: 2A | AA38: 3E | AB38: 3B | AF38: 2A | AG38: 3E | AH38: 3B | AJ38: 3C | AK38: 総 | AL38: =IF(C38="","",C38) -> 朝日
A39: 30 | C39: 松田 | D39: 待機 | F39: 主 | G39: 3A | I39: 道 | K39: 3A | L39: 3D | N39: IJ | P39: 総 | T39: 3D | U39: 3A | Y39: 3D | Z39: 3A | AA39: 待機 | AF39: 3D | AH39: IJ | AJ39: 待機 | AK39: 総 | AL39: =IF(C39="","",C39) -> 松田
A40: 31 | C40: 長谷川俊 | D40: 3E | F40: 待機 | G40: 3C | I40: 道 | L40: 待機 | M40: 3E | N40: 待機 | P40: 総 | S40: 3C | T40: 3E | U40: 待機 | Y40: 3E | Z40: 3C | AB40: 2C | AC40: 2E | AF40: 3C | AH40: 2B | AI40: 2A | AJ40: 2D | AK40: 総 | AL40: =IF(C40="","",C40) -> 長谷川俊
A41: 32 | C41: 山田 | D41: 2AB | F41: IJ | G41: 待機 | H41: 3BC | I41: 道 | K41: 3DE | L41: 3A | O41: T2 | P41: 総 | R41: 2AB | T41: 3A | U41: 3DE | V41: 待機 | Y41: 3BC | Z41: 3DE | AB41: 2AB | AF41: 3A | AG41: 3BC | AJ41: IJ | AK41: 総 | AL41: =IF(C41="","",C41) -> 山田
A42: 33 | AL42: =IF(C42="","",C42)
A43: 34 | AL43: =IF(C43="","",C43)
A44: 35 | C44: AET１ | Y44: 1C | Z44: 1B | AA44: 1F | AB44: 2C | AC44: 2E | AG44: IJ | AH44: 2B | AI44: 2A | AJ44: 2D | AL44: =IF(C44="","",C44) -> AET１
A45: 36 | C45: AET２ | Y45: 3E | Z45: 1E | AA45: 1A | AB45: 1D | AC45: IJ | AF45: 3C | AH45: 3D | AI45: 3B | AJ45: 3A | AL45: =IF(C45="","",C45) -> AET２
AL46: =IF(C46="","",C46)
A47: 37 | B47: IJ | C47: 松村 | E47: IJ家 | F47: 主 | G47: IJ社 | H47: IJ作 | I47: 道 | K47: IJ自 | L47: IJ数 | M47: IJ音 | N47: IJ理 | P47: 総 | S47: IJ美 | T47: IJ美 | U47: IJ作 | V47: IJ国 | W47: 学 | Y47: IJ数 | AA47: IJ社 | AB47: IJ国 | AC47: IJ英 | AF47: IJ音 | AG47: IJ英 | AH47: IJ理 | AI47: IJ作 | AK47: 総 | AL47: =IF(C47="","",C47) -> 松村
A48: 38 | B48: IJ | C48: 春日井 | D48: IJ技 | F48: IJ保体 | G48: IJ社 | I48: 道 | K48: IJ自 | L48: IJ数 | N48: IJ理 | O48: IJ作 | P48: 総 | R48: IJ自 | S48: IJ美 | T48: IJ美 | V48: IJ国 | W48: 学 | Y48: IJ数 | Z48: IJ保体 | AA48: IJ社 | AB48: IJ国 | AF48: IJ音 | AH48: IJ理 | AI48: IJ作 | AJ48: IJ保体 | AK48: 総 | AL48: =IF(C48="","",C48) -> 春日井
A49: 39 | B49: IJ | C49: 野々村 | D49: IJ技 | E49: IJ家 | F49: IJ保体 | H49: IJ作 | I49: 道 | K49: IJ自 | L49: IJ数 | M49: IJ音 | O49: IJ作 | P49: 総 | R49: IJ自 | S49: IJ美 | T49: IJ美 | U49: IJ作 | W49: 学 | Y49: IJ数 | Z49: IJ保体 | AA49: 生 | AB49: IJ国 | AC49: IJ英 | AF49: IJ音 | AJ49: IJ保体 | AK49: 総 | AL49: =IF(C49="","",C49) -> 野々村
A50: 40 | AL50: =IF(C50="","",C50)
B51: （3AT） ＝ T・T授業（メイン） （3At） ＝ T・T授業（援助）
D55: IJ | E55: 2CT | G55: 1Dt | Z55: 1CDt | AA55: 1Bt | AB55: 1At | AC55: 学
E56: 2Ct | G56: 1DT | Z56: 1CＤT | AA56: 1BT | AB56: 1ＡT | AC56: 学
E57: 2A | G57: IJ | H57: IJ | Y57: 1E | AA57: 2B | AC57: 学

Sheet クラス別一覧（入力）
A2: 1 | B2: 2 | C2: 3 | D2: 4 | E2: 5 | F2: 6 | G2: 7 | H2: 8 | I2: 9 | J2: 10 | K2: 11 | L2: 12 | M2: 13 | N2: 14 | O2: 15 | P2: 16 | Q2: 17 | R2: 18 | S2: 19 | T2: 20 | U2: 21 | V2: 22 | W2: 23 | X2: 24 | Y2: 25 | Z2: 26 | AA2: 27 | AB2: 28 | AC2: 29 | AD2: 30 | AE2: 31 | AF2: 32 | AG2: 33 | AH2: 34 | AI2: 35 | AJ2: 36
G3: クラス別時間割（本時間割） | AF3: =TODAY() -> 46253
B7: クラス | C7: 月 | J7: 火 | Q7: 水 | X7: 木 | AE7: 金 | AK7: クラス
C8: 1 | D8: 2 | E8: 3 | F8: 4 | G8: 5 | H8: 6 | J8: 1 | K8: 2 | L8: 3 | M8: 4 | N8: 5 | O8: 6 | Q8: 1 | R8: 2 | S8: 3 | T8: 4 | U8: 5 | V8: 6 | X8: 1 | Y8: 2 | Z8: 3 | AA8: 4 | AB8: 5 | AC8: 6 | AE8: 1 | AF8: 2 | AG8: 3 | AH8: 4 | AI8: 5 | AJ8: 6
A9: 1 | B9: 1A | C9: 数 | D9: 音 | E9: 理 | F9: 保体 | G9: 社 | H9: 道 | J9: 技 | K9: 家 | L9: 理 | M9: 国 | N9: 保体 | O9: 英 | Q9: 社 | R9: 音美 | S9: 数 | T9: 国 | U9: 英 | V9: 学 | X9: 美 | Y9: 国 | Z9: 英 | AA9: 理 | AB9: 数 | AE9: 社 | AF9: 数 | AG9: 保体 | AH9: 英 | AI9: 国 | AJ9: 総 | AK9: 1A
A10: 2 | B10: 1B | C10: 音 | D10: 数 | E10: 国 | F10: 保体 | G10: 英 | H10: 道 | J10: 家 | K10: 技 | L10: 国 | M10: 社 | N10: 保体 | O10: 理 | Q10: 数 | R10: 美音 | S10: 英 | T10: 社 | U10: 理 | V10: 学 | X10: 数 | Y10: 英 | Z10: 美 | AA10: 国 | AB10: 社 | AE10: 英 | AF10: 国 | AG10: 保体 | AH10: 理 | AI10: 数 | AJ10: 総 | AK10: 1B
A11: 3 | B11: 1C | C11: 英 | D11: 保体 | E11: 数 | F11: 国 | G11: 音 | H11: 道 | J11: 理 | K11: 国 | L11: 英 | M11: 保体 | N11: 美 | O11: 数 | Q11: 音美 | R11: 数 | S11: 社 | T11: 理 | U11: 英 | V11: 学 | X11: 英 | Y11: 数 | Z11: 国 | AA11: 社 | AB11: 保体 | AE11: 家 | AF11: 技 | AG11: 理 | AH11: 国 | AI11: 社 | AJ11: 総 | AK11: 1C
A12: 4 | B12: 1D | C12: 社 | D12: 保体 | E12: 国 | F12: 音 | G12: 数 | H12: 道 | J12: 国 | K12: 理 | L12: 数 | M12: 保体 | N12: 英 | O12: 美 | Q12: 美音 | R12: 国 | S12: 理 | T12: 英 | U12: 数 | V12: 学 | X12: 国 | Y12: 数 | Z12: 社 | AA12: 英 | AB12: 保体 | AE12: 技 | AF12: 家 | AG12: 英 | AH12: 社 | AI12: 理 | AJ12: 総 | AK12: 1D
A13: 5 | B13: 1E | C13: 国 | D13: 理 | E13: 保体 | F13: 数 | G13: 社 | H13: 道 | J13: 社 | K13: 音美 | L13: 数 | M13: 英 | N13: 理 | O13: 国 | Q13: 数 | R13: 英 | S13: 家 | T13: 技 | U13: 保体 | V13: 学 | X13: 音 | Y13: 英 | Z13: 理 | AA13: 美 | AB13: 国 | AE13: 数 | AF13: 社 | AG13: 国 | AH13: 保体 | AI13: 英 | AJ13: 総 | AK13: 1E
A14: 6 | B14: 1F | C14: 数 | D14: 英 | E14: 保体 | F14: 国 | G14: 理 | H14: 道 | J14: 英 | K14: 美音 | L14: 社 | M14: 理 | N14: 国 | O14: 数 | Q14: 国 | R14: 理 | S14: 技 | T14: 家 | U14: 保体 | V14: 学 | X14: 社 | Y14: 音 | Z14: 英 | AA14: 国 | AB14: 数 | AE14: 社 | AF14: 英 | AG14: 数 | AH14: 保体 | AI14: 美 | AJ14: 総 | AK14: 1F
A16: 7 | B16: 2A | C16: 保体 | D16: 数 | E16: 社 | F16: 理 | G16: 国Ⅰ | H16: 道 | J16: 英 | K16: 美 | L16: 理 | M16: 数 | N16: 国Ⅱ | O16: 総 | Q16: 保体 | R16: 社 | S16: 数 | T16: 英 | U16: 技 | V16: 学 | X16: 理 | Y16: 家 | Z16: 国Ⅰ | AA16: 保体 | AB16: 英 | AE16: 理 | AF16: 国Ⅰ | AG16: 音 | AH16: 英 | AI16: 社 | AJ16: 総 | AK16: 2A
A17: 8 | B17: 2B | C17: 保体 | D17: 国Ⅱ | E17: 数 | F17: 社 | G17: 家 | H17: 道 | J17: 理 | K17: 英 | L17: 美 | M17: 社 | N17: 国Ⅰ | O17: 総 | Q17: 保体 | R17: 国Ⅰ | S17: 社 | T17: 理 | U17: 英 | V17: 学 | X17: 英 | Y17: 技 | Z17: 理 | AA17: 保体 | AB17: 数 | AE17: 数 | AF17: 音 | AG17: 英 | AH17: 理 | AI17: 国Ⅰ | AJ17: 総 | AK17: 2B
A18: 9 | B18: 2C | C18: 理 | D18: 英 | E18: 社 | F18: 技 | G18: 国Ⅱ | H18: 道 | J18: 国Ⅰ | K18: 保体 | L18: 英 | M18: 理 | N18: 数 | O18: 総 | Q18: 社 | R18: 数 | S18: 保体 | T18: 国Ⅰ | U18: 理 | V18: 学 | X18: 数 | Y18: 社 | Z18: 家 | AA18: 英 | AB18: 音 | AE18: 国Ⅰ | AF18: 理 | AG18: 美 | AH18: 英 | AI18: 保体 | AJ18: 総 | AK18: 2C
A19: 10 | B19: 2D | C19: 英 | D19: 社 | E19: 理 | F19: 国Ⅰ | G19: 技 | H19: 道 | J19: 数 | K19: 社 | L19: 保体 | M19: 国Ⅱ | N19: 英 | O19: 総 | Q19: 国Ⅰ | R19: 保体 | S19: 理 | T19: 数 | U19: 音 | V19: 学 | X19: 家 | Y19: 国Ⅰ | Z19: 保体 | AA19: 英 | AB19: 理 | AE19: 社 | AF19: 美 | AG19: 理 | AH19: 数 | AI19: 英 | AJ19: 総 | AK19: 2D
A20: 11 | B20: 2E | C20: 数 | D20: 理 | E20: 国Ⅰ | F20: 家 | G20: 英 | H20: 道 | J20: 社 | K20: 数 | L20: 保体 | M20: 国Ⅰ | N20: 理 | O20: 総 | Q20: 理 | R20: 保体 | S20: 英 | T20: 音 | U20: 国Ⅰ | V20: 学 | X20: 技 | Y20: 理 | Z20: 保体 | AA20: 社 | AB20: 英 | AE20: 英 | AF20: 数 | AG20: 社 | AH20: 美 | AI20: 国Ⅱ | AJ20: 総 | AK20: 2E
B21: 2F | H21: 道 | V21: 学 | AK21: 2F
A23: 12 | B23: ３Ａ | C23: 国 | D23: 社 | E23: 英 | F23: 理 | G23: 美 | H23: 道 | J23: 理 | K23: 保体 | L23: 数 | M23: 技家 | N23: 社 | O23: 総 | Q23: 英 | R23: 国 | S23: 保体 | T23: 理 | U23: 数 | V23: 学 | X23: 社 | Y23: 理 | Z23: 数 | AA23: 音 | AB23: 英 | AE23: 保体 | AF23: 国 | AG23: 数 | AH23: 社 | AI23: 英 | AJ23: 総 | AK23: ３Ａ
A24: 13 | B24: ３Ｂ | C24: 理 | D24: 英 | E24: 社 | F24: 国 | G24: 保体 | H24: 道 | J24: 数 | K24: 国 | L24: 社 | M24: 技家 | N24: 音 | O24: 総 | Q24: 社 | R24: 英 | S24: 数 | T24: 美 | U24: 理 | V24: 学 | X24: 保体 | Y24: 英 | Z24: 数 | AA24: 理 | AB24: 社 | AE24: 数 | AF24: 保体 | AG24: 理 | AH24: 英 | AI24: 国 | AJ24: 総 | AK24: ３Ｂ
A25: 14 | B25: ３Ｃ | C25: 社 | D25: 理 | E25: 数 | F25: 英 | G25: 保体 | H25: 道 | J25: 社 | K25: 数 | L25: 国 | M25: 音 | N25: 理 | O25: 総 | Q25: 理 | R25: 英 | S25: 数 | T25: 国 | U25: 美 | V25: 学 | X25: 保体 | Y25: 英 | Z25: 社 | AA25: 国 | AB25: 技家 | AE25: 英 | AF25: 保体 | AG25: 社 | AH25: 数 | AI25: 理 | AJ25: 総 | AK25: ３Ｃ
A26: 15 | B26: ３D | C26: 英 | D26: 数 | E26: 国 | F26: 美 | G26: 社 | H26: 道 | J26: 保体 | K26: 理 | L26: 英 | M26: 国 | N26: 技家 | O26: 総 | Q26: 数 | R26: 社 | S26: 理 | T26: 保体 | U26: 国 | V26: 学 | X26: 理 | Y26: 保体 | Z26: 英 | AA26: 社 | AB26: 数 | AE26: 理 | AF26: 数 | AG26: 英 | AH26: 社 | AI26: 音 | AJ26: 総 | AK26: ３D
A27: 16 | B27: ３E | C27: 英 | D27: 社 | E27: 美 | F27: 数 | G27: 理 | H27: 道 | J27: 保体 | K27: 社 | L27: 英 | M27: 数 | N27: 技家 | O27: 総 | Q27: 国 | R27: 理 | S27: 英 | T27: 保体 | U27: 社 | V27: 学 | X27: 英 | Y27: 保体 | Z27: 理 | AA27: 数 | AB27: 国 | AE27: 社 | AF27: 理 | AG27: 国 | AH27: 音 | AI27: 数 | AJ27: 総 | AK27: ３E
A29: 17 | B29: Ｉ・Ｊ | C29: 技 | D29: 家 | E29: 保体 | F29: 社 | G29: 作 | H29: 道 | J29: 自 | K29: 数 | L29: 音 | M29: 理 | N29: 作 | O29: 総 | Q29: 自 | R29: 美 | S29: 美 | T29: 作 | U29: 国 | V29: 学 | X29: 数 | Y29: 保体 | Z29: 社 | AA29: 国 | AB29: 英 | AE29: 音 | AF29: 英 | AG29: 理 | AH29: 作 | AI29: 保体 | AJ29: 総 | AK29: Ｉ・Ｊ

Sheet 一覧
C2: =#REF! -> #REF! | G2: 時間割表 （本時間割） | S2: 名古屋市立汐路中学校 | AC2: 45413
E4: 月 | K4: 火 | Q4: 水 | W4: 木 | AB4: 金
E5: 1 | F5: 2 | G5: 3 | H5: 4 | I5: 5 | J5: 6 | K5: 1 | L5: 2 | M5: 3 | N5: 4 | O5: 5 | P5: 6 | Q5: 1 | R5: 2 | S5: 3 | T5: 4 | U5: 5 | V5: 6 | W5: 1 | X5: 2 | Y5: 3 | Z5: 4 | AA5: 5 | AB5: 1 | AC5: 2 | AD5: 3 | AE5: 4 | AF5: 5 | AG5: 6
C6: ='クラス別一覧（入力）'!B9 -> 1A | E6: ='クラス別一覧（入力）'!C9 -> 数 | F6: ='クラス別一覧（入力）'!D9 -> 音 | G6: ='クラス別一覧（入力）'!E9 -> 理 | H6: ='クラス別一覧（入力）'!F9 -> 保体 | I6: ='クラス別一覧（入力）'!G9 -> 社 | J6: ='クラス別一覧（入力）'!H9 -> 道 | K6: ='クラス別一覧（入力）'!J9 -> 技 | L6: ='クラス別一覧（入力）'!K9 -> 家 | M6: ='クラス別一覧（入力）'!L9 -> 理 | N6: ='クラス別一覧（入力）'!M9 -> 国 | O6: ='クラス別一覧（入力）'!N9 -> 保体 | P6: ='クラス別一覧（入力）'!O9 -> 英 | Q6: ='クラス別一覧（入力）'!Q9 -> 社 | R6: ='クラス別一覧（入力）'!R9 -> 音美 | S6: ='クラス別一覧（入力）'!S9 -> 数 | T6: ='クラス別一覧（入力）'!T9 -> 国 | U6: ='クラス別一覧（入力）'!U9 -> 英 | V6: ='クラス別一覧（入力）'!V9 -> 学 | W6: ='クラス別一覧（入力）'!X9 -> 美 | X6: ='クラス別一覧（入力）'!Y9 -> 国 | Y6: ='クラス別一覧（入力）'!Z9 -> 英 | Z6: ='クラス別一覧（入力）'!AA9 -> 理 | AA6: ='クラス別一覧（入力）'!AB9 -> 数 | AB6: ='クラス別一覧（入力）'!AE9 -> 社 | AC6: ='クラス別一覧（入力）'!AF9 -> 数 | AD6: ='クラス別一覧（入力）'!AG9 -> 保体 | AE6: ='クラス別一覧（入力）'!AH9 -> 英 | AF6: ='クラス別一覧（入力）'!AI9 -> 国 | AG6: ='クラス別一覧（入力）'!AJ9 -> 総
C7: ='クラス別一覧（入力）'!B10 -> 1B | E7: ='クラス別一覧（入力）'!C10 -> 音 | F7: ='クラス別一覧（入力）'!D10 -> 数 | G7: ='クラス別一覧（入力）'!E10 -> 国 | H7: ='クラス別一覧（入力）'!F10 -> 保体 | I7: ='クラス別一覧（入力）'!G10 -> 英 | J7: ='クラス別一覧（入力）'!H10 -> 道 | K7: ='クラス別一覧（入力）'!J10 -> 家 | L7: ='クラス別一覧（入力）'!K10 -> 技 | M7: ='クラス別一覧（入力）'!L10 -> 国 | N7: ='クラス別一覧（入力）'!M10 -> 社 | O7: ='クラス別一覧（入力）'!N10 -> 保体 | P7: ='クラス別一覧（入力）'!O10 -> 理 | Q7: ='クラス別一覧（入力）'!Q10 -> 数 | R7: ='クラス別一覧（入力）'!R10 -> 美音 | S7: ='クラス別一覧（入力）'!S10 -> 英 | T7: ='クラス別一覧（入力）'!T10 -> 社 | U7: ='クラス別一覧（入力）'!U10 -> 理 | V7: ='クラス別一覧（入力）'!V10 -> 学 | W7: ='クラス別一覧（入力）'!X10 -> 数 | X7: ='クラス別一覧（入力）'!Y10 -> 英 | Y7: ='クラス別一覧（入力）'!Z10 -> 美 | Z7: ='クラス別一覧（入力）'!AA10 -> 国 | AA7: ='クラス別一覧（入力）'!AB10 -> 社 | AB7: ='クラス別一覧（入力）'!AE10 -> 英 | AC7: ='クラス別一覧（入力）'!AF10 -> 国 | AD7: ='クラス別一覧（入力）'!AG10 -> 保体 | AE7: ='クラス別一覧（入力）'!AH10 -> 理 | AF7: ='クラス別一覧（入力）'!AI10 -> 数 | AG7: ='クラス別一覧（入力）'!AJ10 -> 総
C8: ='クラス別一覧（入力）'!B11 -> 1C | E8: ='クラス別一覧（入力）'!C11 -> 英 | F8: ='クラス別一覧（入力）'!D11 -> 保体 | G8: ='クラス別一覧（入力）'!E11 -> 数 | H8: ='クラス別一覧（入力）'!F11 -> 国 | I8: ='クラス別一覧（入力）'!G11 -> 音 | J8: ='クラス別一覧（入力）'!H11 -> 道 | K8: ='クラス別一覧（入力）'!J11 -> 理 | L8: ='クラス別一覧（入力）'!K11 -> 国 | M8: ='クラス別一覧（入力）'!L11 -> 英 | N8: ='クラス別一覧（入力）'!M11 -> 保体 | O8: ='クラス別一覧（入力）'!N11 -> 美 | P8: ='クラス別一覧（入力）'!O11 -> 数 | Q8: ='クラス別一覧（入力）'!Q11 -> 音美 | R8: ='クラス別一覧（入力）'!R11 -> 数 | S8: ='クラス別一覧（入力）'!S11 -> 社 | T8: ='クラス別一覧（入力）'!T11 -> 理 | U8: ='クラス別一覧（入力）'!U11 -> 英 | V8: ='クラス別一覧（入力）'!V11 -> 学 | W8: ='クラス別一覧（入力）'!X11 -> 英 | X8: ='クラス別一覧（入力）'!Y11 -> 数 | Y8: ='クラス別一覧（入力）'!Z11 -> 国 | Z8: ='クラス別一覧（入力）'!AA11 -> 社 | AA8: ='クラス別一覧（入力）'!AB11 -> 保体 | AB8: ='クラス別一覧（入力）'!AE11 -> 家 | AC8: ='クラス別一覧（入力）'!AF11 -> 技 | AD8: ='クラス別一覧（入力）'!AG11 -> 理 | AE8: ='クラス別一覧（入力）'!AH11 -> 国 | AF8: ='クラス別一覧（入力）'!AI11 -> 社 | AG8: ='クラス別一覧（入力）'!AJ11 -> 総
C9: ='クラス別一覧（入力）'!B12 -> 1D | E9: ='クラス別一覧（入力）'!C12 -> 社 | F9: ='クラス別一覧（入力）'!D12 -> 保体 | G9: ='クラス別一覧（入力）'!E12 -> 国 | H9: ='クラス別一覧（入力）'!F12 -> 音 | I9: ='クラス別一覧（入力）'!G12 -> 数 | J9: ='クラス別一覧（入力）'!H12 -> 道 | K9: ='クラス別一覧（入力）'!J12 -> 国 | L9: ='クラス別一覧（入力）'!K12 -> 理 | M9: ='クラス別一覧（入力）'!L12 -> 数 | N9: ='クラス別一覧（入力）'!M12 -> 保体 | O9: ='クラス別一覧（入力）'!N12 -> 英 | P9: ='クラス別一覧（入力）'!O12 -> 美 | Q9: ='クラス別一覧（入力）'!Q12 -> 美音 | R9: ='クラス別一覧（入力）'!R12 -> 国 | S9: ='クラス別一覧（入力）'!S12 -> 理 | T9: ='クラス別一覧（入力）'!T12 -> 英 | U9: ='クラス別一覧（入力）'!U12 -> 数 | V9: ='クラス別一覧（入力）'!V12 -> 学 | W9: ='クラス別一覧（入力）'!X12 -> 国 | X9: ='クラス別一覧（入力）'!Y12 -> 数 | Y9: ='クラス別一覧（入力）'!Z12 -> 社 | Z9: ='クラス別一覧（入力）'!AA12 -> 英 | AA9: ='クラス別一覧（入力）'!AB12 -> 保体 | AB9: ='クラス別一覧（入力）'!AE12 -> 技 | AC9: ='クラス別一覧（入力）'!AF12 -> 家 | AD9: ='クラス別一覧（入力）'!AG12 -> 英 | AE9: ='クラス別一覧（入力）'!AH12 -> 社 | AF9: ='クラス別一覧（入力）'!AI12 -> 理 | AG9: ='クラス別一覧（入力）'!AJ12 -> 総
C10: ='クラス別一覧（入力）'!B13 -> 1E | E10: ='クラス別一覧（入力）'!C13 -> 国 | F10: ='クラス別一覧（入力）'!D13 -> 理 | G10: ='クラス別一覧（入力）'!E13 -> 保体 | H10: ='クラス別一覧（入力）'!F13 -> 数 | I10: ='クラス別一覧（入力）'!G13 -> 社 | J10: ='クラス別一覧（入力）'!H13 -> 道 | K10: ='クラス別一覧（入力）'!J13 -> 社 | L10: ='クラス別一覧（入力）'!K13 -> 音美 | M10: ='クラス別一覧（入力）'!L13 -> 数 | N10: ='クラス別一覧（入力）'!M13 -> 英 | O10: ='クラス別一覧（入力）'!N13 -> 理 | P10: ='クラス別一覧（入力）'!O13 -> 国 | Q10: ='クラス別一覧（入力）'!Q13 -> 数 | R10: ='クラス別一覧（入力）'!R13 -> 英 | S10: ='クラス別一覧（入力）'!S13 -> 家 | T10: ='クラス別一覧（入力）'!T13 -> 技 | U10: ='クラス別一覧（入力）'!U13 -> 保体 | V10: ='クラス別一覧（入力）'!V13 -> 学 | W10: ='クラス別一覧（入力）'!X13 -> 音 | X10: ='クラス別一覧（入力）'!Y13 -> 英 | Y10: ='クラス別一覧（入力）'!Z13 -> 理 | Z10: ='クラス別一覧（入力）'!AA13 -> 美 | AA10: ='クラス別一覧（入力）'!AB13 -> 国 | AB10: ='クラス別一覧（入力）'!AE13 -> 数 | AC10: ='クラス別一覧（入力）'!AF13 -> 社 | AD10: ='クラス別一覧（入力）'!AG13 -> 国 | AE10: ='クラス別一覧（入力）'!AH13 -> 保体 | AF10: ='クラス別一覧（入力）'!AI13 -> 英 | AG10: ='クラス別一覧（入力）'!AJ13 -> 総
C11: ='クラス別一覧（入力）'!B14 -> 1F | E11: ='クラス別一覧（入力）'!C14 -> 数 | F11: ='クラス別一覧（入力）'!D14 -> 英 | G11: ='クラス別一覧（入力）'!E14 -> 保体 | H11: ='クラス別一覧（入力）'!F14 -> 国 | I11: ='クラス別一覧（入力）'!G14 -> 理 | J11: ='クラス別一覧（入力）'!H14 -> 道 | K11: ='クラス別一覧（入力）'!J14 -> 英 | L11: ='クラス別一覧（入力）'!K14 -> 美音 | M11: ='クラス別一覧（入力）'!L14 -> 社 | N11: ='クラス別一覧（入力）'!M14 -> 理 | O11: ='クラス別一覧（入力）'!N14 -> 国 | P11: ='クラス別一覧（入力）'!O14 -> 数 | Q11: ='クラス別一覧（入力）'!Q14 -> 国 | R11: ='クラス別一覧（入力）'!R14 -> 理 | S11: ='クラス別一覧（入力）'!S14 -> 技 | T11: ='クラス別一覧（入力）'!T14 -> 家 | U11: ='クラス別一覧（入力）'!U14 -> 保体 | V11: ='クラス別一覧（入力）'!V14 -> 学 | W11: ='クラス別一覧（入力）'!X14 -> 社 | X11: ='クラス別一覧（入力）'!Y14 -> 音 | Y11: ='クラス別一覧（入力）'!Z14 -> 英 | Z11: ='クラス別一覧（入力）'!AA14 -> 国 | AA11: ='クラス別一覧（入力）'!AB14 -> 数 | AB11: ='クラス別一覧（入力）'!AE14 -> 社 | AC11: ='クラス別一覧（入力）'!AF14 -> 英 | AD11: ='クラス別一覧（入力）'!AG14 -> 数 | AE11: ='クラス別一覧（入力）'!AH14 -> 保体 | AF11: ='クラス別一覧（入力）'!AI14 -> 美 | AG11: ='クラス別一覧（入力）'!AJ14 -> 総
C12: ='クラス別一覧（入力）'!B16 -> 2A | E12: ='クラス別一覧（入力）'!C16 -> 保体 | F12: ='クラス別一覧（入力）'!D16 -> 数 | G12: ='クラス別一覧（入力）'!E16 -> 社 | H12: ='クラス別一覧（入力）'!F16 -> 理 | I12: ='クラス別一覧（入力）'!G16 -> 国Ⅰ | J12: ='クラス別一覧（入力）'!H16 -> 道 | K12: ='クラス別一覧（入力）'!J16 -> 英 | L12: ='クラス別一覧（入力）'!K16 -> 美 | M12: ='クラス別一覧（入力）'!L16 -> 理 | N12: ='クラス別一覧（入力）'!M16 -> 数 | O12: ='クラス別一覧（入力）'!N16 -> 国Ⅱ | P12: ='クラス別一覧（入力）'!O16 -> 総 | Q12: ='クラス別一覧（入力）'!Q16 -> 保体 | R12: ='クラス別一覧（入力）'!R16 -> 社 | S12: ='クラス別一覧（入力）'!S16 -> 数 | T12: ='クラス別一覧（入力）'!T16 -> 英 | U12: ='クラス別一覧（入力）'!U16 -> 技 | V12: ='クラス別一覧（入力）'!V16 -> 学 | W12: ='クラス別一覧（入力）'!X16 -> 理 | X12: ='クラス別一覧（入力）'!Y16 -> 家 | Y12: ='クラス別一覧（入力）'!Z16 -> 国Ⅰ | Z12: ='クラス別一覧（入力）'!AA16 -> 保体 | AA12: ='クラス別一覧（入力）'!AB16 -> 英 | AB12: ='クラス別一覧（入力）'!AE16 -> 理 | AC12: ='クラス別一覧（入力）'!AF16 -> 国Ⅰ | AD12: ='クラス別一覧（入力）'!AG16 -> 音 | AE12: ='クラス別一覧（入力）'!AH16 -> 英 | AF12: ='クラス別一覧（入力）'!AI16 -> 社 | AG12: ='クラス別一覧（入力）'!AJ16 -> 総
C13: ='クラス別一覧（入力）'!B17 -> 2B | E13: ='クラス別一覧（入力）'!C17 -> 保体 | F13: ='クラス別一覧（入力）'!D17 -> 国Ⅱ | G13: ='クラス別一覧（入力）'!E17 -> 数 | H13: ='クラス別一覧（入力）'!F17 -> 社 | I13: ='クラス別一覧（入力）'!G17 -> 家 | J13: ='クラス別一覧（入力）'!H17 -> 道 | K13: ='クラス別一覧（入力）'!J17 -> 理 | L13: ='クラス別一覧（入力）'!K17 -> 英 | M13: ='クラス別一覧（入力）'!L17 -> 美 | N13: ='クラス別一覧（入力）'!M17 -> 社 | O13: ='クラス別一覧（入力）'!N17 -> 国Ⅰ | P13: ='クラス別一覧（入力）'!O17 -> 総 | Q13: ='クラス別一覧（入力）'!Q17 -> 保体 | R13: ='クラス別一覧（入力）'!R17 -> 国Ⅰ | S13: ='クラス別一覧（入力）'!S17 -> 社 | T13: ='クラス別一覧（入力）'!T17 -> 理 | U13: ='クラス別一覧（入力）'!U17 -> 英 | V13: ='クラス別一覧（入力）'!V17 -> 学 | W13: ='クラス別一覧（入力）'!X17 -> 英 | X13: ='クラス別一覧（入力）'!Y17 -> 技 | Y13: ='クラス別一覧（入力）'!Z17 -> 理 | Z13: ='クラス別一覧（入力）'!AA17 -> 保体 | AA13: ='クラス別一覧（入力）'!AB17 -> 数 | AB13: ='クラス別一覧（入力）'!AE17 -> 数 | AC13: ='クラス別一覧（入力）'!AF17 -> 音 | AD13: ='クラス別一覧（入力）'!AG17 -> 英 | AE13: ='クラス別一覧（入力）'!AH17 -> 理 | AF13: ='クラス別一覧（入力）'!AI17 -> 国Ⅰ | AG13: ='クラス別一覧（入力）'!AJ17 -> 総
C14: ='クラス別一覧（入力）'!B18 -> 2C | E14: ='クラス別一覧（入力）'!C18 -> 理 | F14: ='クラス別一覧（入力）'!D18 -> 英 | G14: ='クラス別一覧（入力）'!E18 -> 社 | H14: ='クラス別一覧（入力）'!F18 -> 技 | I14: ='クラス別一覧（入力）'!G18 -> 国Ⅱ | J14: ='クラス別一覧（入力）'!H18 -> 道 | K14: ='クラス別一覧（入力）'!J18 -> 国Ⅰ | L14: ='クラス別一覧（入力）'!K18 -> 保体 | M14: ='クラス別一覧（入力）'!L18 -> 英 | N14: ='クラス別一覧（入力）'!M18 -> 理 | O14: ='クラス別一覧（入力）'!N18 -> 数 | P14: ='クラス別一覧（入力）'!O18 -> 総 | Q14: ='クラス別一覧（入力）'!Q18 -> 社 | R14: ='クラス別一覧（入力）'!R18 -> 数 | S14: ='クラス別一覧（入力）'!S18 -> 保体 | T14: ='クラス別一覧（入力）'!T18 -> 国Ⅰ | U14: ='クラス別一覧（入力）'!U18 -> 理 | V14: ='クラス別一覧（入力）'!V18 -> 学 | W14: ='クラス別一覧（入力）'!X18 -> 数 | X14: ='クラス別一覧（入力）'!Y18 -> 社 | Y14: ='クラス別一覧（入力）'!Z18 -> 家 | Z14: ='クラス別一覧（入力）'!AA18 -> 英 | AA14: ='クラス別一覧（入力）'!AB18 -> 音 | AB14: ='クラス別一覧（入力）'!AE18 -> 国Ⅰ | AC14: ='クラス別一覧（入力）'!AF18 -> 理 | AD14: ='クラス別一覧（入力）'!AG18 -> 美 | AE14: ='クラス別一覧（入力）'!AH18 -> 英 | AF14: ='クラス別一覧（入力）'!AI18 -> 保体 | AG14: ='クラス別一覧（入力）'!AJ18 -> 総
C15: ='クラス別一覧（入力）'!B19 -> 2D | E15: ='クラス別一覧（入力）'!C19 -> 英 | F15: ='クラス別一覧（入力）'!D19 -> 社 | G15: ='クラス別一覧（入力）'!E19 -> 理 | H15: ='クラス別一覧（入力）'!F19 -> 国Ⅰ | I15: ='クラス別一覧（入力）'!G19 -> 技 | J15: ='クラス別一覧（入力）'!H19 -> 道 | K15: ='クラス別一覧（入力）'!J19 -> 数 | L15: ='クラス別一覧（入力）'!K19 -> 社 | M15: ='クラス別一覧（入力）'!L19 -> 保体 | N15: ='クラス別一覧（入力）'!M19 -> 国Ⅱ | O15: ='クラス別一覧（入力）'!N19 -> 英 | P15: ='クラス別一覧（入力）'!O19 -> 総 | Q15: ='クラス別一覧（入力）'!Q19 -> 国Ⅰ | R15: ='クラス別一覧（入力）'!R19 -> 保体 | S15: ='クラス別一覧（入力）'!S19 -> 理 | T15: ='クラス別一覧（入力）'!T19 -> 数 | U15: ='クラス別一覧（入力）'!U19 -> 音 | V15: ='クラス別一覧（入力）'!V19 -> 学 | W15: ='クラス別一覧（入力）'!X19 -> 家 | X15: ='クラス別一覧（入力）'!Y19 -> 国Ⅰ | Y15: ='クラス別一覧（入力）'!Z19 -> 保体 | Z15: ='クラス別一覧（入力）'!AA19 -> 英 | AA15: ='クラス別一覧（入力）'!AB19 -> 理 | AB15: ='クラス別一覧（入力）'!AE19 -> 社 | AC15: ='クラス別一覧（入力）'!AF19 -> 美 | AD15: ='クラス別一覧（入力）'!AG19 -> 理 | AE15: ='クラス別一覧（入力）'!AH19 -> 数 | AF15: ='クラス別一覧（入力）'!AI19 -> 英 | AG15: ='クラス別一覧（入力）'!AJ19 -> 総
C16: ='クラス別一覧（入力）'!B20 -> 2E | E16: ='クラス別一覧（入力）'!C20 -> 数 | F16: ='クラス別一覧（入力）'!D20 -> 理 | G16: ='クラス別一覧（入力）'!E20 -> 国Ⅰ | H16: ='クラス別一覧（入力）'!F20 -> 家 | I16: ='クラス別一覧（入力）'!G20 -> 英 | J16: ='クラス別一覧（入力）'!H20 -> 道 | K16: ='クラス別一覧（入力）'!J20 -> 社 | L16: ='クラス別一覧（入力）'!K20 -> 数 | M16: ='クラス別一覧（入力）'!L20 -> 保体 | N16: ='クラス別一覧（入力）'!M20 -> 国Ⅰ | O16: ='クラス別一覧（入力）'!N20 -> 理 | P16: ='クラス別一覧（入力）'!O20 -> 総 | Q16: ='クラス別一覧（入力）'!Q20 -> 理 | R16: ='クラス別一覧（入力）'!R20 -> 保体 | S16: ='クラス別一覧（入力）'!S20 -> 英 | T16: ='クラス別一覧（入力）'!T20 -> 音 | U16: ='クラス別一覧（入力）'!U20 -> 国Ⅰ | V16: ='クラス別一覧（入力）'!V20 -> 学 | W16: ='クラス別一覧（入力）'!X20 -> 技 | X16: ='クラス別一覧（入力）'!Y20 -> 理 | Y16: ='クラス別一覧（入力）'!Z20 -> 保体 | Z16: ='クラス別一覧（入力）'!AA20 -> 社 | AA16: ='クラス別一覧（入力）'!AB20 -> 英 | AB16: ='クラス別一覧（入力）'!AE20 -> 英 | AC16: ='クラス別一覧（入力）'!AF20 -> 数 | AD16: ='クラス別一覧（入力）'!AG20 -> 社 | AE16: ='クラス別一覧（入力）'!AH20 -> 美 | AF16: ='クラス別一覧（入力）'!AI20 -> 国Ⅱ | AG16: ='クラス別一覧（入力）'!AJ20 -> 総
C17: ='クラス別一覧（入力）'!B21 -> 2F | E17: ='クラス別一覧（入力）'!C21 -> 0 | F17: ='クラス別一覧（入力）'!D21 -> 0 | G17: ='クラス別一覧（入力）'!E21 -> 0 | H17: ='クラス別一覧（入力）'!F21 -> 0 | I17: ='クラス別一覧（入力）'!G21 -> 0 | J17: ='クラス別一覧（入力）'!H21 -> 道 | K17: ='クラス別一覧（入力）'!J21 -> 0 | L17: ='クラス別一覧（入力）'!K21 -> 0 | M17: ='クラス別一覧（入力）'!L21 -> 0 | N17: ='クラス別一覧（入力）'!M21 -> 0 | O17: ='クラス別一覧（入力）'!N21 -> 0 | P17: ='クラス別一覧（入力）'!O21 -> 0 | Q17: ='クラス別一覧（入力）'!Q21 -> 0 | R17: ='クラス別一覧（入力）'!R21 -> 0 | S17: ='クラス別一覧（入力）'!S21 -> 0 | T17: ='クラス別一覧（入力）'!T21 -> 0 | U17: ='クラス別一覧（入力）'!U21 -> 0 | V17: ='クラス別一覧（入力）'!V21 -> 学 | W17: ='クラス別一覧（入力）'!X21 -> 0 | X17: ='クラス別一覧（入力）'!Y21 -> 0 | Y17: ='クラス別一覧（入力）'!Z21 -> 0 | Z17: ='クラス別一覧（入力）'!AA21 -> 0 | AA17: ='クラス別一覧（入力）'!AB21 -> 0 | AB17: ='クラス別一覧（入力）'!AE21 -> 0 | AC17: ='クラス別一覧（入力）'!AF21 -> 0 | AD17: ='クラス別一覧（入力）'!AG21 -> 0 | AE17: ='クラス別一覧（入力）'!AH21 -> 0 | AF17: ='クラス別一覧（入力）'!AI21 -> 0 | AG17: ='クラス別一覧（入力）'!AJ21 -> 0
C18: ='クラス別一覧（入力）'!B23 -> ３Ａ | E18: ='クラス別一覧（入力）'!C23 -> 国 | F18: ='クラス別一覧（入力）'!D23 -> 社 | G18: ='クラス別一覧（入力）'!E23 -> 英 | H18: ='クラス別一覧（入力）'!F23 -> 理 | I18: ='クラス別一覧（入力）'!G23 -> 美 | J18: ='クラス別一覧（入力）'!H23 -> 道 | K18: ='クラス別一覧（入力）'!J23 -> 理 | L18: ='クラス別一覧（入力）'!K23 -> 保体 | M18: ='クラス別一覧（入力）'!L23 -> 数 | N18: ='クラス別一覧（入力）'!M23 -> 技家 | O18: ='クラス別一覧（入力）'!N23 -> 社 | P18: ='クラス別一覧（入力）'!O23 -> 総 | Q18: ='クラス別一覧（入力）'!Q23 -> 英 | R18: ='クラス別一覧（入力）'!R23 -> 国 | S18: ='クラス別一覧（入力）'!S23 -> 保体 | T18: ='クラス別一覧（入力）'!T23 -> 理 | U18: ='クラス別一覧（入力）'!U23 -> 数 | V18: ='クラス別一覧（入力）'!V23 -> 学 | W18: ='クラス別一覧（入力）'!X23 -> 社 | X18: ='クラス別一覧（入力）'!Y23 -> 理 | Y18: ='クラス別一覧（入力）'!Z23 -> 数 | Z18: ='クラス別一覧（入力）'!AA23 -> 音 | AA18: ='クラス別一覧（入力）'!AB23 -> 英 | AB18: ='クラス別一覧（入力）'!AE23 -> 保体 | AC18: ='クラス別一覧（入力）'!AF23 -> 国 | AD18: ='クラス別一覧（入力）'!AG23 -> 数 | AE18: ='クラス別一覧（入力）'!AH23 -> 社 | AF18: ='クラス別一覧（入力）'!AI23 -> 英 | AG18: ='クラス別一覧（入力）'!AJ23 -> 総
C19: ='クラス別一覧（入力）'!B24 -> ３Ｂ | E19: ='クラス別一覧（入力）'!C24 -> 理 | F19: ='クラス別一覧（入力）'!D24 -> 英 | G19: ='クラス別一覧（入力）'!E24 -> 社 | H19: ='クラス別一覧（入力）'!F24 -> 国 | I19: ='クラス別一覧（入力）'!G24 -> 保体 | J19: ='クラス別一覧（入力）'!H24 -> 道 | K19: ='クラス別一覧（入力）'!J24 -> 数 | L19: ='クラス別一覧（入力）'!K24 -> 国 | M19: ='クラス別一覧（入力）'!L24 -> 社 | N19: ='クラス別一覧（入力）'!M24 -> 技家 | O19: ='クラス別一覧（入力）'!N24 -> 音 | P19: ='クラス別一覧（入力）'!O24 -> 総 | Q19: ='クラス別一覧（入力）'!Q24 -> 社 | R19: ='クラス別一覧（入力）'!R24 -> 英 | S19: ='クラス別一覧（入力）'!S24 -> 数 | T19: ='クラス別一覧（入力）'!T24 -> 美 | U19: ='クラス別一覧（入力）'!U24 -> 理 | V19: ='クラス別一覧（入力）'!V24 -> 学 | W19: ='クラス別一覧（入力）'!X24 -> 保体 | X19: ='クラス別一覧（入力）'!Y24 -> 英 | Y19: ='クラス別一覧（入力）'!Z24 -> 数 | Z19: ='クラス別一覧（入力）'!AA24 -> 理 | AA19: ='クラス別一覧（入力）'!AB24 -> 社 | AB19: ='クラス別一覧（入力）'!AE24 -> 数 | AC19: ='クラス別一覧（入力）'!AF24 -> 保体 | AD19: ='クラス別一覧（入力）'!AG24 -> 理 | AE19: ='クラス別一覧（入力）'!AH24 -> 英 | AF19: ='クラス別一覧（入力）'!AI24 -> 国 | AG19: ='クラス別一覧（入力）'!AJ24 -> 総
C20: ='クラス別一覧（入力）'!B25 -> ３Ｃ | E20: ='クラス別一覧（入力）'!C25 -> 社 | F20: ='クラス別一覧（入力）'!D25 -> 理 | G20: ='クラス別一覧（入力）'!E25 -> 数 | H20: ='クラス別一覧（入力）'!F25 -> 英 | I20: ='クラス別一覧（入力）'!G25 -> 保体 | J20: ='クラス別一覧（入力）'!H25 -> 道 | K20: ='クラス別一覧（入力）'!J25 -> 社 | L20: ='クラス別一覧（入力）'!K25 -> 数 | M20: ='クラス別一覧（入力）'!L25 -> 国 | N20: ='クラス別一覧（入力）'!M25 -> 音 | O20: ='クラス別一覧（入力）'!N25 -> 理 | P20: ='クラス別一覧（入力）'!O25 -> 総 | Q20: ='クラス別一覧（入力）'!Q25 -> 理 | R20: ='クラス別一覧（入力）'!R25 -> 英 | S20: ='クラス別一覧（入力）'!S25 -> 数 | T20: ='クラス別一覧（入力）'!T25 -> 国 | U20: ='クラス別一覧（入力）'!U25 -> 美 | V20: ='クラス別一覧（入力）'!V25 -> 学 | W20: ='クラス別一覧（入力）'!X25 -> 保体 | X20: ='クラス別一覧（入力）'!Y25 -> 英 | Y20: ='クラス別一覧（入力）'!Z25 -> 社 | Z20: ='クラス別一覧（入力）'!AA25 -> 国 | AA20: ='クラス別一覧（入力）'!AB25 -> 技家 | AB20: ='クラス別一覧（入力）'!AE25 -> 英 | AC20: ='クラス別一覧（入力）'!AF25 -> 保体 | AD20: ='クラス別一覧（入力）'!AG25 -> 社 | AE20: ='クラス別一覧（入力）'!AH25 -> 数 | AF20: ='クラス別一覧（入力）'!AI25 -> 理 | AG20: ='クラス別一覧（入力）'!AJ25 -> 総
C21: ='クラス別一覧（入力）'!B26 -> ３D | E21: ='クラス別一覧（入力）'!C26 -> 英 | F21: ='クラス別一覧（入力）'!D26 -> 数 | G21: ='クラス別一覧（入力）'!E26 -> 国 | H21: ='クラス別一覧（入力）'!F26 -> 美 | I21: ='クラス別一覧（入力）'!G26 -> 社 | J21: ='クラス別一覧（入力）'!H26 -> 道 | K21: ='クラス別一覧（入力）'!J26 -> 保体 | L21: ='クラス別一覧（入力）'!K26 -> 理 | M21: ='クラス別一覧（入力）'!L26 -> 英 | N21: ='クラス別一覧（入力）'!M26 -> 国 | O21: ='クラス別一覧（入力）'!N26 -> 技家 | P21: ='クラス別一覧（入力）'!O26 -> 総 | Q21: ='クラス別一覧（入力）'!Q26 -> 数 | R21: ='クラス別一覧（入力）'!R26 -> 社 | S21: ='クラス別一覧（入力）'!S26 -> 理 | T21: ='クラス別一覧（入力）'!T26 -> 保体 | U21: ='クラス別一覧（入力）'!U26 -> 国 | V21: ='クラス別一覧（入力）'!V26 -> 学 | W21: ='クラス別一覧（入力）'!X26 -> 理 | X21: ='クラス別一覧（入力）'!Y26 -> 保体 | Y21: ='クラス別一覧（入力）'!Z26 -> 英 | Z21: ='クラス別一覧（入力）'!AA26 -> 社 | AA21: ='クラス別一覧（入力）'!AB26 -> 数 | AB21: ='クラス別一覧（入力）'!AE26 -> 理 | AC21: ='クラス別一覧（入力）'!AF26 -> 数 | AD21: ='クラス別一覧（入力）'!AG26 -> 英 | AE21: ='クラス別一覧（入力）'!AH26 -> 社 | AF21: ='クラス別一覧（入力）'!AI26 -> 音 | AG21: ='クラス別一覧（入力）'!AJ26 -> 総
C22: ='クラス別一覧（入力）'!B27 -> ３E | E22: ='クラス別一覧（入力）'!C27 -> 英 | F22: ='クラス別一覧（入力）'!D27 -> 社 | G22: ='クラス別一覧（入力）'!E27 -> 美 | H22: ='クラス別一覧（入力）'!F27 -> 数 | I22: ='クラス別一覧（入力）'!G27 -> 理 | J22: ='クラス別一覧（入力）'!H27 -> 道 | K22: ='クラス別一覧（入力）'!J27 -> 保体 | L22: ='クラス別一覧（入力）'!K27 -> 社 | M22: ='クラス別一覧（入力）'!L27 -> 英 | N22: ='クラス別一覧（入力）'!M27 -> 数 | O22: ='クラス別一覧（入力）'!N27 -> 技家 | P22: ='クラス別一覧（入力）'!O27 -> 総 | Q22: ='クラス別一覧（入力）'!Q27 -> 国 | R22: ='クラス別一覧（入力）'!R27 -> 理 | S22: ='クラス別一覧（入力）'!S27 -> 英 | T22: ='クラス別一覧（入力）'!T27 -> 保体 | U22: ='クラス別一覧（入力）'!U27 -> 社 | V22: ='クラス別一覧（入力）'!V27 -> 学 | W22: ='クラス別一覧（入力）'!X27 -> 英 | X22: ='クラス別一覧（入力）'!Y27 -> 保体 | Y22: ='クラス別一覧（入力）'!Z27 -> 理 | Z22: ='クラス別一覧（入力）'!AA27 -> 数 | AA22: ='クラス別一覧（入力）'!AB27 -> 国 | AB22: ='クラス別一覧（入力）'!AE27 -> 社 | AC22: ='クラス別一覧（入力）'!AF27 -> 理 | AD22: ='クラス別一覧（入力）'!AG27 -> 国 | AE22: ='クラス別一覧（入力）'!AH27 -> 音 | AF22: ='クラス別一覧（入力）'!AI27 -> 数 | AG22: ='クラス別一覧（入力）'!AJ27 -> 総
C23: ='クラス別一覧（入力）'!B29 -> Ｉ・Ｊ | E23: ='クラス別一覧（入力）'!C29 -> 技 | F23: ='クラス別一覧（入力）'!D29 -> 家 | G23: ='クラス別一覧（入力）'!E29 -> 保体 | H23: ='クラス別一覧（入力）'!F29 -> 社 | I23: ='クラス別一覧（入力）'!G29 -> 作 | J23: ='クラス別一覧（入力）'!H29 -> 道 | K23: ='クラス別一覧（入力）'!J29 -> 自 | L23: ='クラス別一覧（入力）'!K29 -> 数 | M23: ='クラス別一覧（入力）'!L29 -> 音 | N23: ='クラス別一覧（入力）'!M29 -> 理 | O23: ='クラス別一覧（入力）'!N29 -> 作 | P23: ='クラス別一覧（入力）'!O29 -> 総 | Q23: ='クラス別一覧（入力）'!Q29 -> 自 | R23: ='クラス別一覧（入力）'!R29 -> 美 | S23: ='クラス別一覧（入力）'!S29 -> 美 | T23: ='クラス別一覧（入力）'!T29 -> 作 | U23: ='クラス別一覧（入力）'!U29 -> 国 | V23: ='クラス別一覧（入力）'!V29 -> 学 | W23: ='クラス別一覧（入力）'!X29 -> 数 | X23: ='クラス別一覧（入力）'!Y29 -> 保体 | Y23: ='クラス別一覧（入力）'!Z29 -> 社 | Z23: ='クラス別一覧（入力）'!AA29 -> 国 | AA23: ='クラス別一覧（入力）'!AB29 -> 英 | AB23: ='クラス別一覧（入力）'!AE29 -> 音 | AC23: ='クラス別一覧（入力）'!AF29 -> 英 | AD23: ='クラス別一覧（入力）'!AG29 -> 理 | AE23: ='クラス別一覧（入力）'!AH29 -> 作 | AF23: ='クラス別一覧（入力）'!AI29 -> 保体 | AG23: ='クラス別一覧（入力）'!AJ29 -> 総
E25: 月 | K25: 火 | Q25: 水 | W25: 木 | AB25: 金
E26: 1 | F26: 2 | G26: 3 | H26: 4 | I26: 5 | J26: 6 | K26: 1 | L26: 2 | M26: 3 | N26: 4 | O26: 5 | P26: 6 | Q26: 1 | R26: 2 | S26: 3 | T26: 4 | U26: 5 | V26: 6 | W26: 1 | X26: 2 | Y26: 3 | Z26: 4 | AA26: 5 | AB26: 1 | AC26: 2 | AD26: 3 | AE26: 4 | AF26: 5 | AG26: 6
C27: =Sheet1!B7 -> 1A | D27: =Sheet1!C7 -> 柿家 | E27: =Sheet1!D7 -> 0 | F27: =Sheet1!E7 -> 3A | G27: =Sheet1!F7 -> 主 | H27: =Sheet1!G7 -> 0 | I27: =Sheet1!H7 -> 1A | J27: =Sheet1!I7 -> 道 | K27: =Sheet1!K7 -> 0 | L27: =Sheet1!L7 -> 待機 | M27: =Sheet1!M7 -> 3A | N27: =Sheet1!N7 -> 0 | O27: =Sheet1!O7 -> 0 | P27: =Sheet1!P7 -> 1B | Q27: =Sheet1!R7 -> 1A | R27: =Sheet1!S7 -> 0 | S27: =Sheet1!T7 -> 1C | T27: =Sheet1!U7 -> 0 | U27: =Sheet1!V7 -> 1B | V27: =Sheet1!W7 -> 学 | W27: =Sheet1!Y7 -> 1B | X27: =Sheet1!Z7 -> 0 | Y27: =Sheet1!AA7 -> 生 | Z27: =Sheet1!AB7 -> 1C | AA27: =Sheet1!AC7 -> 3A | AB27: =Sheet1!AF7 -> 1A | AC27: =Sheet1!AG7 -> 0 | AD27: =Sheet1!AH7 -> 0 | AE27: =Sheet1!AI7 -> 3A | AF27: =Sheet1!AJ7 -> 1C | AG27: =Sheet1!AK7 -> 総
C28: =Sheet1!B8 -> 1B | D28: =Sheet1!C8 -> 石垣 | E28: =Sheet1!D8 -> 0 | F28: =Sheet1!E8 -> 0 | G28: =Sheet1!F8 -> 3E | H28: =Sheet1!G8 -> 3D | I28: =Sheet1!H8 -> 3A | J28: =Sheet1!I8 -> 道 | K28: =Sheet1!K8 -> 0 | L28: =Sheet1!L8 -> 1FE | M28: =Sheet1!M8 -> 0 | N28: =Sheet1!N8 -> 0 | O28: =Sheet1!O8 -> 1C | P28: =Sheet1!P8 -> 1D | Q28: =Sheet1!R8 -> 1DC | R28: =Sheet1!S8 -> 1BA | S28: =Sheet1!T8 -> 0 | T28: =Sheet1!U8 -> 3B | U28: =Sheet1!V8 -> 3C | V28: =Sheet1!W8 -> 学 | W28: =Sheet1!Y8 -> 0 | X28: =Sheet1!Z8 -> 1A | Y28: =Sheet1!AA8 -> 1B | Z28: =Sheet1!AB8 -> 1E | AA28: =Sheet1!AC8 -> 0 | AB28: =Sheet1!AF8 -> 待機 | AC28: =Sheet1!AG8 -> 待機 | AD28: =Sheet1!AH8 -> 待機 | AE28: =Sheet1!AI8 -> 0 | AF28: =Sheet1!AJ8 -> 1F | AG28: =Sheet1!AK8 -> 総
C29: =Sheet1!B9 -> 1C | D29: =Sheet1!C9 -> 石飛 | E29: =Sheet1!D9 -> 1C | F29: =Sheet1!E9 -> 1F | G29: =Sheet1!F9 -> 主 | H29: =Sheet1!G9 -> 0 | I29: =Sheet1!H9 -> 1B | J29: =Sheet1!I9 -> 道 | K29: =Sheet1!K9 -> 1F | L29: =Sheet1!L9 -> 0 | M29: =Sheet1!M9 -> 1CT | N29: =Sheet1!N9 -> 0 | O29: =Sheet1!O9 -> 1Dt | P29: =Sheet1!P9 -> 0 | Q29: =Sheet1!R9 -> 0 | R29: =Sheet1!S9 -> 0 | S29: =Sheet1!T9 -> 1BT | T29: =Sheet1!U9 -> 1C | U29: =Sheet1!V9 -> 0 | V29: =Sheet1!W9 -> 学 | W29: =Sheet1!Y9 -> 1C | X29: =Sheet1!Z9 -> 1B | Y29: =Sheet1!AA9 -> 1F | Z29: =Sheet1!AB9 -> 0 | AA29: =Sheet1!AC9 -> 0 | AB29: =Sheet1!AF9 -> 1B | AC29: =Sheet1!AG9 -> 1FT | AD29: =Sheet1!AH9 -> 0 | AE29: =Sheet1!AI9 -> 1At | AF29: =Sheet1!AJ9 -> 1Et | AG29: =Sheet1!AK9 -> 総
C30: =Sheet1!B10 -> 1C | D30: =Sheet1!C10 -> 高橋咲 | E30: =Sheet1!D10 -> 1A | F30: =Sheet1!E10 -> 0 | G30: =Sheet1!F10 -> 1C | H30: =Sheet1!G10 -> 0 | I30: =Sheet1!H10 -> 1E | J30: =Sheet1!I10 -> 道 | K30: =Sheet1!K10 -> 0 | L30: =Sheet1!L10 -> IJ | M30: =Sheet1!M10 -> 1E | N30: =Sheet1!N10 -> 0 | O30: =Sheet1!O10 -> 0 | P30: =Sheet1!P10 -> 1C | Q30: =Sheet1!R10 -> 1E | R30: =Sheet1!S10 -> 1C | S30: =Sheet1!T10 -> 1A | T30: =Sheet1!U10 -> 0 | U30: =Sheet1!V10 -> 0 | V30: =Sheet1!W10 -> 学 | W30: =Sheet1!Y10 -> IJ | X30: =Sheet1!Z10 -> 1C | Y30: =Sheet1!AA10 -> 0 | Z30: =Sheet1!AB10 -> 0 | AA30: =Sheet1!AC10 -> 1A | AB30: =Sheet1!AF10 -> 1E | AC30: =Sheet1!AG10 -> 1A | AD30: =Sheet1!AH10 -> 初 | AE30: =Sheet1!AI10 -> 初 | AF30: =Sheet1!AJ10 -> 0 | AG30: =Sheet1!AK10 -> 総
C31: =Sheet1!B11 -> 1D | D31: =Sheet1!C11 -> 馬場 | E31: =Sheet1!D11 -> 1F | F31: =Sheet1!E11 -> 0 | G31: =Sheet1!F11 -> 1D | H31: =Sheet1!G11 -> 1E | I31: =Sheet1!H11 -> 0 | J31: =Sheet1!I11 -> 道 | K31: =Sheet1!K11 -> 1D | L31: =Sheet1!L11 -> 0 | M31: =Sheet1!M11 -> 1F | N31: =Sheet1!N11 -> 1A | O31: =Sheet1!O11 -> 0 | P31: =Sheet1!P11 -> 1E | Q31: =Sheet1!R11 -> 1F | R31: =Sheet1!S11 -> 1D | S31: =Sheet1!T11 -> 0 | T31: =Sheet1!U11 -> 1A | U31: =Sheet1!V11 -> IJ | V31: =Sheet1!W11 -> 学 | W31: =Sheet1!Y11 -> 1A | X31: =Sheet1!Z11 -> 0 | Y31: =Sheet1!AA11 -> 1D | Z31: =Sheet1!AB11 -> 1F | AA31: =Sheet1!AC11 -> 1E | AB31: =Sheet1!AF11 -> 0 | AC31: =Sheet1!AG11 -> 0 | AD31: =Sheet1!AH11 -> 1E | AE31: =Sheet1!AI11 -> 0 | AF31: =Sheet1!AJ11 -> 1A | AG31: =Sheet1!AK11 -> 総
C32: =Sheet1!B12 -> 1E | D32: =Sheet1!C12 -> 谷口 | E32: =Sheet1!D12 -> IJ | F32: =Sheet1!E12 -> IJ | G32: =Sheet1!F12 -> 0 | H32: =Sheet1!G12 -> 2E | I32: =Sheet1!H12 -> 2B | J32: =Sheet1!I12 -> 道 | K32: =Sheet1!K12 -> 1B | L32: =Sheet1!L12 -> 1A | M32: =Sheet1!M12 -> 0 | N32: =Sheet1!N12 -> 3AB | O32: =Sheet1!O12 -> 3DE | P32: =Sheet1!P12 -> 0 | Q32: =Sheet1!R12 -> 待機 | R32: =Sheet1!S12 -> 0 | S32: =Sheet1!T12 -> 1E | T32: =Sheet1!U12 -> 1F | U32: =Sheet1!V12 -> 0 | V32: =Sheet1!W12 -> 学 | W32: =Sheet1!Y12 -> 2D | X32: =Sheet1!Z12 -> 2A | Y32: =Sheet1!AA12 -> 2C | Z32: =Sheet1!AB12 -> 0 | AA32: =Sheet1!AC12 -> 3C | AB32: =Sheet1!AF12 -> 1C | AC32: =Sheet1!AG12 -> 1D | AD32: =Sheet1!AH12 -> 0 | AE32: =Sheet1!AI12 -> T2 | AF32: =Sheet1!AJ12 -> 0 | AG32: =Sheet1!AK12 -> 総
C33: =Sheet1!B13 -> 1F | D33: =Sheet1!C13 -> 西脇 | E33: =Sheet1!D13 -> 0 | F33: =Sheet1!E13 -> 1CD | G33: =Sheet1!F13 -> 1EF | H33: =Sheet1!G13 -> 1AB | I33: =Sheet1!H13 -> 0 | J33: =Sheet1!I13 -> 道 | K33: =Sheet1!K13 -> 3DE | L33: =Sheet1!L13 -> 3A | M33: =Sheet1!M13 -> 0 | N33: =Sheet1!N13 -> 1CD | O33: =Sheet1!O13 -> 1AB | P33: =Sheet1!P13 -> 0 | Q33: =Sheet1!R13 -> 0 | R33: =Sheet1!S13 -> 0 | S33: =Sheet1!T13 -> 3A | T33: =Sheet1!U13 -> 3DE | U33: =Sheet1!V13 -> 1EF | V33: =Sheet1!W13 -> 学 | W33: =Sheet1!Y13 -> 待機 | X33: =Sheet1!Z13 -> 3DE | Y33: =Sheet1!AA13 -> 生 | Z33: =Sheet1!AB13 -> 0 | AA33: =Sheet1!AC13 -> 1CD | AB33: =Sheet1!AF13 -> 3A | AC33: =Sheet1!AG13 -> 0 | AD33: =Sheet1!AH13 -> 1AB | AE33: =Sheet1!AI13 -> 1EF | AF33: =Sheet1!AJ13 -> 0 | AG33: =Sheet1!AK13 -> 総
C34: =Sheet1!B14 -> 0 | D34: =Sheet1!C14 -> 安井 | E34: =Sheet1!D14 -> 0 | F34: =Sheet1!E14 -> 1E | G34: =Sheet1!F14 -> 1A | H34: =Sheet1!G14 -> 0 | I34: =Sheet1!H14 -> 1F | J34: =Sheet1!I14 -> 道 | K34: =Sheet1!K14 -> 0 | L34: =Sheet1!L14 -> 1D | M34: =Sheet1!M14 -> 1A | N34: =Sheet1!N14 -> 1B | O34: =Sheet1!O14 -> 1E | P34: =Sheet1!P14 -> 1F | Q34: =Sheet1!R14 -> 0 | R34: =Sheet1!S14 -> 1F | S34: =Sheet1!T14 -> 1D | T34: =Sheet1!U14 -> 1B | U34: =Sheet1!V14 -> 0 | V34: =Sheet1!W14 -> 0 | W34: =Sheet1!Y14 -> 0 | X34: =Sheet1!Z14 -> 0 | Y34: =Sheet1!AA14 -> 1E | Z34: =Sheet1!AB14 -> 1A | AA34: =Sheet1!AC14 -> 0 | AB34: =Sheet1!AF14 -> 0 | AC34: =Sheet1!AG14 -> 0 | AD34: =Sheet1!AH14 -> 0 | AE34: =Sheet1!AI14 -> 1B | AF34: =Sheet1!AJ14 -> 1D | AG34: =Sheet1!AK14 -> 総
C35: =Sheet1!B15 -> 0 | D35: =Sheet1!C15 -> 浅田 | E35: =Sheet1!D15 -> 1B | F35: =Sheet1!E15 -> 1A | G35: =Sheet1!F15 -> 0 | H35: =Sheet1!G15 -> 1D | I35: =Sheet1!H15 -> 1C | J35: =Sheet1!I15 -> 0 | K35: =Sheet1!K15 -> 0 | L35: =Sheet1!L15 -> 1EF | M35: =Sheet1!M15 -> 0 | N35: =Sheet1!N15 -> 3C | O35: =Sheet1!O15 -> 3B | P35: =Sheet1!P15 -> 0 | Q35: =Sheet1!R15 -> 1CD | R35: =Sheet1!S15 -> 1AB | S35: =Sheet1!T15 -> 0 | T35: =Sheet1!U15 -> 2E | U35: =Sheet1!V15 -> 2D | V35: =Sheet1!W15 -> 0 | W35: =Sheet1!Y15 -> 1E | X35: =Sheet1!Z15 -> 1F | Y35: =Sheet1!AA15 -> 0 | Z35: =Sheet1!AB15 -> 3A | AA35: =Sheet1!AC15 -> 2C | AB35: =Sheet1!AF15 -> 0 | AC35: =Sheet1!AG15 -> 2B | AD35: =Sheet1!AH15 -> 2A | AE35: =Sheet1!AI15 -> 3E | AF35: =Sheet1!AJ15 -> 3D | AG35: =Sheet1!AK15 -> 0
C36: =Sheet1!B16 -> 0 | D36: =Sheet1!C16 -> 渡邉 | E36: =Sheet1!D16 -> 1D | F36: =Sheet1!E16 -> 1B | G36: =Sheet1!F16 -> 主 | H36: =Sheet1!G16 -> 1F | I36: =Sheet1!H16 -> 0 | J36: =Sheet1!I16 -> 0 | K36: =Sheet1!K16 -> 3B | L36: =Sheet1!L16 -> 0 | M36: =Sheet1!M16 -> 1D | N36: =Sheet1!N16 -> 1F | O36: =Sheet1!O16 -> 0 | P36: =Sheet1!P16 -> 0 | Q36: =Sheet1!R16 -> 1B | R36: =Sheet1!S16 -> 0 | S36: =Sheet1!T16 -> 3B | T36: =Sheet1!U16 -> 0 | U36: =Sheet1!V16 -> 1D | V36: =Sheet1!W16 -> 0 | W36: =Sheet1!Y16 -> 1F | X36: =Sheet1!Z16 -> 1D | Y36: =Sheet1!AA16 -> 3B | Z36: =Sheet1!AB16 -> 0 | AA36: =Sheet1!AC16 -> 1B | AB36: =Sheet1!AF16 -> 3B | AC36: =Sheet1!AG16 -> 初 | AD36: =Sheet1!AH16 -> 1F | AE36: =Sheet1!AI16 -> 初 | AF36: =Sheet1!AJ16 -> 1B | AG36: =Sheet1!AK16 -> 0
C37: =Sheet1!B21 -> 2A | D37: =Sheet1!C21 -> 大島 | E37: =Sheet1!D21 -> 0 | F37: =Sheet1!E21 -> 0 | G37: =Sheet1!F21 -> 2E | H37: =Sheet1!G21 -> 2D | I37: =Sheet1!H21 -> 2A | J37: =Sheet1!I21 -> 道 | K37: =Sheet1!K21 -> 2C | L37: =Sheet1!L21 -> 0 | M37: =Sheet1!M21 -> 0 | N37: =Sheet1!N21 -> 2E | O37: =Sheet1!O21 -> 2B | P37: =Sheet1!P21 -> 総 | Q37: =Sheet1!R21 -> 2D | R37: =Sheet1!S21 -> 2B | S37: =Sheet1!T21 -> 0 | T37: =Sheet1!U21 -> 2C | U37: =Sheet1!V21 -> 2E | V37: =Sheet1!W21 -> 学 | W37: =Sheet1!Y21 -> 0 | X37: =Sheet1!Z21 -> 2D | Y37: =Sheet1!AA21 -> 2A | Z37: =Sheet1!AB21 -> IJ | AA37: =Sheet1!AC21 -> 0 | AB37: =Sheet1!AF21 -> 2C | AC37: =Sheet1!AG21 -> 2A | AD37: =Sheet1!AH21 -> 0 | AE37: =Sheet1!AI21 -> 0 | AF37: =Sheet1!AJ21 -> 2B | AG37: =Sheet1!AK21 -> 総
C38: =Sheet1!B22 -> 2B | D38: =Sheet1!C22 -> 名倉 | E38: =Sheet1!D22 -> 1E | F38: =Sheet1!E22 -> 0 | G38: =Sheet1!F22 -> 2A | H38: =Sheet1!G22 -> 2B | I38: =Sheet1!H22 -> 1D | J38: =Sheet1!I22 -> 道 | K38: =Sheet1!K22 -> 1E | L38: =Sheet1!L22 -> 0 | M38: =Sheet1!M22 -> 0 | N38: =Sheet1!N22 -> 2B | O38: =Sheet1!O22 -> 1F | P38: =Sheet1!P22 -> 総 | Q38: =Sheet1!R22 -> 0 | R38: =Sheet1!S22 -> 2A | S38: =Sheet1!T22 -> 2B | T38: =Sheet1!U22 -> 0 | U38: =Sheet1!V22 -> 0 | V38: =Sheet1!W22 -> 学 | W38: =Sheet1!Y22 -> 1D | X38: =Sheet1!Z22 -> 待機 | Y38: =Sheet1!AA22 -> 0 | Z38: =Sheet1!AB22 -> 0 | AA38: =Sheet1!AC22 -> 1F | AB38: =Sheet1!AF22 -> 1F | AC38: =Sheet1!AG22 -> 1E | AD38: =Sheet1!AH22 -> 0 | AE38: =Sheet1!AI22 -> 1D | AF38: =Sheet1!AJ22 -> 2A | AG38: =Sheet1!AK22 -> 総
C39: =Sheet1!B23 -> 2C | D39: =Sheet1!C23 -> 浅野 | E39: =Sheet1!D23 -> IJ | F39: =Sheet1!E23 -> IJ | G39: =Sheet1!F23 -> 0 | H39: =Sheet1!G23 -> 2C | I39: =Sheet1!H23 -> 2D | J39: =Sheet1!I23 -> 道 | K39: =Sheet1!K23 -> 1A | L39: =Sheet1!L23 -> 1B | M39: =Sheet1!M23 -> 0 | N39: =Sheet1!N23 -> 3AB | O39: =Sheet1!O23 -> 3DE | P39: =Sheet1!P23 -> 総 | Q39: =Sheet1!R23 -> 0 | R39: =Sheet1!S23 -> 0 | S39: =Sheet1!T23 -> 1F | T39: =Sheet1!U23 -> 1E | U39: =Sheet1!V23 -> 2A | V39: =Sheet1!W23 -> 学 | W39: =Sheet1!Y23 -> 2E | X39: =Sheet1!Z23 -> 2B | Y39: =Sheet1!AA23 -> 0 | Z39: =Sheet1!AB23 -> 0 | AA39: =Sheet1!AC23 -> 3C | AB39: =Sheet1!AF23 -> 1D | AC39: =Sheet1!AG23 -> 1C | AD39: =Sheet1!AH23 -> 0 | AE39: =Sheet1!AI23 -> 待機 | AF39: =Sheet1!AJ23 -> 0 | AG39: =Sheet1!AK23 -> 総
C40: =Sheet1!B24 -> 2C | D40: =Sheet1!C24 -> 酒井 | E40: =Sheet1!D24 -> 0 | F40: =Sheet1!E24 -> 2D | G40: =Sheet1!F24 -> 2C | H40: =Sheet1!G24 -> IJ | I40: =Sheet1!H24 -> 0 | J40: =Sheet1!I24 -> 道 | K40: =Sheet1!K24 -> 2E | L40: =Sheet1!L24 -> 2D | M40: =Sheet1!M24 -> 初 | N40: =Sheet1!N24 -> 初 | O40: =Sheet1!O24 -> 0 | P40: =Sheet1!P24 -> 総 | Q40: =Sheet1!R24 -> 2C | R40: =Sheet1!S24 -> 待機 | S40: =Sheet1!T24 -> 0 | T40: =Sheet1!U24 -> 0 | U40: =Sheet1!V24 -> 0 | V40: =Sheet1!W24 -> 学 | W40: =Sheet1!Y24 -> 0 | X40: =Sheet1!Z24 -> 2C | Y40: =Sheet1!AA24 -> IJ | Z40: =Sheet1!AB24 -> 2E | AA40: =Sheet1!AC24 -> 0 | AB40: =Sheet1!AF24 -> 2D | AC40: =Sheet1!AG24 -> 0 | AD40: =Sheet1!AH24 -> 2E | AE40: =Sheet1!AI24 -> 0 | AF40: =Sheet1!AJ24 -> 0 | AG40: =Sheet1!AK24 -> 総
C41: =Sheet1!B25 -> 2D | D41: =Sheet1!C25 -> 樽見 | E41: =Sheet1!D25 -> 2C | F41: =Sheet1!E25 -> 2E | G41: =Sheet1!F25 -> 2D | H41: =Sheet1!G25 -> 0 | I41: =Sheet1!H25 -> 0 | J41: =Sheet1!I25 -> 道 | K41: =Sheet1!K25 -> 2B | L41: =Sheet1!L25 -> 0 | M41: =Sheet1!M25 -> 0 | N41: =Sheet1!N25 -> 2C | O41: =Sheet1!O25 -> 2E | P41: =Sheet1!P25 -> 総 | Q41: =Sheet1!R25 -> 2E | R41: =Sheet1!S25 -> 0 | S41: =Sheet1!T25 -> 2D | T41: =Sheet1!U25 -> 2B | U41: =Sheet1!V25 -> 2C | V41: =Sheet1!W25 -> 学 | W41: =Sheet1!Y25 -> 0 | X41: =Sheet1!Z25 -> 2E | Y41: =Sheet1!AA25 -> 2B | Z41: =Sheet1!AB25 -> 0 | AA41: =Sheet1!AC25 -> 2D | AB41: =Sheet1!AF25 -> 0 | AC41: =Sheet1!AG25 -> 2C | AD41: =Sheet1!AH25 -> 2D | AE41: =Sheet1!AI25 -> 2B | AF41: =Sheet1!AJ25 -> 0 | AG41: =Sheet1!AK25 -> 総
C42: =Sheet1!B26 -> 2E | D42: =Sheet1!C26 -> 高田 | E42: =Sheet1!D26 -> 2E | F42: =Sheet1!E26 -> 2A | G42: =Sheet1!F26 -> 2B | H42: =Sheet1!G26 -> 0 | I42: =Sheet1!H26 -> T2 | J42: =Sheet1!I26 -> 道 | K42: =Sheet1!K26 -> 2D | L42: =Sheet1!L26 -> 2E | M42: =Sheet1!M26 -> 0 | N42: =Sheet1!N26 -> 2A | O42: =Sheet1!O26 -> 2C | P42: =Sheet1!P26 -> 総 | Q42: =Sheet1!R26 -> 0 | R42: =Sheet1!S26 -> 2C | S42: =Sheet1!T26 -> 2A | T42: =Sheet1!U26 -> 2D | U42: =Sheet1!V26 -> 0 | V42: =Sheet1!W26 -> 学 | W42: =Sheet1!Y26 -> 2C | X42: =Sheet1!Z26 -> 0 | Y42: =Sheet1!AA26 -> 0 | Z42: =Sheet1!AB26 -> 0 | AA42: =Sheet1!AC26 -> 2B | AB42: =Sheet1!AF26 -> 2B | AC42: =Sheet1!AG26 -> 2E | AD42: =Sheet1!AH26 -> 0 | AE42: =Sheet1!AI26 -> 2D | AF42: =Sheet1!AJ26 -> 0 | AG42: =Sheet1!AK26 -> 総
C43: =Sheet1!B27 -> 0 | D43: =Sheet1!C27 -> 鈴木 | E43: =Sheet1!D27 -> 2AB | F43: =Sheet1!E27 -> 待機 | G43: =Sheet1!F27 -> 主 | H43: =Sheet1!G27 -> 0 | I43: =Sheet1!H27 -> 3BC | J43: =Sheet1!I27 -> 道 | K43: =Sheet1!K27 -> 0 | L43: =Sheet1!L27 -> 2C | M43: =Sheet1!M27 -> 2DE | N43: =Sheet1!N27 -> 0 | O43: =Sheet1!O27 -> 0 | P43: =Sheet1!P27 -> 総 | Q43: =Sheet1!R27 -> 2AB | R43: =Sheet1!S27 -> 2DE | S43: =Sheet1!T27 -> 2C | T43: =Sheet1!U27 -> 0 | U43: =Sheet1!V27 -> 0 | V43: =Sheet1!W27 -> 0 | W43: =Sheet1!Y27 -> 3BC | X43: =Sheet1!Z27 -> 0 | Y43: =Sheet1!AA27 -> 2DE | Z43: =Sheet1!AB27 -> 2AB | AA43: =Sheet1!AC27 -> 0 | AB43: =Sheet1!AF27 -> 0 | AC43: =Sheet1!AG27 -> 3BC | AD43: =Sheet1!AH27 -> 0 | AE43: =Sheet1!AI27 -> 0 | AF43: =Sheet1!AJ27 -> 2C | AG43: =Sheet1!AK27 -> 総
C44: =Sheet1!B28 -> 0 | D44: =Sheet1!C28 -> 藤井 | E44: =Sheet1!D28 -> 2D | F44: =Sheet1!E28 -> 2C | G44: =Sheet1!F28 -> 主 | H44: =Sheet1!G28 -> 0 | I44: =Sheet1!H28 -> 2E | J44: =Sheet1!I28 -> 道 | K44: =Sheet1!K28 -> 2A | L44: =Sheet1!L28 -> 2B | M44: =Sheet1!M28 -> 2C | N44: =Sheet1!N28 -> 0 | O44: =Sheet1!O28 -> 2D | P44: =Sheet1!P28 -> 総 | Q44: =Sheet1!R28 -> 0 | R44: =Sheet1!S28 -> 0 | S44: =Sheet1!T28 -> 2E | T44: =Sheet1!U28 -> 2A | U44: =Sheet1!V28 -> 2B | V44: =Sheet1!W28 -> 0 | W44: =Sheet1!Y28 -> 2B | X44: =Sheet1!Z28 -> 0 | Y44: =Sheet1!AA28 -> 生 | Z44: =Sheet1!AB28 -> 2D | AA44: =Sheet1!AC28 -> 2A | AB44: =Sheet1!AF28 -> 2E | AC44: =Sheet1!AG28 -> 0 | AD44: =Sheet1!AH28 -> 0 | AE44: =Sheet1!AI28 -> 2C | AF44: =Sheet1!AJ28 -> 0 | AG44: =Sheet1!AK28 -> 総
C45: =Sheet1!B29 -> 0 | D45: =Sheet1!C29 -> 長谷川麻 | E45: =Sheet1!D29 -> 0 | F45: =Sheet1!E29 -> 1CD | G45: =Sheet1!F29 -> 1EF | H45: =Sheet1!G29 -> 1AB | I45: =Sheet1!H29 -> 0 | J45: =Sheet1!I29 -> 0 | K45: =Sheet1!K29 -> 0 | L45: =Sheet1!L29 -> 2C | M45: =Sheet1!M29 -> 2DE | N45: =Sheet1!N29 -> 1CD | O45: =Sheet1!O29 -> 1AB | P45: =Sheet1!P29 -> 0 | Q45: =Sheet1!R29 -> 0 | R45: =Sheet1!S29 -> 2DE | S45: =Sheet1!T29 -> 2C | T45: =Sheet1!U29 -> T2 | U45: =Sheet1!V29 -> 1EF | V45: =Sheet1!W29 -> 0 | W45: =Sheet1!Y29 -> 0 | X45: =Sheet1!Z29 -> IJ | Y45: =Sheet1!AA29 -> 2DE | Z45: =Sheet1!AB29 -> 0 | AA45: =Sheet1!AC29 -> 1CD | AB45: =Sheet1!AF29 -> 0 | AC45: =Sheet1!AG29 -> T2 | AD45: =Sheet1!AH29 -> 1AB | AE45: =Sheet1!AI29 -> 1EF | AF45: =Sheet1!AJ29 -> 2C | AG45: =Sheet1!AK29 -> 0
C46: =Sheet1!B30 -> 0 | D46: =Sheet1!C30 -> 篠田 | E46: =Sheet1!D30 -> 0 | F46: =Sheet1!E30 -> 0 | G46: =Sheet1!F30 -> 0 | H46: =Sheet1!G30 -> 0 | I46: =Sheet1!H30 -> 0 | J46: =Sheet1!I30 -> 0 | K46: =Sheet1!K30 -> 0 | L46: =Sheet1!L30 -> 2A | M46: =Sheet1!M30 -> 2B | N46: =Sheet1!N30 -> さくら | O46: =Sheet1!O30 -> 0 | P46: =Sheet1!P30 -> 0 | Q46: =Sheet1!R30 -> 0 | R46: =Sheet1!S30 -> 0 | S46: =Sheet1!T30 -> さくら | T46: =Sheet1!U30 -> 0 | U46: =Sheet1!V30 -> 0 | V46: =Sheet1!W30 -> 0 | W46: =Sheet1!Y30 -> 0 | X46: =Sheet1!Z30 -> 0 | Y46: =Sheet1!AA30 -> さくら | Z46: =Sheet1!AB30 -> 0 | AA46: =Sheet1!AC30 -> 0 | AB46: =Sheet1!AF30 -> 0 | AC46: =Sheet1!AG30 -> 2D | AD46: =Sheet1!AH30 -> 2C | AE46: =Sheet1!AI30 -> 2E | AF46: =Sheet1!AJ29 -> 2C | AG46: =Sheet1!AK29 -> 0
C47: =Sheet1!B34 -> 3A | D47: =Sheet1!C34 -> 城 | E47: =Sheet1!D34 -> 0 | F47: =Sheet1!E34 -> 3D | G47: =Sheet1!F34 -> 3C | H47: =Sheet1!G34 -> 3E | I47: =Sheet1!H34 -> 0 | J47: =Sheet1!I34 -> 道 | K47: =Sheet1!K34 -> 0 | L47: =Sheet1!L34 -> 3C | M47: =Sheet1!M34 -> 3E | N47: =Sheet1!N34 -> 0 | O47: =Sheet1!O34 -> 3A | P47: =Sheet1!P34 -> 総 | Q47: =Sheet1!R34 -> 3D | R47: =Sheet1!S34 -> 0 | S47: =Sheet1!T34 -> 3C | T47: =Sheet1!U34 -> 0 | U47: =Sheet1!V34 -> 3A | V47: =Sheet1!W34 -> 学 | W47: =Sheet1!Y34 -> 0 | X47: =Sheet1!Z34 -> 0 | Y47: =Sheet1!AA34 -> 3A | Z47: =Sheet1!AB34 -> 3E | AA47: =Sheet1!AC34 -> 3D | AB47: =Sheet1!AF34 -> 0 | AC47: =Sheet1!AG34 -> 3D | AD47: =Sheet1!AH34 -> 3A | AE47: =Sheet1!AI34 -> 3C | AF47: =Sheet1!AJ34 -> 3E | AG47: =Sheet1!AK34 -> 総
C48: =Sheet1!B35 -> 3B | D48: =Sheet1!C35 -> 幸島 | E48: =Sheet1!D35 -> 3C | F48: =Sheet1!E35 -> 3E | G48: =Sheet1!F35 -> 3B | H48: =Sheet1!G35 -> 0 | I48: =Sheet1!H35 -> 3D | J48: =Sheet1!I35 -> 道 | K48: =Sheet1!K35 -> 3C | L48: =Sheet1!L35 -> 0 | M48: =Sheet1!M35 -> 3B | N48: =Sheet1!N35 -> 3E | O48: =Sheet1!O35 -> 0 | P48: =Sheet1!P35 -> 総 | Q48: =Sheet1!R35 -> 3B | R48: =Sheet1!S35 -> 3D | S48: =Sheet1!T35 -> 0 | T48: =Sheet1!U35 -> 0 | U48: =Sheet1!V35 -> 3E | V48: =Sheet1!W35 -> 学 | W48: =Sheet1!Y35 -> 0 | X48: =Sheet1!Z35 -> 0 | Y48: =Sheet1!AA35 -> 3C | Z48: =Sheet1!AB35 -> 3D | AA48: =Sheet1!AC35 -> 3B | AB48: =Sheet1!AF35 -> 3E | AC48: =Sheet1!AG35 -> 0 | AD48: =Sheet1!AH35 -> 3C | AE48: =Sheet1!AI35 -> 3D | AF48: =Sheet1!AJ35 -> 0 | AG48: =Sheet1!AK35 -> 総
C49: =Sheet1!B36 -> 3C | D49: =Sheet1!C36 -> 菅田 | E49: =Sheet1!D36 -> 3A | F49: =Sheet1!E36 -> 0 | G49: =Sheet1!F36 -> 3D | H49: =Sheet1!G36 -> 3B | I49: =Sheet1!H36 -> 0 | J49: =Sheet1!I36 -> 道 | K49: =Sheet1!K36 -> 0 | L49: =Sheet1!L36 -> 3B | M49: =Sheet1!M36 -> 3C | N49: =Sheet1!N36 -> 3D | O49: =Sheet1!O36 -> 0 | P49: =Sheet1!P36 -> 総 | Q49: =Sheet1!R36 -> 3E | R49: =Sheet1!S36 -> 3A | S49: =Sheet1!T36 -> 0 | T49: =Sheet1!U36 -> 3C | U49: =Sheet1!V36 -> 3D | V49: =Sheet1!W36 -> 学 | W49: =Sheet1!Y36 -> 0 | X49: =Sheet1!Z36 -> 0 | Y49: =Sheet1!AA36 -> 生 | Z49: =Sheet1!AB36 -> 3C | AA49: =Sheet1!AC36 -> 3E | AB49: =Sheet1!AF36 -> 0 | AC49: =Sheet1!AG36 -> 3A | AD49: =Sheet1!AH36 -> 3E | AE49: =Sheet1!AI36 -> 0 | AF49: =Sheet1!AJ36 -> 3B | AG49: =Sheet1!AK36 -> 総
C50: =Sheet1!B37 -> 3D | D50: =Sheet1!C37 -> 仲野 | E50: =Sheet1!D37 -> 3D | F50: =Sheet1!E37 -> 3B | G50: =Sheet1!F37 -> 3A | H50: =Sheet1!G37 -> 0 | I50: =Sheet1!H37 -> 0 | J50: =Sheet1!I37 -> 道 | K50: =Sheet1!K37 -> 待機 | L50: =Sheet1!L37 -> 0 | M50: =Sheet1!M37 -> 3D | N50: =Sheet1!N37 -> 0 | O50: =Sheet1!O37 -> 待機 | P50: =Sheet1!P37 -> 総 | Q50: =Sheet1!R37 -> 3A | R50: =Sheet1!S37 -> 3B | S50: =Sheet1!T37 -> 待機 | T50: =Sheet1!U37 -> 0 | U50: =Sheet1!V37 -> 0 | V50: =Sheet1!W37 -> 学 | W50: =Sheet1!Y37 -> 3A | X50: =Sheet1!Z37 -> 3B | Y50: =Sheet1!AA37 -> 3D | Z50: =Sheet1!AB37 -> 0 | AA50: =Sheet1!AC37 -> 0 | AB50: =Sheet1!AF37 -> 0 | AC50: =Sheet1!AG37 -> IJ | AD50: =Sheet1!AH37 -> 3D | AE50: =Sheet1!AI37 -> 3B | AF50: =Sheet1!AJ37 -> 3A | AG50: =Sheet1!AK37 -> 総
C51: =Sheet1!B38 -> 3E | D51: =Sheet1!C38 -> 朝日 | E51: =Sheet1!D38 -> 3B | F51: =Sheet1!E38 -> 3C | G51: =Sheet1!F38 -> 0 | H51: =Sheet1!G38 -> 2A | I51: =Sheet1!H38 -> 3E | J51: =Sheet1!I38 -> 道 | K51: =Sheet1!K38 -> 0 | L51: =Sheet1!L38 -> 0 | M51: =Sheet1!M38 -> 2A | N51: =Sheet1!N38 -> 0 | O51: =Sheet1!O38 -> 3C | P51: =Sheet1!P38 -> 総 | Q51: =Sheet1!R38 -> 3C | R51: =Sheet1!S38 -> 3E | S51: =Sheet1!T38 -> 0 | T51: =Sheet1!U38 -> 0 | U51: =Sheet1!V38 -> 3B | V51: =Sheet1!W38 -> 学 | W51: =Sheet1!Y38 -> 2A | X51: =Sheet1!Z38 -> 0 | Y51: =Sheet1!AA38 -> 3E | Z51: =Sheet1!AB38 -> 3B | AA51: =Sheet1!AC38 -> 0 | AB51: =Sheet1!AF38 -> 2A | AC51: =Sheet1!AG38 -> 3E | AD51: =Sheet1!AH38 -> 3B | AE51: =Sheet1!AI38 -> 0 | AF51: =Sheet1!AJ38 -> 3C | AG51: =Sheet1!AK38 -> 総
C52: =Sheet1!B39 -> 0 | D52: =Sheet1!C39 -> 松田 | E52: =Sheet1!D39 -> 待機 | F52: =Sheet1!E39 -> 0 | G52: =Sheet1!F39 -> 主 | H52: =Sheet1!G39 -> 3A | I52: =Sheet1!H39 -> 0 | J52: =Sheet1!I39 -> 道 | K52: =Sheet1!K39 -> 3A | L52: =Sheet1!L39 -> 3D | M52: =Sheet1!M39 -> 0 | N52: =Sheet1!N39 -> IJ | O52: =Sheet1!O39 -> 0 | P52: =Sheet1!P39 -> 総 | Q52: =Sheet1!R39 -> 0 | R52: =Sheet1!S39 -> 0 | S52: =Sheet1!T39 -> 3D | T52: =Sheet1!U39 -> 3A | U52: =Sheet1!V39 -> 0 | V52: =Sheet1!W39 -> 0 | W52: =Sheet1!Y39 -> 3D | X52: =Sheet1!Z39 -> 3A | Y52: =Sheet1!AA39 -> 待機 | Z52: =Sheet1!AB39 -> 0 | AA52: =Sheet1!AC39 -> 0 | AB52: =Sheet1!AF39 -> 3D | AC52: =Sheet1!AG39 -> 0 | AD52: =Sheet1!AH39 -> IJ | AE52: =Sheet1!AI39 -> 0 | AF52: =Sheet1!AJ39 -> 待機 | AG52: =Sheet1!AK39 -> 総
C53: =Sheet1!B40 -> 0 | D53: =Sheet1!C40 -> 長谷川俊 | E53: =Sheet1!D40 -> 3E | F53: =Sheet1!E40 -> 0 | G53: =Sheet1!F40 -> 待機 | H53: =Sheet1!G40 -> 3C | I53: =Sheet1!H40 -> 0 | J53: =Sheet1!I40 -> 道 | K53: =Sheet1!K40 -> 0 | L53: =Sheet1!L40 -> 3E | M53: =Sheet1!M40 -> 待機 | N53: =Sheet1!N40 -> 待機 | O53: =Sheet1!O40 -> 0 | P53: =Sheet1!P40 -> 総 | Q53: =Sheet1!R40 -> 0 | R53: =Sheet1!S40 -> 3C | S53: =Sheet1!T40 -> 3E | T53: =Sheet1!U40 -> 待機 | U53: =Sheet1!V40 -> 0 | V53: =Sheet1!W40 -> 0 | W53: =Sheet1!Y40 -> 3E | X53: =Sheet1!Z40 -> 3C | Y53: =Sheet1!AA40 -> 0 | Z53: =Sheet1!AB40 -> 2C | AA53: =Sheet1!AC40 -> 2E | AB53: =Sheet1!AF40 -> 3C | AC53: =Sheet1!AG40 -> 0 | AD53: =Sheet1!AH40 -> 2B | AE53: =Sheet1!AI40 -> 2A | AF53: =Sheet1!AJ40 -> 2D | AG53: =Sheet1!AK40 -> 総
D54: =Sheet1!C41 -> 山田 | E54: =Sheet1!D41 -> 2AB | F54: =Sheet1!E41 -> 0 | G54: =Sheet1!F41 -> IJ | H54: =Sheet1!G41 -> 待機 | I54: =Sheet1!H41 -> 3BC | J54: =Sheet1!I41 -> 道 | K54: =Sheet1!K41 -> 3DE | L54: =Sheet1!L41 -> 3A | M54: =Sheet1!M41 -> 0 | N54: =Sheet1!N41 -> 0 | O54: =Sheet1!O41 -> T2 | P54: =Sheet1!P41 -> 総 | Q54: =Sheet1!R41 -> 2AB | R54: =Sheet1!S41 -> 0 | S54: =Sheet1!T41 -> 3A | T54: =Sheet1!U41 -> 3DE | U54: =Sheet1!V41 -> 待機 | V54: =Sheet1!W41 -> 0 | W54: =Sheet1!Y41 -> 3BC | X54: =Sheet1!Z41 -> 3DE | Y54: =Sheet1!AA41 -> 0 | Z54: =Sheet1!AB41 -> 2AB | AA54: =Sheet1!AC41 -> 0 | AB54: =Sheet1!AF41 -> 3A | AC54: =Sheet1!AG41 -> 3BC | AD54: =Sheet1!AH41 -> 0 | AE54: =Sheet1!AI41 -> 0 | AF54: =Sheet1!AJ41 -> IJ | AG54: =Sheet1!AK41 -> 総
D55: =Sheet1!C42 -> 0 | E55: =Sheet1!D42 -> 0 | F55: =Sheet1!E42 -> 0 | G55: =Sheet1!F42 -> 0 | H55: =Sheet1!G42 -> 0 | I55: =Sheet1!H42 -> 0 | J55: =Sheet1!I42 -> 0 | K55: =Sheet1!K42 -> 0 | L55: =Sheet1!L42 -> 0 | M55: =Sheet1!M42 -> 0 | N55: =Sheet1!N42 -> 0 | O55: =Sheet1!O42 -> 0 | P55: =Sheet1!P42 -> 0 | Q55: =Sheet1!R42 -> 0 | R55: =Sheet1!S42 -> 0 | S55: =Sheet1!T42 -> 0 | T55: =Sheet1!U42 -> 0 | U55: =Sheet1!V42 -> 0 | V55: =Sheet1!W42 -> 0 | W55: =Sheet1!Y42 -> 0 | X55: =Sheet1!Z42 -> 0 | Y55: =Sheet1!AA42 -> 0 | Z55: =Sheet1!AB42 -> 0 | AA55: =Sheet1!AC42 -> 0 | AB55: =Sheet1!AF42 -> 0 | AC55: =Sheet1!AG42 -> 0 | AD55: =Sheet1!AH42 -> 0 | AE55: =Sheet1!AI42 -> 0 | AF55: =Sheet1!AJ42 -> 0 | AG55: =Sheet1!AK42 -> 0
D56: =Sheet1!C43 -> 0 | E56: =Sheet1!D43 | F56: =Sheet1!E43 -> 0 | G56: =Sheet1!F43 -> 0 | H56: =Sheet1!G43 -> 0 | I56: =Sheet1!H43 -> 0 | J56: =Sheet1!I43 -> 0 | K56: =Sheet1!K43 -> 0 | L56: =Sheet1!L43 -> 0 | M56: =Sheet1!M43 -> 0 | N56: =Sheet1!N43 -> 0 | O56: =Sheet1!O43 -> 0 | P56: =Sheet1!P43 -> 0 | Q56: =Sheet1!R43 -> 0 | R56: =Sheet1!S43 -> 0 | S56: =Sheet1!T43 -> 0 | T56: =Sheet1!U43 -> 0 | U56: =Sheet1!V43 -> 0 | V56: =Sheet1!W43 -> 0 | W56: =Sheet1!Y43 -> 0 | X56: =Sheet1!Z43 -> 0 | Y56: =Sheet1!AA43 -> 0 | Z56: =Sheet1!AB43 -> 0 | AA56: =Sheet1!AC43 -> 0 | AB56: =Sheet1!AF43 -> 0 | AC56: =Sheet1!AG43 -> 0 | AD56: =Sheet1!AH43 -> 0 | AE56: =Sheet1!AI43 -> 0 | AF56: =Sheet1!AJ43 -> 0 | AG56: =Sheet1!AK43 -> 0
D57: =Sheet1!C44 -> AET１ | E57: =Sheet1!D44 | F57: =Sheet1!E44 -> 0 | G57: =Sheet1!F44 -> 0 | H57: =Sheet1!G44 -> 0 | I57: =Sheet1!H44 -> 0 | J57: =Sheet1!I44 -> 0 | K57: =Sheet1!K44 -> 0 | L57: =Sheet1!L44 -> 0 | M57: =Sheet1!M44 -> 0 | N57: =Sheet1!N44 -> 0 | O57: =Sheet1!O44 -> 0 | P57: =Sheet1!P44 -> 0 | Q57: =Sheet1!R44 -> 0 | R57: =Sheet1!S44 -> 0 | S57: =Sheet1!T44 -> 0 | T57: =Sheet1!U44 -> 0 | U57: =Sheet1!V44 -> 0 | V57: =Sheet1!W44 -> 0 | W57: =Sheet1!Y44 -> 1C | X57: =Sheet1!Z44 -> 1B | Y57: =Sheet1!AA44 -> 1F | Z57: =Sheet1!AB44 -> 2C | AA57: =Sheet1!AC44 -> 2E | AB57: =Sheet1!AF44 -> 0 | AC57: =Sheet1!AG44 -> IJ | AD57: =Sheet1!AH44 -> 2B | AE57: =Sheet1!AI44 -> 2A | AF57: =Sheet1!AJ44 -> 2D | AG57: =Sheet1!AK44 -> 0
D58: =Sheet1!C45 -> AET２ | E58: =Sheet1!D45 | F58: =Sheet1!E45 -> 0 | G58: =Sheet1!F45 -> 0 | H58: =Sheet1!G45 -> 0 | I58: =Sheet1!H45 -> 0 | J58: =Sheet1!I45 -> 0 | K58: =Sheet1!K45 -> 0 | L58: =Sheet1!L45 -> 0 | M58: =Sheet1!M45 -> 0 | N58: =Sheet1!N45 -> 0 | O58: =Sheet1!O45 -> 0 | P58: =Sheet1!P45 | Q58: =Sheet1!R45 -> 0 | R58: =Sheet1!S45 -> 0 | S58: =Sheet1!T45 -> 0 | T58: =Sheet1!U45 -> 0 | U58: =Sheet1!V45 -> 0 | V58: =Sheet1!W45 -> 0 | W58: =Sheet1!Y45 -> 3E | X58: =Sheet1!Z45 -> 1E | Y58: =Sheet1!AA45 -> 1A | Z58: =Sheet1!AB45 -> 1D | AA58: =Sheet1!AC45 -> IJ | AB58: =Sheet1!AF45 -> 3C | AC58: =Sheet1!AG45 -> 0 | AD58: =Sheet1!AH45 -> 3D | AE58: =Sheet1!AI45 -> 3B | AF58: =Sheet1!AJ45 -> 3A | AG58: =Sheet1!AK45 -> 0
C59: =Sheet1!B47 -> IJ | D59: =Sheet1!C47 -> 松村 | E59: =Sheet1!D47 -> 0 | F59: =Sheet1!E47 -> IJ家 | G59: =Sheet1!F47 -> 主 | H59: =Sheet1!G47 -> IJ社 | I59: =Sheet1!H47 -> IJ作 | J59: =Sheet1!I47 -> 道 | K59: =Sheet1!K47 -> IJ自 | L59: =Sheet1!L47 -> IJ数 | M59: =Sheet1!M47 -> IJ音 | N59: =Sheet1!N47 -> IJ理 | O59: =Sheet1!O47 -> 0 | P59: =Sheet1!P47 -> 総 | Q59: =Sheet1!R47 -> 0 | R59: =Sheet1!S47 -> IJ美 | S59: =Sheet1!T47 -> IJ美 | T59: =Sheet1!U47 -> IJ作 | U59: =Sheet1!V47 -> IJ国 | V59: =Sheet1!W47 -> 学 | W59: =Sheet1!Y47 -> IJ数 | X59: =Sheet1!Z47 -> 0 | Y59: =Sheet1!AA47 -> IJ社 | Z59: =Sheet1!AB47 -> IJ国 | AA59: =Sheet1!AC47 -> IJ英 | AB59: =Sheet1!AF47 -> IJ音 | AC59: =Sheet1!AG47 -> IJ英 | AD59: =Sheet1!AH47 -> IJ理 | AE59: =Sheet1!AI47 -> IJ作 | AF59: =Sheet1!AJ47 -> 0 | AG59: =Sheet1!AK47 -> 総
C60: =Sheet1!B48 -> IJ | D60: =Sheet1!C48 -> 春日井 | E60: =Sheet1!D48 -> IJ技 | F60: =Sheet1!E48 -> 0 | G60: =Sheet1!F48 -> IJ保体 | H60: =Sheet1!G48 -> IJ社 | I60: =Sheet1!H48 -> 0 | J60: =Sheet1!I48 -> 道 | K60: =Sheet1!K48 -> IJ自 | L60: =Sheet1!L48 -> IJ数 | M60: =Sheet1!M48 -> 0 | N60: =Sheet1!N48 -> IJ理 | O60: =Sheet1!O48 -> IJ作 | P60: =Sheet1!P48 -> 総 | Q60: =Sheet1!R48 -> IJ自 | R60: =Sheet1!S48 -> IJ美 | S60: =Sheet1!T48 -> IJ美 | T60: =Sheet1!U48 -> 0 | U60: =Sheet1!V48 -> IJ国 | V60: =Sheet1!W48 -> 学 | W60: =Sheet1!Y48 -> IJ数 | X60: =Sheet1!Z48 -> IJ保体 | Y60: =Sheet1!AA48 -> IJ社 | Z60: =Sheet1!AB48 -> IJ国 | AA60: =Sheet1!AC48 -> 0 | AB60: =Sheet1!AF48 -> IJ音 | AC60: =Sheet1!AG48 -> 0 | AD60: =Sheet1!AH48 -> IJ理 | AE60: =Sheet1!AI48 -> IJ作 | AF60: =Sheet1!AJ48 -> IJ保体 | AG60: =Sheet1!AK48 -> 総
C61: =Sheet1!B49 -> IJ | D61: =Sheet1!C49 -> 野々村 | E61: =Sheet1!D49 -> IJ技 | F61: =Sheet1!E49 -> IJ家 | G61: =Sheet1!F49 -> IJ保体 | H61: =Sheet1!G49 -> 0 | I61: =Sheet1!H49 -> IJ作 | J61: =Sheet1!I49 -> 道 | K61: =Sheet1!K49 -> IJ自 | L61: =Sheet1!L49 -> IJ数 | M61: =Sheet1!M49 -> IJ音 | N61: =Sheet1!N49 -> 0 | O61: =Sheet1!O49 -> IJ作 | P61: =Sheet1!P49 -> 総 | Q61: =Sheet1!R49 -> IJ自 | R61: =Sheet1!S49 -> IJ美 | S61: =Sheet1!T49 -> IJ美 | T61: =Sheet1!U49 -> IJ作 | U61: =Sheet1!V49 -> 0 | V61: =Sheet1!W49 -> 学 | W61: =Sheet1!Y49 -> IJ数 | X61: =Sheet1!Z49 -> IJ保体 | Y61: =Sheet1!AA49 -> 生 | Z61: =Sheet1!AB49 -> IJ国 | AA61: =Sheet1!AC49 -> IJ英 | AB61: =Sheet1!AF49 -> IJ音 | AC61: =Sheet1!AG49 -> 0 | AD61: =Sheet1!AH49 -> 0 | AE61: =Sheet1!AI49 -> 0 | AF61: =Sheet1!AJ49 -> IJ保体 | AG61: =Sheet1!AK49 -> 総
D62: ※ (3AT) → TT授業 (3At) → TT授業<補助> 音楽の「音美」の(1CD) → X週は1C、Ｙ週は1D

Sheet 担任別
A1: =IF(#REF!="","",#REF!) -> #REF! | D1: 先生 | H1: =IF(#REF!="","",#REF!) -> #REF! | K1: 先生 | O1: =IF(#REF!="","",#REF!) -> #REF! | R1: 先生 | V1: =IF(#REF!="","",#REF!) -> #REF! | Y1: 先生
A2: 1 | H2: 2 | O2: 3 | V2: 4
B3: 月 | C3: 火 | D3: 水 | E3: 木 | F3: 金 | I3: 月 | J3: 火 | K3: 水 | L3: 木 | M3: 金 | P3: 月 | Q3: 火 | R3: 水 | S3: 木 | T3: 金 | W3: 月 | X3: 火 | Y3: 水 | Z3: 木 | AA3: 金
A4: 1 | B4: =IF(VLOOKUP(A2,#REF!,4)="","",VLOOKUP(A2,#REF!,4)) -> #REF! | C4: =IF(VLOOKUP(A2,#REF!,11)="","",VLOOKUP(A2,#REF!,11)) -> #REF! | D4: =IF(VLOOKUP(A2,#REF!,18)="","",VLOOKUP(A2,#REF!,18)) -> #REF! | E4: =IF(VLOOKUP(A2,#REF!,25)="","",VLOOKUP(A2,#REF!,25)) -> #REF! | F4: =IF(VLOOKUP(A2,#REF!,32)="","",VLOOKUP(A2,#REF!,32)) -> #REF! | H4: 1 | I4: =IF(VLOOKUP(H2,#REF!,4)="","",VLOOKUP(H2,#REF!,4)) -> #REF! | J4: =IF(VLOOKUP(H2,#REF!,11)="","",VLOOKUP(H2,#REF!,11)) -> #REF! | K4: =IF(VLOOKUP(H2,#REF!,18)="","",VLOOKUP(H2,#REF!,18)) -> #REF! | L4: =IF(VLOOKUP(H2,#REF!,25)="","",VLOOKUP(H2,#REF!,25)) -> #REF! | M4: =IF(VLOOKUP(H2,#REF!,32)="","",VLOOKUP(H2,#REF!,32)) -> #REF! | O4: 1 | P4: =IF(VLOOKUP(O2,#REF!,4)="","",VLOOKUP(O2,#REF!,4)) -> #REF! | Q4: =IF(VLOOKUP(O2,#REF!,11)="","",VLOOKUP(O2,#REF!,11)) -> #REF! | R4: =IF(VLOOKUP(O2,#REF!,18)="","",VLOOKUP(O2,#REF!,18)) -> #REF! | S4: =IF(VLOOKUP(O2,#REF!,25)="","",VLOOKUP(O2,#REF!,25)) -> #REF! | T4: =IF(VLOOKUP(O2,#REF!,32)="","",VLOOKUP(O2,#REF!,32)) -> #REF! | V4: 1 | W4: =IF(VLOOKUP(V2,#REF!,4)="","",VLOOKUP(V2,#REF!,4)) -> #REF! | X4: =IF(VLOOKUP(V2,#REF!,11)="","",VLOOKUP(V2,#REF!,11)) -> #REF! | Y4: =IF(VLOOKUP(V2,#REF!,18)="","",VLOOKUP(V2,#REF!,18)) -> #REF! | Z4: =IF(VLOOKUP(V2,#REF!,25)="","",VLOOKUP(V2,#REF!,25)) -> #REF! | AA4: =IF(VLOOKUP(V2,#REF!,32)="","",VLOOKUP(V2,#REF!,32)) -> #REF!
A5: 2 | B5: =IF(VLOOKUP(A2,#REF!,5)="","",VLOOKUP(A2,#REF!,5)) -> #REF! | C5: =IF(VLOOKUP(A2,#REF!,12)="","",VLOOKUP(A2,#REF!,12)) -> #REF! | D5: =IF(VLOOKUP(A2,#REF!,19)="","",VLOOKUP(A2,#REF!,19)) -> #REF! | E5: =IF(VLOOKUP(A2,#REF!,26)="","",VLOOKUP(A2,#REF!,26)) -> #REF! | F5: =IF(VLOOKUP(A2,#REF!,33)="","",VLOOKUP(A2,#REF!,33)) -> #REF! | H5: 2 | I5: =IF(VLOOKUP(H2,#REF!,5)="","",VLOOKUP(H2,#REF!,5)) -> #REF! | J5: =IF(VLOOKUP(H2,#REF!,12)="","",VLOOKUP(H2,#REF!,12)) -> #REF! | K5: =IF(VLOOKUP(H2,#REF!,19)="","",VLOOKUP(H2,#REF!,19)) -> #REF! | L5: =IF(VLOOKUP(H2,#REF!,26)="","",VLOOKUP(H2,#REF!,26)) -> #REF! | M5: =IF(VLOOKUP(H2,#REF!,33)="","",VLOOKUP(H2,#REF!,33)) -> #REF! | O5: 2 | P5: =IF(VLOOKUP(O2,#REF!,5)="","",VLOOKUP(O2,#REF!,5)) -> #REF! | Q5: =IF(VLOOKUP(O2,#REF!,12)="","",VLOOKUP(O2,#REF!,12)) -> #REF! | R5: =IF(VLOOKUP(O2,#REF!,19)="","",VLOOKUP(O2,#REF!,19)) -> #REF! | S5: =IF(VLOOKUP(O2,#REF!,26)="","",VLOOKUP(O2,#REF!,26)) -> #REF! | T5: =IF(VLOOKUP(O2,#REF!,33)="","",VLOOKUP(O2,#REF!,33)) -> #REF! | V5: 2 | W5: =IF(VLOOKUP(V2,#REF!,5)="","",VLOOKUP(V2,#REF!,5)) -> #REF! | X5: =IF(VLOOKUP(V2,#REF!,12)="","",VLOOKUP(V2,#REF!,12)) -> #REF! | Y5: =IF(VLOOKUP(V2,#REF!,19)="","",VLOOKUP(V2,#REF!,19)) -> #REF! | Z5: =IF(VLOOKUP(V2,#REF!,26)="","",VLOOKUP(V2,#REF!,26)) -> #REF! | AA5: =IF(VLOOKUP(V2,#REF!,33)="","",VLOOKUP(V2,#REF!,33)) -> #REF!
A6: 3 | B6: =IF(VLOOKUP(A2,#REF!,6)="","",VLOOKUP(A2,#REF!,6)) -> #REF! | C6: =IF(VLOOKUP(A2,#REF!,13)="","",VLOOKUP(A2,#REF!,13)) -> #REF! | D6: =IF(VLOOKUP(A2,#REF!,20)="","",VLOOKUP(A2,#REF!,20)) -> #REF! | E6: =IF(VLOOKUP(A2,#REF!,27)="","",VLOOKUP(A2,#REF!,27)) -> #REF! | F6: =IF(VLOOKUP(A2,#REF!,34)="","",VLOOKUP(A2,#REF!,34)) -> #REF! | H6: 3 | I6: =IF(VLOOKUP(H2,#REF!,6)="","",VLOOKUP(H2,#REF!,6)) -> #REF! | J6: =IF(VLOOKUP(H2,#REF!,13)="","",VLOOKUP(H2,#REF!,13)) -> #REF! | K6: =IF(VLOOKUP(H2,#REF!,20)="","",VLOOKUP(H2,#REF!,20)) -> #REF! | L6: =IF(VLOOKUP(H2,#REF!,27)="","",VLOOKUP(H2,#REF!,27)) -> #REF! | M6: =IF(VLOOKUP(H2,#REF!,34)="","",VLOOKUP(H2,#REF!,34)) -> #REF! | O6: 3 | P6: =IF(VLOOKUP(O2,#REF!,6)="","",VLOOKUP(O2,#REF!,6)) -> #REF! | Q6: =IF(VLOOKUP(O2,#REF!,13)="","",VLOOKUP(O2,#REF!,13)) -> #REF! | R6: =IF(VLOOKUP(O2,#REF!,20)="","",VLOOKUP(O2,#REF!,20)) -> #REF! | S6: =IF(VLOOKUP(O2,#REF!,27)="","",VLOOKUP(O2,#REF!,27)) -> #REF! | T6: =IF(VLOOKUP(O2,#REF!,34)="","",VLOOKUP(O2,#REF!,34)) -> #REF! | V6: 3 | W6: =IF(VLOOKUP(V2,#REF!,6)="","",VLOOKUP(V2,#REF!,6)) -> #REF! | X6: =IF(VLOOKUP(V2,#REF!,13)="","",VLOOKUP(V2,#REF!,13)) -> #REF! | Y6: =IF(VLOOKUP(V2,#REF!,20)="","",VLOOKUP(V2,#REF!,20)) -> #REF! | Z6: =IF(VLOOKUP(V2,#REF!,27)="","",VLOOKUP(V2,#REF!,27)) -> #REF! | AA6: =IF(VLOOKUP(V2,#REF!,34)="","",VLOOKUP(V2,#REF!,34)) -> #REF!
A7: 4 | B7: =IF(VLOOKUP(A2,#REF!,7)="","",VLOOKUP(A2,#REF!,7)) -> #REF! | C7: =IF(VLOOKUP(A2,#REF!,14)="","",VLOOKUP(A2,#REF!,14)) -> #REF! | D7: =IF(VLOOKUP(A2,#REF!,21)="","",VLOOKUP(A2,#REF!,21)) -> #REF! | E7: =IF(VLOOKUP(A2,#REF!,28)="","",VLOOKUP(A2,#REF!,28)) -> #REF! | F7: =IF(VLOOKUP(A2,#REF!,35)="","",VLOOKUP(A2,#REF!,35)) -> #REF! | H7: 4 | I7: =IF(VLOOKUP(H2,#REF!,7)="","",VLOOKUP(H2,#REF!,7)) -> #REF! | J7: =IF(VLOOKUP(H2,#REF!,14)="","",VLOOKUP(H2,#REF!,14)) -> #REF! | K7: =IF(VLOOKUP(H2,#REF!,21)="","",VLOOKUP(H2,#REF!,21)) -> #REF! | L7: =IF(VLOOKUP(H2,#REF!,28)="","",VLOOKUP(H2,#REF!,28)) -> #REF! | M7: =IF(VLOOKUP(H2,#REF!,35)="","",VLOOKUP(H2,#REF!,35)) -> #REF! | O7: 4 | P7: =IF(VLOOKUP(O2,#REF!,7)="","",VLOOKUP(O2,#REF!,7)) -> #REF! | Q7: =IF(VLOOKUP(O2,#REF!,14)="","",VLOOKUP(O2,#REF!,14)) -> #REF! | R7: =IF(VLOOKUP(O2,#REF!,21)="","",VLOOKUP(O2,#REF!,21)) -> #REF! | S7: =IF(VLOOKUP(O2,#REF!,28)="","",VLOOKUP(O2,#REF!,28)) -> #REF! | T7: =IF(VLOOKUP(O2,#REF!,35)="","",VLOOKUP(O2,#REF!,35)) -> #REF! | V7: 4 | W7: =IF(VLOOKUP(V2,#REF!,7)="","",VLOOKUP(V2,#REF!,7)) -> #REF! | X7: =IF(VLOOKUP(V2,#REF!,14)="","",VLOOKUP(V2,#REF!,14)) -> #REF! | Y7: =IF(VLOOKUP(V2,#REF!,21)="","",VLOOKUP(V2,#REF!,21)) -> #REF! | Z7: =IF(VLOOKUP(V2,#REF!,28)="","",VLOOKUP(V2,#REF!,28)) -> #REF! | AA7: =IF(VLOOKUP(V2,#REF!,35)="","",VLOOKUP(V2,#REF!,35)) -> #REF!
A8: 5 | B8: =IF(VLOOKUP(A2,#REF!,8)="","",VLOOKUP(A2,#REF!,8)) -> #REF! | C8: =IF(VLOOKUP(A2,#REF!,15)="","",VLOOKUP(A2,#REF!,15)) -> #REF! | D8: =IF(VLOOKUP(A2,#REF!,22)="","",VLOOKUP(A2,#REF!,22)) -> #REF! | E8: =IF(VLOOKUP(A2,#REF!,29)="","",VLOOKUP(A2,#REF!,29)) -> #REF! | F8: =IF(VLOOKUP(A2,#REF!,36)="","",VLOOKUP(A2,#REF!,36)) -> #REF! | H8: 5 | I8: =IF(VLOOKUP(H2,#REF!,8)="","",VLOOKUP(H2,#REF!,8)) -> #REF! | J8: =IF(VLOOKUP(H2,#REF!,15)="","",VLOOKUP(H2,#REF!,15)) -> #REF! | K8: =IF(VLOOKUP(H2,#REF!,22)="","",VLOOKUP(H2,#REF!,22)) -> #REF! | L8: =IF(VLOOKUP(H2,#REF!,29)="","",VLOOKUP(H2,#REF!,29)) -> #REF! | M8: =IF(VLOOKUP(H2,#REF!,36)="","",VLOOKUP(H2,#REF!,36)) -> #REF! | O8: 5 | P8: =IF(VLOOKUP(O2,#REF!,8)="","",VLOOKUP(O2,#REF!,8)) -> #REF! | Q8: =IF(VLOOKUP(O2,#REF!,15)="","",VLOOKUP(O2,#REF!,15)) -> #REF! | R8: =IF(VLOOKUP(O2,#REF!,22)="","",VLOOKUP(O2,#REF!,22)) -> #REF! | S8: =IF(VLOOKUP(O2,#REF!,29)="","",VLOOKUP(O2,#REF!,29)) -> #REF! | T8: =IF(VLOOKUP(O2,#REF!,36)="","",VLOOKUP(O2,#REF!,36)) -> #REF! | V8: 5 | W8: =IF(VLOOKUP(V2,#REF!,8)="","",VLOOKUP(V2,#REF!,8)) -> #REF! | X8: =IF(VLOOKUP(V2,#REF!,15)="","",VLOOKUP(V2,#REF!,15)) -> #REF! | Y8: =IF(VLOOKUP(V2,#REF!,22)="","",VLOOKUP(V2,#REF!,22)) -> #REF! | Z8: =IF(VLOOKUP(V2,#REF!,29)="","",VLOOKUP(V2,#REF!,29)) -> #REF! | AA8: =IF(VLOOKUP(V2,#REF!,36)="","",VLOOKUP(V2,#REF!,36)) -> #REF!
A9: 6 | B9: =IF(VLOOKUP(A2,#REF!,9)="","",VLOOKUP(A2,#REF!,9)) -> #REF! | C9: =IF(VLOOKUP(A2,#REF!,16)="","",VLOOKUP(A2,#REF!,16)) -> #REF! | D9: =IF(VLOOKUP(A2,#REF!,23)="","",VLOOKUP(A2,#REF!,23)) -> #REF! | E9: =IF(VLOOKUP(A2,#REF!,30)="","",VLOOKUP(A2,#REF!,30)) -> #REF! | F9: =IF(VLOOKUP(A2,#REF!,37)="","",VLOOKUP(A2,#REF!,37)) -> #REF! | H9: 6 | I9: =IF(VLOOKUP(H2,#REF!,9)="","",VLOOKUP(H2,#REF!,9)) -> #REF! | J9: =IF(VLOOKUP(H2,#REF!,16)="","",VLOOKUP(H2,#REF!,16)) -> #REF! | K9: =IF(VLOOKUP(H2,#REF!,23)="","",VLOOKUP(H2,#REF!,23)) -> #REF! | L9: =IF(VLOOKUP(H2,#REF!,30)="","",VLOOKUP(H2,#REF!,30)) -> #REF! | M9: =IF(VLOOKUP(H2,#REF!,37)="","",VLOOKUP(H2,#REF!,37)) -> #REF! | O9: 6 | P9: =IF(VLOOKUP(O2,#REF!,9)="","",VLOOKUP(O2,#REF!,9)) -> #REF! | Q9: =IF(VLOOKUP(O2,#REF!,16)="","",VLOOKUP(O2,#REF!,16)) -> #REF! | R9: =IF(VLOOKUP(O2,#REF!,23)="","",VLOOKUP(O2,#REF!,23)) -> #REF! | S9: =IF(VLOOKUP(O2,#REF!,30)="","",VLOOKUP(O2,#REF!,30)) -> #REF! | T9: =IF(VLOOKUP(O2,#REF!,37)="","",VLOOKUP(O2,#REF!,37)) -> #REF! | V9: 6 | W9: =IF(VLOOKUP(V2,#REF!,9)="","",VLOOKUP(V2,#REF!,9)) -> #REF! | X9: =IF(VLOOKUP(V2,#REF!,16)="","",VLOOKUP(V2,#REF!,16)) -> #REF! | Y9: =IF(VLOOKUP(V2,#REF!,23)="","",VLOOKUP(V2,#REF!,23)) -> #REF! | Z9: =IF(VLOOKUP(V2,#REF!,30)="","",VLOOKUP(V2,#REF!,30)) -> #REF! | AA9: =IF(VLOOKUP(V2,#REF!,37)="","",VLOOKUP(V2,#REF!,37)) -> #REF!
A11: =IF(#REF!="","",#REF!) -> #REF! | D11: 先生 | H11: =IF(#REF!="","",#REF!) -> #REF! | K11: 先生 | O11: =IF(#REF!="","",#REF!) -> #REF! | R11: 先生 | V11: =IF(#REF!="","",#REF!) -> #REF! | Y11: 先生
A12: 5 | H12: 6 | O12: 7 | V12: 8
B13: 月 | C13: 火 | D13: 水 | E13: 木 | F13: 金 | I13: 月 | J13: 火 | K13: 水 | L13: 木 | M13: 金 | P13: 月 | Q13: 火 | R13: 水 | S13: 木 | T13: 金 | W13: 月 | X13: 火 | Y13: 水 | Z13: 木 | AA13: 金
A14: 1 | B14: =IF(VLOOKUP(A12,#REF!,4)="","",VLOOKUP(A12,#REF!,4)) -> #REF! | C14: =IF(VLOOKUP(A12,#REF!,11)="","",VLOOKUP(A12,#REF!,11)) -> #REF! | D14: =IF(VLOOKUP(A12,#REF!,18)="","",VLOOKUP(A12,#REF!,18)) -> #REF! | E14: =IF(VLOOKUP(A12,#REF!,25)="","",VLOOKUP(A12,#REF!,25)) -> #REF! | F14: =IF(VLOOKUP(A12,#REF!,32)="","",VLOOKUP(A12,#REF!,32)) -> #REF! | H14: 1 | I14: =IF(VLOOKUP(H12,#REF!,4)="","",VLOOKUP(H12,#REF!,4)) -> #REF! | J14: =IF(VLOOKUP(H12,#REF!,11)="","",VLOOKUP(H12,#REF!,11)) -> #REF! | K14: =IF(VLOOKUP(H12,#REF!,18)="","",VLOOKUP(H12,#REF!,18)) -> #REF! | L14: =IF(VLOOKUP(H12,#REF!,25)="","",VLOOKUP(H12,#REF!,25)) -> #REF! | M14: =IF(VLOOKUP(H12,#REF!,32)="","",VLOOKUP(H12,#REF!,32)) -> #REF! | O14: 1 | P14: =IF(VLOOKUP(O12,#REF!,4)="","",VLOOKUP(O12,#REF!,4)) -> #REF! | Q14: =IF(VLOOKUP(O12,#REF!,11)="","",VLOOKUP(O12,#REF!,11)) -> #REF! | R14: =IF(VLOOKUP(O12,#REF!,18)="","",VLOOKUP(O12,#REF!,18)) -> #REF! | S14: =IF(VLOOKUP(O12,#REF!,25)="","",VLOOKUP(O12,#REF!,25)) -> #REF! | T14: =IF(VLOOKUP(O12,#REF!,32)="","",VLOOKUP(O12,#REF!,32)) -> #REF! | V14: 1 | W14: =IF(VLOOKUP(V12,#REF!,4)="","",VLOOKUP(V12,#REF!,4)) -> #REF! | X14: =IF(VLOOKUP(V12,#REF!,11)="","",VLOOKUP(V12,#REF!,11)) -> #REF! | Y14: =IF(VLOOKUP(V12,#REF!,18)="","",VLOOKUP(V12,#REF!,18)) -> #REF! | Z14: =IF(VLOOKUP(V12,#REF!,25)="","",VLOOKUP(V12,#REF!,25)) -> #REF! | AA14: =IF(VLOOKUP(V12,#REF!,32)="","",VLOOKUP(V12,#REF!,32)) -> #REF!
A15: 2 | B15: =IF(VLOOKUP(A12,#REF!,5)="","",VLOOKUP(A12,#REF!,5)) -> #REF! | C15: =IF(VLOOKUP(A12,#REF!,12)="","",VLOOKUP(A12,#REF!,12)) -> #REF! | D15: =IF(VLOOKUP(A12,#REF!,19)="","",VLOOKUP(A12,#REF!,19)) -> #REF! | E15: =IF(VLOOKUP(A12,#REF!,26)="","",VLOOKUP(A12,#REF!,26)) -> #REF! | F15: =IF(VLOOKUP(A12,#REF!,33)="","",VLOOKUP(A12,#REF!,33)) -> #REF! | H15: 2 | I15: =IF(VLOOKUP(H12,#REF!,5)="","",VLOOKUP(H12,#REF!,5)) -> #REF! | J15: =IF(VLOOKUP(H12,#REF!,12)="","",VLOOKUP(H12,#REF!,12)) -> #REF! | K15: =IF(VLOOKUP(H12,#REF!,19)="","",VLOOKUP(H12,#REF!,19)) -> #REF! | L15: =IF(VLOOKUP(H12,#REF!,26)="","",VLOOKUP(H12,#REF!,26)) -> #REF! | M15: =IF(VLOOKUP(H12,#REF!,33)="","",VLOOKUP(H12,#REF!,33)) -> #REF! | O15: 2 | P15: =IF(VLOOKUP(O12,#REF!,5)="","",VLOOKUP(O12,#REF!,5)) -> #REF! | Q15: =IF(VLOOKUP(O12,#REF!,12)="","",VLOOKUP(O12,#REF!,12)) -> #REF! | R15: =IF(VLOOKUP(O12,#REF!,19)="","",VLOOKUP(O12,#REF!,19)) -> #REF! | S15: =IF(VLOOKUP(O12,#REF!,26)="","",VLOOKUP(O12,#REF!,26)) -> #REF! | T15: =IF(VLOOKUP(O12,#REF!,33)="","",VLOOKUP(O12,#REF!,33)) -> #REF! | V15: 2 | W15: =IF(VLOOKUP(V12,#REF!,5)="","",VLOOKUP(V12,#REF!,5)) -> #REF! | X15: =IF(VLOOKUP(V12,#REF!,12)="","",VLOOKUP(V12,#REF!,12)) -> #REF! | Y15: =IF(VLOOKUP(V12,#REF!,19)="","",VLOOKUP(V12,#REF!,19)) -> #REF! | Z15: =IF(VLOOKUP(V12,#REF!,26)="","",VLOOKUP(V12,#REF!,26)) -> #REF! | AA15: =IF(VLOOKUP(V12,#REF!,33)="","",VLOOKUP(V12,#REF!,33)) -> #REF!
A16: 3 | B16: =IF(VLOOKUP(A12,#REF!,6)="","",VLOOKUP(A12,#REF!,6)) -> #REF! | C16: =IF(VLOOKUP(A12,#REF!,13)="","",VLOOKUP(A12,#REF!,13)) -> #REF! | D16: =IF(VLOOKUP(A12,#REF!,20)="","",VLOOKUP(A12,#REF!,20)) -> #REF! | E16: =IF(VLOOKUP(A12,#REF!,27)="","",VLOOKUP(A12,#REF!,27)) -> #REF! | F16: =IF(VLOOKUP(A12,#REF!,34)="","",VLOOKUP(A12,#REF!,34)) -> #REF! | H16: 3 | I16: =IF(VLOOKUP(H12,#REF!,6)="","",VLOOKUP(H12,#REF!,6)) -> #REF! | J16: =IF(VLOOKUP(H12,#REF!,13)="","",VLOOKUP(H12,#REF!,13)) -> #REF! | K16: =IF(VLOOKUP(H12,#REF!,20)="","",VLOOKUP(H12,#REF!,20)) -> #REF! | L16: =IF(VLOOKUP(H12,#REF!,27)="","",VLOOKUP(H12,#REF!,27)) -> #REF! | M16: =IF(VLOOKUP(H12,#REF!,34)="","",VLOOKUP(H12,#REF!,34)) -> #REF! | O16: 3 | P16: =IF(VLOOKUP(O12,#REF!,6)="","",VLOOKUP(O12,#REF!,6)) -> #REF! | Q16: =IF(VLOOKUP(O12,#REF!,13)="","",VLOOKUP(O12,#REF!,13)) -> #REF! | R16: =IF(VLOOKUP(O12,#REF!,20)="","",VLOOKUP(O12,#REF!,20)) -> #REF! | S16: =IF(VLOOKUP(O12,#REF!,27)="","",VLOOKUP(O12,#REF!,27)) -> #REF! | T16: =IF(VLOOKUP(O12,#REF!,34)="","",VLOOKUP(O12,#REF!,34)) -> #REF! | V16: 3 | W16: =IF(VLOOKUP(V12,#REF!,6)="","",VLOOKUP(V12,#REF!,6)) -> #REF! | X16: =IF(VLOOKUP(V12,#REF!,13)="","",VLOOKUP(V12,#REF!,13)) -> #REF! | Y16: =IF(VLOOKUP(V12,#REF!,20)="","",VLOOKUP(V12,#REF!,20)) -> #REF! | Z16: =IF(VLOOKUP(V12,#REF!,27)="","",VLOOKUP(V12,#REF!,27)) -> #REF! | AA16: =IF(VLOOKUP(V12,#REF!,34)="","",VLOOKUP(V12,#REF!,34)) -> #REF!
A17: 4 | B17: =IF(VLOOKUP(A12,#REF!,7)="","",VLOOKUP(A12,#REF!,7)) -> #REF! | C17: =IF(VLOOKUP(A12,#REF!,14)="","",VLOOKUP(A12,#REF!,14)) -> #REF! | D17: =IF(VLOOKUP(A12,#REF!,21)="","",VLOOKUP(A12,#REF!,21)) -> #REF! | E17: =IF(VLOOKUP(A12,#REF!,28)="","",VLOOKUP(A12,#REF!,28)) -> #REF! | F17: =IF(VLOOKUP(A12,#REF!,35)="","",VLOOKUP(A12,#REF!,35)) -> #REF! | H17: 4 | I17: =IF(VLOOKUP(H12,#REF!,7)="","",VLOOKUP(H12,#REF!,7)) -> #REF! | J17: =IF(VLOOKUP(H12,#REF!,14)="","",VLOOKUP(H12,#REF!,14)) -> #REF! | K17: =IF(VLOOKUP(H12,#REF!,21)="","",VLOOKUP(H12,#REF!,21)) -> #REF! | L17: =IF(VLOOKUP(H12,#REF!,28)="","",VLOOKUP(H12,#REF!,28)) -> #REF! | M17: =IF(VLOOKUP(H12,#REF!,35)="","",VLOOKUP(H12,#REF!,35)) -> #REF! | O17: 4 | P17: =IF(VLOOKUP(O12,#REF!,7)="","",VLOOKUP(O12,#REF!,7)) -> #REF! | Q17: =IF(VLOOKUP(O12,#REF!,14)="","",VLOOKUP(O12,#REF!,14)) -> #REF! | R17: =IF(VLOOKUP(O12,#REF!,21)="","",VLOOKUP(O12,#REF!,21)) -> #REF! | S17: =IF(VLOOKUP(O12,#REF!,28)="","",VLOOKUP(O12,#REF!,28)) -> #REF! | T17: =IF(VLOOKUP(O12,#REF!,35)="","",VLOOKUP(O12,#REF!,35)) -> #REF! | V17: 4 | W17: =IF(VLOOKUP(V12,#REF!,7)="","",VLOOKUP(V12,#REF!,7)) -> #REF! | X17: =IF(VLOOKUP(V12,#REF!,14)="","",VLOOKUP(V12,#REF!,14)) -> #REF! | Y17: =IF(VLOOKUP(V12,#REF!,21)="","",VLOOKUP(V12,#REF!,21)) -> #REF! | Z17: =IF(VLOOKUP(V12,#REF!,28)="","",VLOOKUP(V12,#REF!,28)) -> #REF! | AA17: =IF(VLOOKUP(V12,#REF!,35)="","",VLOOKUP(V12,#REF!,35)) -> #REF!
A18: 5 | B18: =IF(VLOOKUP(A12,#REF!,8)="","",VLOOKUP(A12,#REF!,8)) -> #REF! | C18: =IF(VLOOKUP(A12,#REF!,15)="","",VLOOKUP(A12,#REF!,15)) -> #REF! | D18: =IF(VLOOKUP(A12,#REF!,22)="","",VLOOKUP(A12,#REF!,22)) -> #REF! | E18: =IF(VLOOKUP(A12,#REF!,29)="","",VLOOKUP(A12,#REF!,29)) -> #REF! | F18: =IF(VLOOKUP(A12,#REF!,36)="","",VLOOKUP(A12,#REF!,36)) -> #REF! | H18: 5 | I18: =IF(VLOOKUP(H12,#REF!,8)="","",VLOOKUP(H12,#REF!,8)) -> #REF! | J18: =IF(VLOOKUP(H12,#REF!,15)="","",VLOOKUP(H12,#REF!,15)) -> #REF! | K18: =IF(VLOOKUP(H12,#REF!,22)="","",VLOOKUP(H12,#REF!,22)) -> #REF! | L18: =IF(VLOOKUP(H12,#REF!,29)="","",VLOOKUP(H12,#REF!,29)) -> #REF! | M18: =IF(VLOOKUP(H12,#REF!,36)="","",VLOOKUP(H12,#REF!,36)) -> #REF! | O18: 5 | P18: =IF(VLOOKUP(O12,#REF!,8)="","",VLOOKUP(O12,#REF!,8)) -> #REF! | Q18: =IF(VLOOKUP(O12,#REF!,15)="","",VLOOKUP(O12,#REF!,15)) -> #REF! | R18: =IF(VLOOKUP(O12,#REF!,22)="","",VLOOKUP(O12,#REF!,22)) -> #REF! | S18: =IF(VLOOKUP(O12,#REF!,29)="","",VLOOKUP(O12,#REF!,29)) -> #REF! | T18: =IF(VLOOKUP(O12,#REF!,36)="","",VLOOKUP(O12,#REF!,36)) -> #REF! | V18: 5 | W18: =IF(VLOOKUP(V12,#REF!,8)="","",VLOOKUP(V12,#REF!,8)) -> #REF! | X18: =IF(VLOOKUP(V12,#REF!,15)="","",VLOOKUP(V12,#REF!,15)) -> #REF! | Y18: =IF(VLOOKUP(V12,#REF!,22)="","",VLOOKUP(V12,#REF!,22)) -> #REF! | Z18: =IF(VLOOKUP(V12,#REF!,29)="","",VLOOKUP(V12,#REF!,29)) -> #REF! | AA18: =IF(VLOOKUP(V12,#REF!,36)="","",VLOOKUP(V12,#REF!,36)) -> #REF!
A19: 6 | B19: =IF(VLOOKUP(A12,#REF!,9)="","",VLOOKUP(A12,#REF!,9)) -> #REF! | C19: =IF(VLOOKUP(A12,#REF!,16)="","",VLOOKUP(A12,#REF!,16)) -> #REF! | D19: =IF(VLOOKUP(A12,#REF!,23)="","",VLOOKUP(A12,#REF!,23)) -> #REF! | E19: =IF(VLOOKUP(A12,#REF!,30)="","",VLOOKUP(A12,#REF!,30)) -> #REF! | F19: =IF(VLOOKUP(A12,#REF!,37)="","",VLOOKUP(A12,#REF!,37)) -> #REF! | H19: 6 | I19: =IF(VLOOKUP(H12,#REF!,9)="","",VLOOKUP(H12,#REF!,9)) -> #REF! | J19: =IF(VLOOKUP(H12,#REF!,16)="","",VLOOKUP(H12,#REF!,16)) -> #REF! | K19: =IF(VLOOKUP(H12,#REF!,23)="","",VLOOKUP(H12,#REF!,23)) -> #REF! | L19: =IF(VLOOKUP(H12,#REF!,30)="","",VLOOKUP(H12,#REF!,30)) -> #REF! | M19: =IF(VLOOKUP(H12,#REF!,37)="","",VLOOKUP(H12,#REF!,37)) -> #REF! | O19: 6 | P19: =IF(VLOOKUP(O12,#REF!,9)="","",VLOOKUP(O12,#REF!,9)) -> #REF! | Q19: =IF(VLOOKUP(O12,#REF!,16)="","",VLOOKUP(O12,#REF!,16)) -> #REF! | R19: =IF(VLOOKUP(O12,#REF!,23)="","",VLOOKUP(O12,#REF!,23)) -> #REF! | S19: =IF(VLOOKUP(O12,#REF!,30)="","",VLOOKUP(O12,#REF!,30)) -> #REF! | T19: =IF(VLOOKUP(O12,#REF!,37)="","",VLOOKUP(O12,#REF!,37)) -> #REF! | V19: 6 | W19: =IF(VLOOKUP(V12,#REF!,9)="","",VLOOKUP(V12,#REF!,9)) -> #REF! | X19: =IF(VLOOKUP(V12,#REF!,16)="","",VLOOKUP(V12,#REF!,16)) -> #REF! | Y19: =IF(VLOOKUP(V12,#REF!,23)="","",VLOOKUP(V12,#REF!,23)) -> #REF! | Z19: =IF(VLOOKUP(V12,#REF!,30)="","",VLOOKUP(V12,#REF!,30)) -> #REF! | AA19: =IF(VLOOKUP(V12,#REF!,37)="","",VLOOKUP(V12,#REF!,37)) -> #REF!
A21: =IF(#REF!="","",#REF!) -> #REF! | D21: 先生 | H21: =IF(#REF!="","",#REF!) -> #REF! | K21: 先生 | O21: =IF(#REF!="","",#REF!) -> #REF! | R21: 先生 | V21: =IF(#REF!="","",#REF!) -> #REF! | Y21: 先生
A22: 9 | H22: 10 | O22: 11 | V22: 12
B23: 月 | C23: 火 | D23: 水 | E23: 木 | F23: 金 | I23: 月 | J23: 火 | K23: 水 | L23: 木 | M23: 金 | P23: 月 | Q23: 火 | R23: 水 | S23: 木 | T23: 金 | W23: 月 | X23: 火 | Y23: 水 | Z23: 木 | AA23: 金
A24: 1 | B24: =IF(VLOOKUP(A22,#REF!,4)="","",VLOOKUP(A22,#REF!,4)) -> #REF! | C24: =IF(VLOOKUP(A22,#REF!,11)="","",VLOOKUP(A22,#REF!,11)) -> #REF! | D24: =IF(VLOOKUP(A22,#REF!,18)="","",VLOOKUP(A22,#REF!,18)) -> #REF! | E24: =IF(VLOOKUP(A22,#REF!,25)="","",VLOOKUP(A22,#REF!,25)) -> #REF! | F24: =IF(VLOOKUP(A22,#REF!,32)="","",VLOOKUP(A22,#REF!,32)) -> #REF! | H24: 1 | I24: =IF(VLOOKUP(H22,#REF!,4)="","",VLOOKUP(H22,#REF!,4)) -> #REF! | J24: =IF(VLOOKUP(H22,#REF!,11)="","",VLOOKUP(H22,#REF!,11)) -> #REF! | K24: =IF(VLOOKUP(H22,#REF!,18)="","",VLOOKUP(H22,#REF!,18)) -> #REF! | L24: =IF(VLOOKUP(H22,#REF!,25)="","",VLOOKUP(H22,#REF!,25)) -> #REF! | M24: =IF(VLOOKUP(H22,#REF!,32)="","",VLOOKUP(H22,#REF!,32)) -> #REF! | O24: 1 | P24: =IF(VLOOKUP(O22,#REF!,4)="","",VLOOKUP(O22,#REF!,4)) -> #REF! | Q24: =IF(VLOOKUP(O22,#REF!,11)="","",VLOOKUP(O22,#REF!,11)) -> #REF! | R24: =IF(VLOOKUP(O22,#REF!,18)="","",VLOOKUP(O22,#REF!,18)) -> #REF! | S24: =IF(VLOOKUP(O22,#REF!,25)="","",VLOOKUP(O22,#REF!,25)) -> #REF! | T24: =IF(VLOOKUP(O22,#REF!,32)="","",VLOOKUP(O22,#REF!,32)) -> #REF! | V24: 1 | W24: =IF(VLOOKUP(V22,#REF!,4)="","",VLOOKUP(V22,#REF!,4)) -> #REF! | X24: =IF(VLOOKUP(V22,#REF!,11)="","",VLOOKUP(V22,#REF!,11)) -> #REF! | Y24: =IF(VLOOKUP(V22,#REF!,18)="","",VLOOKUP(V22,#REF!,18)) -> #REF! | Z24: =IF(VLOOKUP(V22,#REF!,25)="","",VLOOKUP(V22,#REF!,25)) -> #REF! | AA24: =IF(VLOOKUP(V22,#REF!,32)="","",VLOOKUP(V22,#REF!,32)) -> #REF!
A25: 2 | B25: =IF(VLOOKUP(A22,#REF!,5)="","",VLOOKUP(A22,#REF!,5)) -> #REF! | C25: =IF(VLOOKUP(A22,#REF!,12)="","",VLOOKUP(A22,#REF!,12)) -> #REF! | D25: =IF(VLOOKUP(A22,#REF!,19)="","",VLOOKUP(A22,#REF!,19)) -> #REF! | E25: =IF(VLOOKUP(A22,#REF!,26)="","",VLOOKUP(A22,#REF!,26)) -> #REF! | F25: =IF(VLOOKUP(A22,#REF!,33)="","",VLOOKUP(A22,#REF!,33)) -> #REF! | H25: 2 | I25: =IF(VLOOKUP(H22,#REF!,5)="","",VLOOKUP(H22,#REF!,5)) -> #REF! | J25: =IF(VLOOKUP(H22,#REF!,12)="","",VLOOKUP(H22,#REF!,12)) -> #REF! | K25: =IF(VLOOKUP(H22,#REF!,19)="","",VLOOKUP(H22,#REF!,19)) -> #REF! | L25: =IF(VLOOKUP(H22,#REF!,26)="","",VLOOKUP(H22,#REF!,26)) -> #REF! | M25: =IF(VLOOKUP(H22,#REF!,33)="","",VLOOKUP(H22,#REF!,33)) -> #REF! | O25: 2 | P25: =IF(VLOOKUP(O22,#REF!,5)="","",VLOOKUP(O22,#REF!,5)) -> #REF! | Q25: =IF(VLOOKUP(O22,#REF!,12)="","",VLOOKUP(O22,#REF!,12)) -> #REF! | R25: =IF(VLOOKUP(O22,#REF!,19)="","",VLOOKUP(O22,#REF!,19)) -> #REF! | S25: =IF(VLOOKUP(O22,#REF!,26)="","",VLOOKUP(O22,#REF!,26)) -> #REF! | T25: =IF(VLOOKUP(O22,#REF!,33)="","",VLOOKUP(O22,#REF!,33)) -> #REF! | V25: 2 | W25: =IF(VLOOKUP(V22,#REF!,5)="","",VLOOKUP(V22,#REF!,5)) -> #REF! | X25: =IF(VLOOKUP(V22,#REF!,12)="","",VLOOKUP(V22,#REF!,12)) -> #REF! | Y25: =IF(VLOOKUP(V22,#REF!,19)="","",VLOOKUP(V22,#REF!,19)) -> #REF! | Z25: =IF(VLOOKUP(V22,#REF!,26)="","",VLOOKUP(V22,#REF!,26)) -> #REF! | AA25: =IF(VLOOKUP(V22,#REF!,33)="","",VLOOKUP(V22,#REF!,33)) -> #REF!
A26: 3 | B26: =IF(VLOOKUP(A22,#REF!,6)="","",VLOOKUP(A22,#REF!,6)) -> #REF! | C26: =IF(VLOOKUP(A22,#REF!,13)="","",VLOOKUP(A22,#REF!,13)) -> #REF! | D26: =IF(VLOOKUP(A22,#REF!,20)="","",VLOOKUP(A22,#REF!,20)) -> #REF! | E26: =IF(VLOOKUP(A22,#REF!,27)="","",VLOOKUP(A22,#REF!,27)) -> #REF! | F26: =IF(VLOOKUP(A22,#REF!,34)="","",VLOOKUP(A22,#REF!,34)) -> #REF! | H26: 3 | I26: =IF(VLOOKUP(H22,#REF!,6)="","",VLOOKUP(H22,#REF!,6)) -> #REF! | J26: =IF(VLOOKUP(H22,#REF!,13)="","",VLOOKUP(H22,#REF!,13)) -> #REF! | K26: =IF(VLOOKUP(H22,#REF!,20)="","",VLOOKUP(H22,#REF!,20)) -> #REF! | L26: =IF(VLOOKUP(H22,#REF!,27)="","",VLOOKUP(H22,#REF!,27)) -> #REF! | M26: =IF(VLOOKUP(H22,#REF!,34)="","",VLOOKUP(H22,#REF!,34)) -> #REF! | O26: 3 | P26: =IF(VLOOKUP(O22,#REF!,6)="","",VLOOKUP(O22,#REF!,6)) -> #REF! | Q26: =IF(VLOOKUP(O22,#REF!,13)="","",VLOOKUP(O22,#REF!,13)) -> #REF! | R26: =IF(VLOOKUP(O22,#REF!,20)="","",VLOOKUP(O22,#REF!,20)) -> #REF! | S26: =IF(VLOOKUP(O22,#REF!,27)="","",VLOOKUP(O22,#REF!,27)) -> #REF! | T26: =IF(VLOOKUP(O22,#REF!,34)="","",VLOOKUP(O22,#REF!,34)) -> #REF! | V26: 3 | W26: =IF(VLOOKUP(V22,#REF!,6)="","",VLOOKUP(V22,#REF!,6)) -> #REF! | X26: =IF(VLOOKUP(V22,#REF!,13)="","",VLOOKUP(V22,#REF!,13)) -> #REF! | Y26: =IF(VLOOKUP(V22,#REF!,20)="","",VLOOKUP(V22,#REF!,20)) -> #REF! | Z26: =IF(VLOOKUP(V22,#REF!,27)="","",VLOOKUP(V22,#REF!,27)) -> #REF! | AA26: =IF(VLOOKUP(V22,#REF!,34)="","",VLOOKUP(V22,#REF!,34)) -> #REF!
A27: 4 | B27: =IF(VLOOKUP(A22,#REF!,7)="","",VLOOKUP(A22,#REF!,7)) -> #REF! | C27: =IF(VLOOKUP(A22,#REF!,14)="","",VLOOKUP(A22,#REF!,14)) -> #REF! | D27: =IF(VLOOKUP(A22,#REF!,21)="","",VLOOKUP(A22,#REF!,21)) -> #REF! | E27: =IF(VLOOKUP(A22,#REF!,28)="","",VLOOKUP(A22,#REF!,28)) -> #REF! | F27: =IF(VLOOKUP(A22,#REF!,35)="","",VLOOKUP(A22,#REF!,35)) -> #REF! | H27: 4 | I27: =IF(VLOOKUP(H22,#REF!,7)="","",VLOOKUP(H22,#REF!,7)) -> #REF! | J27: =IF(VLOOKUP(H22,#REF!,14)="","",VLOOKUP(H22,#REF!,14)) -> #REF! | K27: =IF(VLOOKUP(H22,#REF!,21)="","",VLOOKUP(H22,#REF!,21)) -> #REF! | L27: =IF(VLOOKUP(H22,#REF!,28)="","",VLOOKUP(H22,#REF!,28)) -> #REF! | M27: =IF(VLOOKUP(H22,#REF!,35)="","",VLOOKUP(H22,#REF!,35)) -> #REF! | O27: 4 | P27: =IF(VLOOKUP(O22,#REF!,7)="","",VLOOKUP(O22,#REF!,7)) -> #REF! | Q27: =IF(VLOOKUP(O22,#REF!,14)="","",VLOOKUP(O22,#REF!,14)) -> #REF! | R27: =IF(VLOOKUP(O22,#REF!,21)="","",VLOOKUP(O22,#REF!,21)) -> #REF! | S27: =IF(VLOOKUP(O22,#REF!,28)="","",VLOOKUP(O22,#REF!,28)) -> #REF! | T27: =IF(VLOOKUP(O22,#REF!,35)="","",VLOOKUP(O22,#REF!,35)) -> #REF! | V27: 4 | W27: =IF(VLOOKUP(V22,#REF!,7)="","",VLOOKUP(V22,#REF!,7)) -> #REF! | X27: =IF(VLOOKUP(V22,#REF!,14)="","",VLOOKUP(V22,#REF!,14)) -> #REF! | Y27: =IF(VLOOKUP(V22,#REF!,21)="","",VLOOKUP(V22,#REF!,21)) -> #REF! | Z27: =IF(VLOOKUP(V22,#REF!,28)="","",VLOOKUP(V22,#REF!,28)) -> #REF! | AA27: =IF(VLOOKUP(V22,#REF!,35)="","",VLOOKUP(V22,#REF!,35)) -> #REF!
A28: 5 | B28: =IF(VLOOKUP(A22,#REF!,8)="","",VLOOKUP(A22,#REF!,8)) -> #REF! | C28: =IF(VLOOKUP(A22,#REF!,15)="","",VLOOKUP(A22,#REF!,15)) -> #REF! | D28: =IF(VLOOKUP(A22,#REF!,22)="","",VLOOKUP(A22,#REF!,22)) -> #REF! | E28: =IF(VLOOKUP(A22,#REF!,29)="","",VLOOKUP(A22,#REF!,29)) -> #REF! | F28: =IF(VLOOKUP(A22,#REF!,36)="","",VLOOKUP(A22,#REF!,36)) -> #REF! | H28: 5 | I28: =IF(VLOOKUP(H22,#REF!,8)="","",VLOOKUP(H22,#REF!,8)) -> #REF! | J28: =IF(VLOOKUP(H22,#REF!,15)="","",VLOOKUP(H22,#REF!,15)) -> #REF! | K28: =IF(VLOOKUP(H22,#REF!,22)="","",VLOOKUP(H22,#REF!,22)) -> #REF! | L28: =IF(VLOOKUP(H22,#REF!,29)="","",VLOOKUP(H22,#REF!,29)) -> #REF! | M28: =IF(VLOOKUP(H22,#REF!,36)="","",VLOOKUP(H22,#REF!,36)) -> #REF! | O28: 5 | P28: =IF(VLOOKUP(O22,#REF!,8)="","",VLOOKUP(O22,#REF!,8)) -> #REF! | Q28: =IF(VLOOKUP(O22,#REF!,15)="","",VLOOKUP(O22,#REF!,15)) -> #REF! | R28: =IF(VLOOKUP(O22,#REF!,22)="","",VLOOKUP(O22,#REF!,22)) -> #REF! | S28: =IF(VLOOKUP(O22,#REF!,29)="","",VLOOKUP(O22,#REF!,29)) -> #REF! | T28: =IF(VLOOKUP(O22,#REF!,36)="","",VLOOKUP(O22,#REF!,36)) -> #REF! | V28: 5 | W28: =IF(VLOOKUP(V22,#REF!,8)="","",VLOOKUP(V22,#REF!,8)) -> #REF! | X28: =IF(VLOOKUP(V22,#REF!,15)="","",VLOOKUP(V22,#REF!,15)) -> #REF! | Y28: =IF(VLOOKUP(V22,#REF!,22)="","",VLOOKUP(V22,#REF!,22)) -> #REF! | Z28: =IF(VLOOKUP(V22,#REF!,29)="","",VLOOKUP(V22,#REF!,29)) -> #REF! | AA28: =IF(VLOOKUP(V22,#REF!,36)="","",VLOOKUP(V22,#REF!,36)) -> #REF!
A29: 6 | B29: =IF(VLOOKUP(A22,#REF!,9)="","",VLOOKUP(A22,#REF!,9)) -> #REF! | C29: =IF(VLOOKUP(A22,#REF!,16)="","",VLOOKUP(A22,#REF!,16)) -> #REF! | D29: =IF(VLOOKUP(A22,#REF!,23)="","",VLOOKUP(A22,#REF!,23)) -> #REF! | E29: =IF(VLOOKUP(A22,#REF!,30)="","",VLOOKUP(A22,#REF!,30)) -> #REF! | F29: =IF(VLOOKUP(A22,#REF!,37)="","",VLOOKUP(A22,#REF!,37)) -> #REF! | H29: 6 | I29: =IF(VLOOKUP(H22,#REF!,9)="","",VLOOKUP(H22,#REF!,9)) -> #REF! | J29: =IF(VLOOKUP(H22,#REF!,16)="","",VLOOKUP(H22,#REF!,16)) -> #REF! | K29: =IF(VLOOKUP(H22,#REF!,23)="","",VLOOKUP(H22,#REF!,23)) -> #REF! | L29: =IF(VLOOKUP(H22,#REF!,30)="","",VLOOKUP(H22,#REF!,30)) -> #REF! | M29: =IF(VLOOKUP(H22,#REF!,37)="","",VLOOKUP(H22,#REF!,37)) -> #REF! | O29: 6 | P29: =IF(VLOOKUP(O22,#REF!,9)="","",VLOOKUP(O22,#REF!,9)) -> #REF! | Q29: =IF(VLOOKUP(O22,#REF!,16)="","",VLOOKUP(O22,#REF!,16)) -> #REF! | R29: =IF(VLOOKUP(O22,#REF!,23)="","",VLOOKUP(O22,#REF!,23)) -> #REF! | S29: =IF(VLOOKUP(O22,#REF!,30)="","",VLOOKUP(O22,#REF!,30)) -> #REF! | T29: =IF(VLOOKUP(O22,#REF!,37)="","",VLOOKUP(O22,#REF!,37)) -> #REF! | V29: 6 | W29: =IF(VLOOKUP(V22,#REF!,9)="","",VLOOKUP(V22,#REF!,9)) -> #REF! | X29: =IF(VLOOKUP(V22,#REF!,16)="","",VLOOKUP(V22,#REF!,16)) -> #REF! | Y29: =IF(VLOOKUP(V22,#REF!,23)="","",VLOOKUP(V22,#REF!,23)) -> #REF! | Z29: =IF(VLOOKUP(V22,#REF!,30)="","",VLOOKUP(V22,#REF!,30)) -> #REF! | AA29: =IF(VLOOKUP(V22,#REF!,37)="","",VLOOKUP(V22,#REF!,37)) -> #REF!
A31: =IF(#REF!="","",#REF!) -> #REF! | D31: 先生 | H31: =IF(#REF!="","",#REF!) -> #REF! | K31: 先生 | O31: =IF(#REF!="","",#REF!) -> #REF! | R31: 先生 | V31: =IF(#REF!="","",#REF!) -> #REF! | Y31: 先生
A32: 13 | H32: 14 | O32: 15 | V32: 16
B33: 月 | C33: 火 | D33: 水 | E33: 木 | F33: 金 | I33: 月 | J33: 火 | K33: 水 | L33: 木 | M33: 金 | P33: 月 | Q33: 火 | R33: 水 | S33: 木 | T33: 金 | W33: 月 | X33: 火 | Y33: 水 | Z33: 木 | AA33: 金
A34: 1 | B34: =IF(VLOOKUP(A32,#REF!,4)="","",VLOOKUP(A32,#REF!,4)) -> #REF! | C34: =IF(VLOOKUP(A32,#REF!,11)="","",VLOOKUP(A32,#REF!,11)) -> #REF! | D34: =IF(VLOOKUP(A32,#REF!,18)="","",VLOOKUP(A32,#REF!,18)) -> #REF! | E34: =IF(VLOOKUP(A32,#REF!,25)="","",VLOOKUP(A32,#REF!,25)) -> #REF! | F34: =IF(VLOOKUP(A32,#REF!,32)="","",VLOOKUP(A32,#REF!,32)) -> #REF! | H34: 1 | I34: =IF(VLOOKUP(H32,#REF!,4)="","",VLOOKUP(H32,#REF!,4)) -> #REF! | J34: =IF(VLOOKUP(H32,#REF!,11)="","",VLOOKUP(H32,#REF!,11)) -> #REF! | K34: =IF(VLOOKUP(H32,#REF!,18)="","",VLOOKUP(H32,#REF!,18)) -> #REF! | L34: =IF(VLOOKUP(H32,#REF!,25)="","",VLOOKUP(H32,#REF!,25)) -> #REF! | M34: =IF(VLOOKUP(H32,#REF!,32)="","",VLOOKUP(H32,#REF!,32)) -> #REF! | O34: 1 | P34: =IF(VLOOKUP(O32,#REF!,4)="","",VLOOKUP(O32,#REF!,4)) -> #REF! | Q34: =IF(VLOOKUP(O32,#REF!,11)="","",VLOOKUP(O32,#REF!,11)) -> #REF! | R34: =IF(VLOOKUP(O32,#REF!,18)="","",VLOOKUP(O32,#REF!,18)) -> #REF! | S34: =IF(VLOOKUP(O32,#REF!,25)="","",VLOOKUP(O32,#REF!,25)) -> #REF! | T34: =IF(VLOOKUP(O32,#REF!,32)="","",VLOOKUP(O32,#REF!,32)) -> #REF! | V34: 1 | W34: =IF(VLOOKUP(V32,#REF!,4)="","",VLOOKUP(V32,#REF!,4)) -> #REF! | X34: =IF(VLOOKUP(V32,#REF!,11)="","",VLOOKUP(V32,#REF!,11)) -> #REF! | Y34: =IF(VLOOKUP(V32,#REF!,18)="","",VLOOKUP(V32,#REF!,18)) -> #REF! | Z34: =IF(VLOOKUP(V32,#REF!,25)="","",VLOOKUP(V32,#REF!,25)) -> #REF! | AA34: =IF(VLOOKUP(V32,#REF!,32)="","",VLOOKUP(V32,#REF!,32)) -> #REF!
A35: 2 | B35: =IF(VLOOKUP(A32,#REF!,5)="","",VLOOKUP(A32,#REF!,5)) -> #REF! | C35: =IF(VLOOKUP(A32,#REF!,12)="","",VLOOKUP(A32,#REF!,12)) -> #REF! | D35: =IF(VLOOKUP(A32,#REF!,19)="","",VLOOKUP(A32,#REF!,19)) -> #REF! | E35: =IF(VLOOKUP(A32,#REF!,26)="","",VLOOKUP(A32,#REF!,26)) -> #REF! | F35: =IF(VLOOKUP(A32,#REF!,33)="","",VLOOKUP(A32,#REF!,33)) -> #REF! | H35: 2 | I35: =IF(VLOOKUP(H32,#REF!,5)="","",VLOOKUP(H32,#REF!,5)) -> #REF! | J35: =IF(VLOOKUP(H32,#REF!,12)="","",VLOOKUP(H32,#REF!,12)) -> #REF! | K35: =IF(VLOOKUP(H32,#REF!,19)="","",VLOOKUP(H32,#REF!,19)) -> #REF! | L35: =IF(VLOOKUP(H32,#REF!,26)="","",VLOOKUP(H32,#REF!,26)) -> #REF! | M35: =IF(VLOOKUP(H32,#REF!,33)="","",VLOOKUP(H32,#REF!,33)) -> #REF! | O35: 2 | P35: =IF(VLOOKUP(O32,#REF!,5)="","",VLOOKUP(O32,#REF!,5)) -> #REF! | Q35: =IF(VLOOKUP(O32,#REF!,12)="","",VLOOKUP(O32,#REF!,12)) -> #REF! | R35: =IF(VLOOKUP(O32,#REF!,19)="","",VLOOKUP(O32,#REF!,19)) -> #REF! | S35: =IF(VLOOKUP(O32,#REF!,26)="","",VLOOKUP(O32,#REF!,26)) -> #REF! | T35: =IF(VLOOKUP(O32,#REF!,33)="","",VLOOKUP(O32,#REF!,33)) -> #REF! | V35: 2 | W35: =IF(VLOOKUP(V32,#REF!,5)="","",VLOOKUP(V32,#REF!,5)) -> #REF! | X35: =IF(VLOOKUP(V32,#REF!,12)="","",VLOOKUP(V32,#REF!,12)) -> #REF! | Y35: =IF(VLOOKUP(V32,#REF!,19)="","",VLOOKUP(V32,#REF!,19)) -> #REF! | Z35: =IF(VLOOKUP(V32,#REF!,26)="","",VLOOKUP(V32,#REF!,26)) -> #REF! | AA35: =IF(VLOOKUP(V32,#REF!,33)="","",VLOOKUP(V32,#REF!,33)) -> #REF!
A36: 3 | B36: =IF(VLOOKUP(A32,#REF!,6)="","",VLOOKUP(A32,#REF!,6)) -> #REF! | C36: =IF(VLOOKUP(A32,#REF!,13)="","",VLOOKUP(A32,#REF!,13)) -> #REF! | D36: =IF(VLOOKUP(A32,#REF!,20)="","",VLOOKUP(A32,#REF!,20)) -> #REF! | E36: =IF(VLOOKUP(A32,#REF!,27)="","",VLOOKUP(A32,#REF!,27)) -> #REF! | F36: =IF(VLOOKUP(A32,#REF!,34)="","",VLOOKUP(A32,#REF!,34)) -> #REF! | H36: 3 | I36: =IF(VLOOKUP(H32,#REF!,6)="","",VLOOKUP(H32,#REF!,6)) -> #REF! | J36: =IF(VLOOKUP(H32,#REF!,13)="","",VLOOKUP(H32,#REF!,13)) -> #REF! | K36: =IF(VLOOKUP(H32,#REF!,20)="","",VLOOKUP(H32,#REF!,20)) -> #REF! | L36: =IF(VLOOKUP(H32,#REF!,27)="","",VLOOKUP(H32,#REF!,27)) -> #REF! | M36: =IF(VLOOKUP(H32,#REF!,34)="","",VLOOKUP(H32,#REF!,34)) -> #REF! | O36: 3 | P36: =IF(VLOOKUP(O32,#REF!,6)="","",VLOOKUP(O32,#REF!,6)) -> #REF! | Q36: =IF(VLOOKUP(O32,#REF!,13)="","",VLOOKUP(O32,#REF!,13)) -> #REF! | R36: =IF(VLOOKUP(O32,#REF!,20)="","",VLOOKUP(O32,#REF!,20)) -> #REF! | S36: =IF(VLOOKUP(O32,#REF!,27)="","",VLOOKUP(O32,#REF!,27)) -> #REF! | T36: =IF(VLOOKUP(O32,#REF!,34)="","",VLOOKUP(O32,#REF!,34)) -> #REF! | V36: 3 | W36: =IF(VLOOKUP(V32,#REF!,6)="","",VLOOKUP(V32,#REF!,6)) -> #REF! | X36: =IF(VLOOKUP(V32,#REF!,13)="","",VLOOKUP(V32,#REF!,13)) -> #REF! | Y36: =IF(VLOOKUP(V32,#REF!,20)="","",VLOOKUP(V32,#REF!,20)) -> #REF! | Z36: =IF(VLOOKUP(V32,#REF!,27)="","",VLOOKUP(V32,#REF!,27)) -> #REF! | AA36: =IF(VLOOKUP(V32,#REF!,34)="","",VLOOKUP(V32,#REF!,34)) -> #REF!
A37: 4 | B37: =IF(VLOOKUP(A32,#REF!,7)="","",VLOOKUP(A32,#REF!,7)) -> #REF! | C37: =IF(VLOOKUP(A32,#REF!,14)="","",VLOOKUP(A32,#REF!,14)) -> #REF! | D37: =IF(VLOOKUP(A32,#REF!,21)="","",VLOOKUP(A32,#REF!,21)) -> #REF! | E37: =IF(VLOOKUP(A32,#REF!,28)="","",VLOOKUP(A32,#REF!,28)) -> #REF! | F37: =IF(VLOOKUP(A32,#REF!,35)="","",VLOOKUP(A32,#REF!,35)) -> #REF! | H37: 4 | I37: =IF(VLOOKUP(H32,#REF!,7)="","",VLOOKUP(H32,#REF!,7)) -> #REF! | J37: =IF(VLOOKUP(H32,#REF!,14)="","",VLOOKUP(H32,#REF!,14)) -> #REF! | K37: =IF(VLOOKUP(H32,#REF!,21)="","",VLOOKUP(H32,#REF!,21)) -> #REF! | L37: =IF(VLOOKUP(H32,#REF!,28)="","",VLOOKUP(H32,#REF!,28)) -> #REF! | M37: =IF(VLOOKUP(H32,#REF!,35)="","",VLOOKUP(H32,#REF!,35)) -> #REF! | O37: 4 | P37: =IF(VLOOKUP(O32,#REF!,7)="","",VLOOKUP(O32,#REF!,7)) -> #REF! | Q37: =IF(VLOOKUP(O32,#REF!,14)="","",VLOOKUP(O32,#REF!,14)) -> #REF! | R37: =IF(VLOOKUP(O32,#REF!,21)="","",VLOOKUP(O32,#REF!,21)) -> #REF! | S37: =IF(VLOOKUP(O32,#REF!,28)="","",VLOOKUP(O32,#REF!,28)) -> #REF! | T37: =IF(VLOOKUP(O32,#REF!,35)="","",VLOOKUP(O32,#REF!,35)) -> #REF! | V37: 4 | W37: =IF(VLOOKUP(V32,#REF!,7)="","",VLOOKUP(V32,#REF!,7)) -> #REF! | X37: =IF(VLOOKUP(V32,#REF!,14)="","",VLOOKUP(V32,#REF!,14)) -> #REF! | Y37: =IF(VLOOKUP(V32,#REF!,21)="","",VLOOKUP(V32,#REF!,21)) -> #REF! | Z37: =IF(VLOOKUP(V32,#REF!,28)="","",VLOOKUP(V32,#REF!,28)) -> #REF! | AA37: =IF(VLOOKUP(V32,#REF!,35)="","",VLOOKUP(V32,#REF!,35)) -> #REF!
A38: 5 | B38: =IF(VLOOKUP(A32,#REF!,8)="","",VLOOKUP(A32,#REF!,8)) -> #REF! | C38: =IF(VLOOKUP(A32,#REF!,15)="","",VLOOKUP(A32,#REF!,15)) -> #REF! | D38: =IF(VLOOKUP(A32,#REF!,22)="","",VLOOKUP(A32,#REF!,22)) -> #REF! | E38: =IF(VLOOKUP(A32,#REF!,29)="","",VLOOKUP(A32,#REF!,29)) -> #REF! | F38: =IF(VLOOKUP(A32,#REF!,36)="","",VLOOKUP(A32,#REF!,36)) -> #REF! | H38: 5 | I38: =IF(VLOOKUP(H32,#REF!,8)="","",VLOOKUP(H32,#REF!,8)) -> #REF! | J38: =IF(VLOOKUP(H32,#REF!,15)="","",VLOOKUP(H32,#REF!,15)) -> #REF! | K38: =IF(VLOOKUP(H32,#REF!,22)="","",VLOOKUP(H32,#REF!,22)) -> #REF! | L38: =IF(VLOOKUP(H32,#REF!,29)="","",VLOOKUP(H32,#REF!,29)) -> #REF! | M38: =IF(VLOOKUP(H32,#REF!,36)="","",VLOOKUP(H32,#REF!,36)) -> #REF! | O38: 5 | P38: =IF(VLOOKUP(O32,#REF!,8)="","",VLOOKUP(O32,#REF!,8)) -> #REF! | Q38: =IF(VLOOKUP(O32,#REF!,15)="","",VLOOKUP(O32,#REF!,15)) -> #REF! | R38: =IF(VLOOKUP(O32,#REF!,22)="","",VLOOKUP(O32,#REF!,22)) -> #REF! | S38: =IF(VLOOKUP(O32,#REF!,29)="","",VLOOKUP(O32,#REF!,29)) -> #REF! | T38: =IF(VLOOKUP(O32,#REF!,36)="","",VLOOKUP(O32,#REF!,36)) -> #REF! | V38: 5 | W38: =IF(VLOOKUP(V32,#REF!,8)="","",VLOOKUP(V32,#REF!,8)) -> #REF! | X38: =IF(VLOOKUP(V32,#REF!,15)="","",VLOOKUP(V32,#REF!,15)) -> #REF! | Y38: =IF(VLOOKUP(V32,#REF!,22)="","",VLOOKUP(V32,#REF!,22)) -> #REF! | Z38: =IF(VLOOKUP(V32,#REF!,29)="","",VLOOKUP(V32,#REF!,29)) -> #REF! | AA38: =IF(VLOOKUP(V32,#REF!,36)="","",VLOOKUP(V32,#REF!,36)) -> #REF!
A39: 6 | B39: =IF(VLOOKUP(A32,#REF!,9)="","",VLOOKUP(A32,#REF!,9)) -> #REF! | C39: =IF(VLOOKUP(A32,#REF!,16)="","",VLOOKUP(A32,#REF!,16)) -> #REF! | D39: =IF(VLOOKUP(A32,#REF!,23)="","",VLOOKUP(A32,#REF!,23)) -> #REF! | E39: =IF(VLOOKUP(A32,#REF!,30)="","",VLOOKUP(A32,#REF!,30)) -> #REF! | F39: =IF(VLOOKUP(A32,#REF!,37)="","",VLOOKUP(A32,#REF!,37)) -> #REF! | H39: 6 | I39: =IF(VLOOKUP(H32,#REF!,9)="","",VLOOKUP(H32,#REF!,9)) -> #REF! | J39: =IF(VLOOKUP(H32,#REF!,16)="","",VLOOKUP(H32,#REF!,16)) -> #REF! | K39: =IF(VLOOKUP(H32,#REF!,23)="","",VLOOKUP(H32,#REF!,23)) -> #REF! | L39: =IF(VLOOKUP(H32,#REF!,30)="","",VLOOKUP(H32,#REF!,30)) -> #REF! | M39: =IF(VLOOKUP(H32,#REF!,37)="","",VLOOKUP(H32,#REF!,37)) -> #REF! | O39: 6 | P39: =IF(VLOOKUP(O32,#REF!,9)="","",VLOOKUP(O32,#REF!,9)) -> #REF! | Q39: =IF(VLOOKUP(O32,#REF!,16)="","",VLOOKUP(O32,#REF!,16)) -> #REF! | R39: =IF(VLOOKUP(O32,#REF!,23)="","",VLOOKUP(O32,#REF!,23)) -> #REF! | S39: =IF(VLOOKUP(O32,#REF!,30)="","",VLOOKUP(O32,#REF!,30)) -> #REF! | T39: =IF(VLOOKUP(O32,#REF!,37)="","",VLOOKUP(O32,#REF!,37)) -> #REF! | V39: 6 | W39: =IF(VLOOKUP(V32,#REF!,9)="","",VLOOKUP(V32,#REF!,9)) -> #REF! | X39: =IF(VLOOKUP(V32,#REF!,16)="","",VLOOKUP(V32,#REF!,16)) -> #REF! | Y39: =IF(VLOOKUP(V32,#REF!,23)="","",VLOOKUP(V32,#REF!,23)) -> #REF! | Z39: =IF(VLOOKUP(V32,#REF!,30)="","",VLOOKUP(V32,#REF!,30)) -> #REF! | AA39: =IF(VLOOKUP(V32,#REF!,37)="","",VLOOKUP(V32,#REF!,37)) -> #REF!
A41: =IF(#REF!="","",#REF!) -> #REF! | D41: 先生 | H41: =IF(#REF!="","",#REF!) -> #REF! | K41: 先生 | O41: =IF(#REF!="","",#REF!) -> #REF! | R41: 先生 | V41: =IF(#REF!="","",#REF!) -> #REF! | Y41: 先生
A42: 17 | H42: 18 | O42: 19 | V42: 20
B43: 月 | C43: 火 | D43: 水 | E43: 木 | F43: 金 | I43: 月 | J43: 火 | K43: 水 | L43: 木 | M43: 金 | P43: 月 | Q43: 火 | R43: 水 | S43: 木 | T43: 金 | W43: 月 | X43: 火 | Y43: 水 | Z43: 木 | AA43: 金
A44: 1 | B44: =IF(VLOOKUP(A42,#REF!,4)="","",VLOOKUP(A42,#REF!,4)) -> #REF! | C44: =IF(VLOOKUP(A42,#REF!,11)="","",VLOOKUP(A42,#REF!,11)) -> #REF! | D44: =IF(VLOOKUP(A42,#REF!,18)="","",VLOOKUP(A42,#REF!,18)) -> #REF! | E44: =IF(VLOOKUP(A42,#REF!,25)="","",VLOOKUP(A42,#REF!,25)) -> #REF! | F44: =IF(VLOOKUP(A42,#REF!,32)="","",VLOOKUP(A42,#REF!,32)) -> #REF! | H44: 1 | I44: =IF(VLOOKUP(H42,#REF!,4)="","",VLOOKUP(H42,#REF!,4)) -> #REF! | J44: =IF(VLOOKUP(H42,#REF!,11)="","",VLOOKUP(H42,#REF!,11)) -> #REF! | K44: =IF(VLOOKUP(H42,#REF!,18)="","",VLOOKUP(H42,#REF!,18)) -> #REF! | L44: =IF(VLOOKUP(H42,#REF!,25)="","",VLOOKUP(H42,#REF!,25)) -> #REF! | M44: =IF(VLOOKUP(H42,#REF!,32)="","",VLOOKUP(H42,#REF!,32)) -> #REF! | O44: 1 | P44: =IF(VLOOKUP(O42,#REF!,4)="","",VLOOKUP(O42,#REF!,4)) -> #REF! | Q44: =IF(VLOOKUP(O42,#REF!,11)="","",VLOOKUP(O42,#REF!,11)) -> #REF! | R44: =IF(VLOOKUP(O42,#REF!,18)="","",VLOOKUP(O42,#REF!,18)) -> #REF! | S44: =IF(VLOOKUP(O42,#REF!,25)="","",VLOOKUP(O42,#REF!,25)) -> #REF! | T44: =IF(VLOOKUP(O42,#REF!,32)="","",VLOOKUP(O42,#REF!,32)) -> #REF! | V44: 1 | W44: =IF(VLOOKUP(V42,#REF!,4)="","",VLOOKUP(V42,#REF!,4)) -> #REF! | X44: =IF(VLOOKUP(V42,#REF!,11)="","",VLOOKUP(V42,#REF!,11)) -> #REF! | Y44: =IF(VLOOKUP(V42,#REF!,18)="","",VLOOKUP(V42,#REF!,18)) -> #REF! | Z44: =IF(VLOOKUP(V42,#REF!,25)="","",VLOOKUP(V42,#REF!,25)) -> #REF! | AA44: =IF(VLOOKUP(V42,#REF!,32)="","",VLOOKUP(V42,#REF!,32)) -> #REF!
A45: 2 | B45: =IF(VLOOKUP(A42,#REF!,5)="","",VLOOKUP(A42,#REF!,5)) -> #REF! | C45: =IF(VLOOKUP(A42,#REF!,12)="","",VLOOKUP(A42,#REF!,12)) -> #REF! | D45: =IF(VLOOKUP(A42,#REF!,19)="","",VLOOKUP(A42,#REF!,19)) -> #REF! | E45: =IF(VLOOKUP(A42,#REF!,26)="","",VLOOKUP(A42,#REF!,26)) -> #REF! | F45: =IF(VLOOKUP(A42,#REF!,33)="","",VLOOKUP(A42,#REF!,33)) -> #REF! | H45: 2 | I45: =IF(VLOOKUP(H42,#REF!,5)="","",VLOOKUP(H42,#REF!,5)) -> #REF! | J45: =IF(VLOOKUP(H42,#REF!,12)="","",VLOOKUP(H42,#REF!,12)) -> #REF! | K45: =IF(VLOOKUP(H42,#REF!,19)="","",VLOOKUP(H42,#REF!,19)) -> #REF! | L45: =IF(VLOOKUP(H42,#REF!,26)="","",VLOOKUP(H42,#REF!,26)) -> #REF! | M45: =IF(VLOOKUP(H42,#REF!,33)="","",VLOOKUP(H42,#REF!,33)) -> #REF! | O45: 2 | P45: =IF(VLOOKUP(O42,#REF!,5)="","",VLOOKUP(O42,#REF!,5)) -> #REF! | Q45: =IF(VLOOKUP(O42,#REF!,12)="","",VLOOKUP(O42,#REF!,12)) -> #REF! | R45: =IF(VLOOKUP(O42,#REF!,19)="","",VLOOKUP(O42,#REF!,19)) -> #REF! | S45: =IF(VLOOKUP(O42,#REF!,26)="","",VLOOKUP(O42,#REF!,26)) -> #REF! | T45: =IF(VLOOKUP(O42,#REF!,33)="","",VLOOKUP(O42,#REF!,33)) -> #REF! | V45: 2 | W45: =IF(VLOOKUP(V42,#REF!,5)="","",VLOOKUP(V42,#REF!,5)) -> #REF! | X45: =IF(VLOOKUP(V42,#REF!,12)="","",VLOOKUP(V42,#REF!,12)) -> #REF! | Y45: =IF(VLOOKUP(V42,#REF!,19)="","",VLOOKUP(V42,#REF!,19)) -> #REF! | Z45: =IF(VLOOKUP(V42,#REF!,26)="","",VLOOKUP(V42,#REF!,26)) -> #REF! | AA45: =IF(VLOOKUP(V42,#REF!,33)="","",VLOOKUP(V42,#REF!,33)) -> #REF!
A46: 3 | B46: =IF(VLOOKUP(A42,#REF!,6)="","",VLOOKUP(A42,#REF!,6)) -> #REF! | C46: =IF(VLOOKUP(A42,#REF!,13)="","",VLOOKUP(A42,#REF!,13)) -> #REF! | D46: =IF(VLOOKUP(A42,#REF!,20)="","",VLOOKUP(A42,#REF!,20)) -> #REF! | E46: =IF(VLOOKUP(A42,#REF!,27)="","",VLOOKUP(A42,#REF!,27)) -> #REF! | F46: =IF(VLOOKUP(A42,#REF!,34)="","",VLOOKUP(A42,#REF!,34)) -> #REF! | H46: 3 | I46: =IF(VLOOKUP(H42,#REF!,6)="","",VLOOKUP(H42,#REF!,6)) -> #REF! | J46: =IF(VLOOKUP(H42,#REF!,13)="","",VLOOKUP(H42,#REF!,13)) -> #REF! | K46: =IF(VLOOKUP(H42,#REF!,20)="","",VLOOKUP(H42,#REF!,20)) -> #REF! | L46: =IF(VLOOKUP(H42,#REF!,27)="","",VLOOKUP(H42,#REF!,27)) -> #REF! | M46: =IF(VLOOKUP(H42,#REF!,34)="","",VLOOKUP(H42,#REF!,34)) -> #REF! | O46: 3 | P46: =IF(VLOOKUP(O42,#REF!,6)="","",VLOOKUP(O42,#REF!,6)) -> #REF! | Q46: =IF(VLOOKUP(O42,#REF!,13)="","",VLOOKUP(O42,#REF!,13)) -> #REF! | R46: =IF(VLOOKUP(O42,#REF!,20)="","",VLOOKUP(O42,#REF!,20)) -> #REF! | S46: =IF(VLOOKUP(O42,#REF!,27)="","",VLOOKUP(O42,#REF!,27)) -> #REF! | T46: =IF(VLOOKUP(O42,#REF!,34)="","",VLOOKUP(O42,#REF!,34)) -> #REF! | V46: 3 | W46: =IF(VLOOKUP(V42,#REF!,6)="","",VLOOKUP(V42,#REF!,6)) -> #REF! | X46: =IF(VLOOKUP(V42,#REF!,13)="","",VLOOKUP(V42,#REF!,13)) -> #REF! | Y46: =IF(VLOOKUP(V42,#REF!,20)="","",VLOOKUP(V42,#REF!,20)) -> #REF! | Z46: =IF(VLOOKUP(V42,#REF!,27)="","",VLOOKUP(V42,#REF!,27)) -> #REF! | AA46: =IF(VLOOKUP(V42,#REF!,34)="","",VLOOKUP(V42,#REF!,34)) -> #REF!
A47: 4 | B47: =IF(VLOOKUP(A42,#REF!,7)="","",VLOOKUP(A42,#REF!,7)) -> #REF! | C47: =IF(VLOOKUP(A42,#REF!,14)="","",VLOOKUP(A42,#REF!,14)) -> #REF! | D47: =IF(VLOOKUP(A42,#REF!,21)="","",VLOOKUP(A42,#REF!,21)) -> #REF! | E47: =IF(VLOOKUP(A42,#REF!,28)="","",VLOOKUP(A42,#REF!,28)) -> #REF! | F47: =IF(VLOOKUP(A42,#REF!,35)="","",VLOOKUP(A42,#REF!,35)) -> #REF! | H47: 4 | I47: =IF(VLOOKUP(H42,#REF!,7)="","",VLOOKUP(H42,#REF!,7)) -> #REF! | J47: =IF(VLOOKUP(H42,#REF!,14)="","",VLOOKUP(H42,#REF!,14)) -> #REF! | K47: =IF(VLOOKUP(H42,#REF!,21)="","",VLOOKUP(H42,#REF!,21)) -> #REF! | L47: =IF(VLOOKUP(H42,#REF!,28)="","",VLOOKUP(H42,#REF!,28)) -> #REF! | M47: =IF(VLOOKUP(H42,#REF!,35)="","",VLOOKUP(H42,#REF!,35)) -> #REF! | O47: 4 | P47: =IF(VLOOKUP(O42,#REF!,7)="","",VLOOKUP(O42,#REF!,7)) -> #REF! | Q47: =IF(VLOOKUP(O42,#REF!,14)="","",VLOOKUP(O42,#REF!,14)) -> #REF! | R47: =IF(VLOOKUP(O42,#REF!,21)="","",VLOOKUP(O42,#REF!,21)) -> #REF! | S47: =IF(VLOOKUP(O42,#REF!,28)="","",VLOOKUP(O42,#REF!,28)) -> #REF! | T47: =IF(VLOOKUP(O42,#REF!,35)="","",VLOOKUP(O42,#REF!,35)) -> #REF! | V47: 4 | W47: =IF(VLOOKUP(V42,#REF!,7)="","",VLOOKUP(V42,#REF!,7)) -> #REF! | X47: =IF(VLOOKUP(V42,#REF!,14)="","",VLOOKUP(V42,#REF!,14)) -> #REF! | Y47: =IF(VLOOKUP(V42,#REF!,21)="","",VLOOKUP(V42,#REF!,21)) -> #REF! | Z47: =IF(VLOOKUP(V42,#REF!,28)="","",VLOOKUP(V42,#REF!,28)) -> #REF! | AA47: =IF(VLOOKUP(V42,#REF!,35)="","",VLOOKUP(V42,#REF!,35)) -> #REF!
A48: 5 | B48: =IF(VLOOKUP(A42,#REF!,8)="","",VLOOKUP(A42,#REF!,8)) -> #REF! | C48: =IF(VLOOKUP(A42,#REF!,15)="","",VLOOKUP(A42,#REF!,15)) -> #REF! | D48: =IF(VLOOKUP(A42,#REF!,22)="","",VLOOKUP(A42,#REF!,22)) -> #REF! | E48: =IF(VLOOKUP(A42,#REF!,29)="","",VLOOKUP(A42,#REF!,29)) -> #REF! | F48: =IF(VLOOKUP(A42,#REF!,36)="","",VLOOKUP(A42,#REF!,36)) -> #REF! | H48: 5 | I48: =IF(VLOOKUP(H42,#REF!,8)="","",VLOOKUP(H42,#REF!,8)) -> #REF! | J48: =IF(VLOOKUP(H42,#REF!,15)="","",VLOOKUP(H42,#REF!,15)) -> #REF! | K48: =IF(VLOOKUP(H42,#REF!,22)="","",VLOOKUP(H42,#REF!,22)) -> #REF! | L48: =IF(VLOOKUP(H42,#REF!,29)="","",VLOOKUP(H42,#REF!,29)) -> #REF! | M48: =IF(VLOOKUP(H42,#REF!,36)="","",VLOOKUP(H42,#REF!,36)) -> #REF! | O48: 5 | P48: =IF(VLOOKUP(O42,#REF!,8)="","",VLOOKUP(O42,#REF!,8)) -> #REF! | Q48: =IF(VLOOKUP(O42,#REF!,15)="","",VLOOKUP(O42,#REF!,15)) -> #REF! | R48: =IF(VLOOKUP(O42,#REF!,22)="","",VLOOKUP(O42,#REF!,22)) -> #REF! | S48: =IF(VLOOKUP(O42,#REF!,29)="","",VLOOKUP(O42,#REF!,29)) -> #REF! | T48: =IF(VLOOKUP(O42,#REF!,36)="","",VLOOKUP(O42,#REF!,36)) -> #REF! | V48: 5 | W48: =IF(VLOOKUP(V42,#REF!,8)="","",VLOOKUP(V42,#REF!,8)) -> #REF! | X48: =IF(VLOOKUP(V42,#REF!,15)="","",VLOOKUP(V42,#REF!,15)) -> #REF! | Y48: =IF(VLOOKUP(V42,#REF!,22)="","",VLOOKUP(V42,#REF!,22)) -> #REF! | Z48: =IF(VLOOKUP(V42,#REF!,29)="","",VLOOKUP(V42,#REF!,29)) -> #REF! | AA48: =IF(VLOOKUP(V42,#REF!,36)="","",VLOOKUP(V42,#REF!,36)) -> #REF!
A49: 6 | B49: =IF(VLOOKUP(A42,#REF!,9)="","",VLOOKUP(A42,#REF!,9)) -> #REF! | C49: =IF(VLOOKUP(A42,#REF!,16)="","",VLOOKUP(A42,#REF!,16)) -> #REF! | D49: =IF(VLOOKUP(A42,#REF!,23)="","",VLOOKUP(A42,#REF!,23)) -> #REF! | E49: =IF(VLOOKUP(A42,#REF!,30)="","",VLOOKUP(A42,#REF!,30)) -> #REF! | F49: =IF(VLOOKUP(A42,#REF!,37)="","",VLOOKUP(A42,#REF!,37)) -> #REF! | H49: 6 | I49: =IF(VLOOKUP(H42,#REF!,9)="","",VLOOKUP(H42,#REF!,9)) -> #REF! | J49: =IF(VLOOKUP(H42,#REF!,16)="","",VLOOKUP(H42,#REF!,16)) -> #REF! | K49: =IF(VLOOKUP(H42,#REF!,23)="","",VLOOKUP(H42,#REF!,23)) -> #REF! | L49: =IF(VLOOKUP(H42,#REF!,30)="","",VLOOKUP(H42,#REF!,30)) -> #REF! | M49: =IF(VLOOKUP(H42,#REF!,37)="","",VLOOKUP(H42,#REF!,37)) -> #REF! | O49: 6 | P49: =IF(VLOOKUP(O42,#REF!,9)="","",VLOOKUP(O42,#REF!,9)) -> #REF! | Q49: =IF(VLOOKUP(O42,#REF!,16)="","",VLOOKUP(O42,#REF!,16)) -> #REF! | R49: =IF(VLOOKUP(O42,#REF!,23)="","",VLOOKUP(O42,#REF!,23)) -> #REF! | S49: =IF(VLOOKUP(O42,#REF!,30)="","",VLOOKUP(O42,#REF!,30)) -> #REF! | T49: =IF(VLOOKUP(O42,#REF!,37)="","",VLOOKUP(O42,#REF!,37)) -> #REF! | V49: 6 | W49: =IF(VLOOKUP(V42,#REF!,9)="","",VLOOKUP(V42,#REF!,9)) -> #REF! | X49: =IF(VLOOKUP(V42,#REF!,16)="","",VLOOKUP(V42,#REF!,16)) -> #REF! | Y49: =IF(VLOOKUP(V42,#REF!,23)="","",VLOOKUP(V42,#REF!,23)) -> #REF! | Z49: =IF(VLOOKUP(V42,#REF!,30)="","",VLOOKUP(V42,#REF!,30)) -> #REF! | AA49: =IF(VLOOKUP(V42,#REF!,37)="","",VLOOKUP(V42,#REF!,37)) -> #REF!
A51: =IF(#REF!="","",#REF!) -> #REF! | D51: 先生 | H51: =IF(#REF!="","",#REF!) -> #REF! | K51: 先生 | O51: =IF(#REF!="","",#REF!) -> #REF! | R51: 先生 | V51: =IF(#REF!="","",#REF!) -> #REF! | Y51: 先生
A52: 21 | H52: 22 | O52: 23 | V52: 24
B53: 月 | C53: 火 | D53: 水 | E53: 木 | F53: 金 | I53: 月 | J53: 火 | K53: 水 | L53: 木 | M53: 金 | P53: 月 | Q53: 火 | R53: 水 | S53: 木 | T53: 金 | W53: 月 | X53: 火 | Y53: 水 | Z53: 木 | AA53: 金
A54: 1 | B54: =IF(VLOOKUP(A52,#REF!,4)="","",VLOOKUP(A52,#REF!,4)) -> #REF! | C54: =IF(VLOOKUP(A52,#REF!,11)="","",VLOOKUP(A52,#REF!,11)) -> #REF! | D54: =IF(VLOOKUP(A52,#REF!,18)="","",VLOOKUP(A52,#REF!,18)) -> #REF! | E54: =IF(VLOOKUP(A52,#REF!,25)="","",VLOOKUP(A52,#REF!,25)) -> #REF! | F54: =IF(VLOOKUP(A52,#REF!,32)="","",VLOOKUP(A52,#REF!,32)) -> #REF! | H54: 1 | I54: =IF(VLOOKUP(H52,#REF!,4)="","",VLOOKUP(H52,#REF!,4)) -> #REF! | J54: =IF(VLOOKUP(H52,#REF!,11)="","",VLOOKUP(H52,#REF!,11)) -> #REF! | K54: =IF(VLOOKUP(H52,#REF!,18)="","",VLOOKUP(H52,#REF!,18)) -> #REF! | L54: =IF(VLOOKUP(H52,#REF!,25)="","",VLOOKUP(H52,#REF!,25)) -> #REF! | M54: =IF(VLOOKUP(H52,#REF!,32)="","",VLOOKUP(H52,#REF!,32)) -> #REF! | O54: 1 | P54: =IF(VLOOKUP(O52,#REF!,4)="","",VLOOKUP(O52,#REF!,4)) -> #REF! | Q54: =IF(VLOOKUP(O52,#REF!,11)="","",VLOOKUP(O52,#REF!,11)) -> #REF! | R54: =IF(VLOOKUP(O52,#REF!,18)="","",VLOOKUP(O52,#REF!,18)) -> #REF! | S54: =IF(VLOOKUP(O52,#REF!,25)="","",VLOOKUP(O52,#REF!,25)) -> #REF! | T54: =IF(VLOOKUP(O52,#REF!,32)="","",VLOOKUP(O52,#REF!,32)) -> #REF! | V54: 1 | W54: =IF(VLOOKUP(V52,#REF!,4)="","",VLOOKUP(V52,#REF!,4)) -> #REF! | X54: =IF(VLOOKUP(V52,#REF!,11)="","",VLOOKUP(V52,#REF!,11)) -> #REF! | Y54: =IF(VLOOKUP(V52,#REF!,18)="","",VLOOKUP(V52,#REF!,18)) -> #REF! | Z54: =IF(VLOOKUP(V52,#REF!,25)="","",VLOOKUP(V52,#REF!,25)) -> #REF! | AA54: =IF(VLOOKUP(V52,#REF!,32)="","",VLOOKUP(V52,#REF!,32)) -> #REF!
A55: 2 | B55: =IF(VLOOKUP(A52,#REF!,5)="","",VLOOKUP(A52,#REF!,5)) -> #REF! | C55: =IF(VLOOKUP(A52,#REF!,12)="","",VLOOKUP(A52,#REF!,12)) -> #REF! | D55: =IF(VLOOKUP(A52,#REF!,19)="","",VLOOKUP(A52,#REF!,19)) -> #REF! | E55: =IF(VLOOKUP(A52,#REF!,26)="","",VLOOKUP(A52,#REF!,26)) -> #REF! | F55: =IF(VLOOKUP(A52,#REF!,33)="","",VLOOKUP(A52,#REF!,33)) -> #REF! | H55: 2 | I55: =IF(VLOOKUP(H52,#REF!,5)="","",VLOOKUP(H52,#REF!,5)) -> #REF! | J55: =IF(VLOOKUP(H52,#REF!,12)="","",VLOOKUP(H52,#REF!,12)) -> #REF! | K55: =IF(VLOOKUP(H52,#REF!,19)="","",VLOOKUP(H52,#REF!,19)) -> #REF! | L55: =IF(VLOOKUP(H52,#REF!,26)="","",VLOOKUP(H52,#REF!,26)) -> #REF! | M55: =IF(VLOOKUP(H52,#REF!,33)="","",VLOOKUP(H52,#REF!,33)) -> #REF! | O55: 2 | P55: =IF(VLOOKUP(O52,#REF!,5)="","",VLOOKUP(O52,#REF!,5)) -> #REF! | Q55: =IF(VLOOKUP(O52,#REF!,12)="","",VLOOKUP(O52,#REF!,12)) -> #REF! | R55: =IF(VLOOKUP(O52,#REF!,19)="","",VLOOKUP(O52,#REF!,19)) -> #REF! | S55: =IF(VLOOKUP(O52,#REF!,26)="","",VLOOKUP(O52,#REF!,26)) -> #REF! | T55: =IF(VLOOKUP(O52,#REF!,33)="","",VLOOKUP(O52,#REF!,33)) -> #REF! | V55: 2 | W55: =IF(VLOOKUP(V52,#REF!,5)="","",VLOOKUP(V52,#REF!,5)) -> #REF! | X55: =IF(VLOOKUP(V52,#REF!,12)="","",VLOOKUP(V52,#REF!,12)) -> #REF! | Y55: =IF(VLOOKUP(V52,#REF!,19)="","",VLOOKUP(V52,#REF!,19)) -> #REF! | Z55: =IF(VLOOKUP(V52,#REF!,26)="","",VLOOKUP(V52,#REF!,26)) -> #REF! | AA55: =IF(VLOOKUP(V52,#REF!,33)="","",VLOOKUP(V52,#REF!,33)) -> #REF!
A56: 3 | B56: =IF(VLOOKUP(A52,#REF!,6)="","",VLOOKUP(A52,#REF!,6)) -> #REF! | C56: =IF(VLOOKUP(A52,#REF!,13)="","",VLOOKUP(A52,#REF!,13)) -> #REF! | D56: =IF(VLOOKUP(A52,#REF!,20)="","",VLOOKUP(A52,#REF!,20)) -> #REF! | E56: =IF(VLOOKUP(A52,#REF!,27)="","",VLOOKUP(A52,#REF!,27)) -> #REF! | F56: =IF(VLOOKUP(A52,#REF!,34)="","",VLOOKUP(A52,#REF!,34)) -> #REF! | H56: 3 | I56: =IF(VLOOKUP(H52,#REF!,6)="","",VLOOKUP(H52,#REF!,6)) -> #REF! | J56: =IF(VLOOKUP(H52,#REF!,13)="","",VLOOKUP(H52,#REF!,13)) -> #REF! | K56: =IF(VLOOKUP(H52,#REF!,20)="","",VLOOKUP(H52,#REF!,20)) -> #REF! | L56: =IF(VLOOKUP(H52,#REF!,27)="","",VLOOKUP(H52,#REF!,27)) -> #REF! | M56: =IF(VLOOKUP(H52,#REF!,34)="","",VLOOKUP(H52,#REF!,34)) -> #REF! | O56: 3 | P56: =IF(VLOOKUP(O52,#REF!,6)="","",VLOOKUP(O52,#REF!,6)) -> #REF! | Q56: =IF(VLOOKUP(O52,#REF!,13)="","",VLOOKUP(O52,#REF!,13)) -> #REF! | R56: =IF(VLOOKUP(O52,#REF!,20)="","",VLOOKUP(O52,#REF!,20)) -> #REF! | S56: =IF(VLOOKUP(O52,#REF!,27)="","",VLOOKUP(O52,#REF!,27)) -> #REF! | T56: =IF(VLOOKUP(O52,#REF!,34)="","",VLOOKUP(O52,#REF!,34)) -> #REF! | V56: 3 | W56: =IF(VLOOKUP(V52,#REF!,6)="","",VLOOKUP(V52,#REF!,6)) -> #REF! | X56: =IF(VLOOKUP(V52,#REF!,13)="","",VLOOKUP(V52,#REF!,13)) -> #REF! | Y56: =IF(VLOOKUP(V52,#REF!,20)="","",VLOOKUP(V52,#REF!,20)) -> #REF! | Z56: =IF(VLOOKUP(V52,#REF!,27)="","",VLOOKUP(V52,#REF!,27)) -> #REF! | AA56: =IF(VLOOKUP(V52,#REF!,34)="","",VLOOKUP(V52,#REF!,34)) -> #REF!
A57: 4 | B57: =IF(VLOOKUP(A52,#REF!,7)="","",VLOOKUP(A52,#REF!,7)) -> #REF! | C57: =IF(VLOOKUP(A52,#REF!,14)="","",VLOOKUP(A52,#REF!,14)) -> #REF! | D57: =IF(VLOOKUP(A52,#REF!,21)="","",VLOOKUP(A52,#REF!,21)) -> #REF! | E57: =IF(VLOOKUP(A52,#REF!,28)="","",VLOOKUP(A52,#REF!,28)) -> #REF! | F57: =IF(VLOOKUP(A52,#REF!,35)="","",VLOOKUP(A52,#REF!,35)) -> #REF! | H57: 4 | I57: =IF(VLOOKUP(H52,#REF!,7)="","",VLOOKUP(H52,#REF!,7)) -> #REF! | J57: =IF(VLOOKUP(H52,#REF!,14)="","",VLOOKUP(H52,#REF!,14)) -> #REF! | K57: =IF(VLOOKUP(H52,#REF!,21)="","",VLOOKUP(H52,#REF!,21)) -> #REF! | L57: =IF(VLOOKUP(H52,#REF!,28)="","",VLOOKUP(H52,#REF!,28)) -> #REF! | M57: =IF(VLOOKUP(H52,#REF!,35)="","",VLOOKUP(H52,#REF!,35)) -> #REF! | O57: 4 | P57: =IF(VLOOKUP(O52,#REF!,7)="","",VLOOKUP(O52,#REF!,7)) -> #REF! | Q57: =IF(VLOOKUP(O52,#REF!,14)="","",VLOOKUP(O52,#REF!,14)) -> #REF! | R57: =IF(VLOOKUP(O52,#REF!,21)="","",VLOOKUP(O52,#REF!,21)) -> #REF! | S57: =IF(VLOOKUP(O52,#REF!,28)="","",VLOOKUP(O52,#REF!,28)) -> #REF! | T57: =IF(VLOOKUP(O52,#REF!,35)="","",VLOOKUP(O52,#REF!,35)) -> #REF! | V57: 4 | W57: =IF(VLOOKUP(V52,#REF!,7)="","",VLOOKUP(V52,#REF!,7)) -> #REF! | X57: =IF(VLOOKUP(V52,#REF!,14)="","",VLOOKUP(V52,#REF!,14)) -> #REF! | Y57: =IF(VLOOKUP(V52,#REF!,21)="","",VLOOKUP(V52,#REF!,21)) -> #REF! | Z57: =IF(VLOOKUP(V52,#REF!,28)="","",VLOOKUP(V52,#REF!,28)) -> #REF! | AA57: =IF(VLOOKUP(V52,#REF!,35)="","",VLOOKUP(V52,#REF!,35)) -> #REF!
A58: 5 | B58: =IF(VLOOKUP(A52,#REF!,8)="","",VLOOKUP(A52,#REF!,8)) -> #REF! | C58: =IF(VLOOKUP(A52,#REF!,15)="","",VLOOKUP(A52,#REF!,15)) -> #REF! | D58: =IF(VLOOKUP(A52,#REF!,22)="","",VLOOKUP(A52,#REF!,22)) -> #REF! | E58: =IF(VLOOKUP(A52,#REF!,29)="","",VLOOKUP(A52,#REF!,29)) -> #REF! | F58: =IF(VLOOKUP(A52,#REF!,36)="","",VLOOKUP(A52,#REF!,36)) -> #REF! | H58: 5 | I58: =IF(VLOOKUP(H52,#REF!,8)="","",VLOOKUP(H52,#REF!,8)) -> #REF! | J58: =IF(VLOOKUP(H52,#REF!,15)="","",VLOOKUP(H52,#REF!,15)) -> #REF! | K58: =IF(VLOOKUP(H52,#REF!,22)="","",VLOOKUP(H52,#REF!,22)) -> #REF! | L58: =IF(VLOOKUP(H52,#REF!,29)="","",VLOOKUP(H52,#REF!,29)) -> #REF! | M58: =IF(VLOOKUP(H52,#REF!,36)="","",VLOOKUP(H52,#REF!,36)) -> #REF! | O58: 5 | P58: =IF(VLOOKUP(O52,#REF!,8)="","",VLOOKUP(O52,#REF!,8)) -> #REF! | Q58: =IF(VLOOKUP(O52,#REF!,15)="","",VLOOKUP(O52,#REF!,15)) -> #REF! | R58: =IF(VLOOKUP(O52,#REF!,22)="","",VLOOKUP(O52,#REF!,22)) -> #REF! | S58: =IF(VLOOKUP(O52,#REF!,29)="","",VLOOKUP(O52,#REF!,29)) -> #REF! | T58: =IF(VLOOKUP(O52,#REF!,36)="","",VLOOKUP(O52,#REF!,36)) -> #REF! | V58: 5 | W58: =IF(VLOOKUP(V52,#REF!,8)="","",VLOOKUP(V52,#REF!,8)) -> #REF! | X58: =IF(VLOOKUP(V52,#REF!,15)="","",VLOOKUP(V52,#REF!,15)) -> #REF! | Y58: =IF(VLOOKUP(V52,#REF!,22)="","",VLOOKUP(V52,#REF!,22)) -> #REF! | Z58: =IF(VLOOKUP(V52,#REF!,29)="","",VLOOKUP(V52,#REF!,29)) -> #REF! | AA58: =IF(VLOOKUP(V52,#REF!,36)="","",VLOOKUP(V52,#REF!,36)) -> #REF!
A59: 6 | B59: =IF(VLOOKUP(A52,#REF!,9)="","",VLOOKUP(A52,#REF!,9)) -> #REF! | C59: =IF(VLOOKUP(A52,#REF!,16)="","",VLOOKUP(A52,#REF!,16)) -> #REF! | D59: =IF(VLOOKUP(A52,#REF!,23)="","",VLOOKUP(A52,#REF!,23)) -> #REF! | E59: =IF(VLOOKUP(A52,#REF!,30)="","",VLOOKUP(A52,#REF!,30)) -> #REF! | F59: =IF(VLOOKUP(A52,#REF!,37)="","",VLOOKUP(A52,#REF!,37)) -> #REF! | H59: 6 | I59: =IF(VLOOKUP(H52,#REF!,9)="","",VLOOKUP(H52,#REF!,9)) -> #REF! | J59: =IF(VLOOKUP(H52,#REF!,16)="","",VLOOKUP(H52,#REF!,16)) -> #REF! | K59: =IF(VLOOKUP(H52,#REF!,23)="","",VLOOKUP(H52,#REF!,23)) -> #REF! | L59: =IF(VLOOKUP(H52,#REF!,30)="","",VLOOKUP(H52,#REF!,30)) -> #REF! | M59: =IF(VLOOKUP(H52,#REF!,37)="","",VLOOKUP(H52,#REF!,37)) -> #REF! | O59: 6 | P59: =IF(VLOOKUP(O52,#REF!,9)="","",VLOOKUP(O52,#REF!,9)) -> #REF! | Q59: =IF(VLOOKUP(O52,#REF!,16)="","",VLOOKUP(O52,#REF!,16)) -> #REF! | R59: =IF(VLOOKUP(O52,#REF!,23)="","",VLOOKUP(O52,#REF!,23)) -> #REF! | S59: =IF(VLOOKUP(O52,#REF!,30)="","",VLOOKUP(O52,#REF!,30)) -> #REF! | T59: =IF(VLOOKUP(O52,#REF!,37)="","",VLOOKUP(O52,#REF!,37)) -> #REF! | V59: 6 | W59: =IF(VLOOKUP(V52,#REF!,9)="","",VLOOKUP(V52,#REF!,9)) -> #REF! | X59: =IF(VLOOKUP(V52,#REF!,16)="","",VLOOKUP(V52,#REF!,16)) -> #REF! | Y59: =IF(VLOOKUP(V52,#REF!,23)="","",VLOOKUP(V52,#REF!,23)) -> #REF! | Z59: =IF(VLOOKUP(V52,#REF!,30)="","",VLOOKUP(V52,#REF!,30)) -> #REF! | AA59: =IF(VLOOKUP(V52,#REF!,37)="","",VLOOKUP(V52,#REF!,37)) -> #REF!
A61: =IF(#REF!="","",#REF!) -> #REF! | D61: 先生 | H61: =IF(#REF!="","",#REF!) -> #REF! | K61: 先生 | O61: =IF(#REF!="","",#REF!) -> #REF! | R61: 先生 | V61: =IF(#REF!="","",#REF!) -> #REF! | Y61: 先生
A62: 25 | H62: 26 | O62: 27 | V62: 28
B63: 月 | C63: 火 | D63: 水 | E63: 木 | F63: 金 | I63: 月 | J63: 火 | K63: 水 | L63: 木 | M63: 金 | P63: 月 | Q63: 火 | R63: 水 | S63: 木 | T63: 金 | W63: 月 | X63: 火 | Y63: 水 | Z63: 木 | AA63: 金
A64: 1 | B64: =IF(VLOOKUP(A62,#REF!,4)="","",VLOOKUP(A62,#REF!,4)) -> #REF! | C64: =IF(VLOOKUP(A62,#REF!,11)="","",VLOOKUP(A62,#REF!,11)) -> #REF! | D64: =IF(VLOOKUP(A62,#REF!,18)="","",VLOOKUP(A62,#REF!,18)) -> #REF! | E64: =IF(VLOOKUP(A62,#REF!,25)="","",VLOOKUP(A62,#REF!,25)) -> #REF! | F64: =IF(VLOOKUP(A62,#REF!,32)="","",VLOOKUP(A62,#REF!,32)) -> #REF! | H64: 1 | I64: =IF(VLOOKUP(H62,#REF!,4)="","",VLOOKUP(H62,#REF!,4)) -> #REF! | J64: =IF(VLOOKUP(H62,#REF!,11)="","",VLOOKUP(H62,#REF!,11)) -> #REF! | K64: =IF(VLOOKUP(H62,#REF!,18)="","",VLOOKUP(H62,#REF!,18)) -> #REF! | L64: =IF(VLOOKUP(H62,#REF!,25)="","",VLOOKUP(H62,#REF!,25)) -> #REF! | M64: =IF(VLOOKUP(H62,#REF!,32)="","",VLOOKUP(H62,#REF!,32)) -> #REF! | O64: 1 | P64: =IF(VLOOKUP(O62,#REF!,4)="","",VLOOKUP(O62,#REF!,4)) -> #REF! | Q64: =IF(VLOOKUP(O62,#REF!,11)="","",VLOOKUP(O62,#REF!,11)) -> #REF! | R64: =IF(VLOOKUP(O62,#REF!,18)="","",VLOOKUP(O62,#REF!,18)) -> #REF! | S64: =IF(VLOOKUP(O62,#REF!,25)="","",VLOOKUP(O62,#REF!,25)) -> #REF! | T64: =IF(VLOOKUP(O62,#REF!,32)="","",VLOOKUP(O62,#REF!,32)) -> #REF! | V64: 1 | W64: =IF(VLOOKUP(V62,#REF!,4)="","",VLOOKUP(V62,#REF!,4)) -> #REF! | X64: =IF(VLOOKUP(V62,#REF!,11)="","",VLOOKUP(V62,#REF!,11)) -> #REF! | Y64: =IF(VLOOKUP(V62,#REF!,18)="","",VLOOKUP(V62,#REF!,18)) -> #REF! | Z64: =IF(VLOOKUP(V62,#REF!,25)="","",VLOOKUP(V62,#REF!,25)) -> #REF! | AA64: =IF(VLOOKUP(V62,#REF!,32)="","",VLOOKUP(V62,#REF!,32)) -> #REF!
A65: 2 | B65: =IF(VLOOKUP(A62,#REF!,5)="","",VLOOKUP(A62,#REF!,5)) -> #REF! | C65: =IF(VLOOKUP(A62,#REF!,12)="","",VLOOKUP(A62,#REF!,12)) -> #REF! | D65: =IF(VLOOKUP(A62,#REF!,19)="","",VLOOKUP(A62,#REF!,19)) -> #REF! | E65: =IF(VLOOKUP(A62,#REF!,26)="","",VLOOKUP(A62,#REF!,26)) -> #REF! | F65: =IF(VLOOKUP(A62,#REF!,33)="","",VLOOKUP(A62,#REF!,33)) -> #REF! | H65: 2 | I65: =IF(VLOOKUP(H62,#REF!,5)="","",VLOOKUP(H62,#REF!,5)) -> #REF! | J65: =IF(VLOOKUP(H62,#REF!,12)="","",VLOOKUP(H62,#REF!,12)) -> #REF! | K65: =IF(VLOOKUP(H62,#REF!,19)="","",VLOOKUP(H62,#REF!,19)) -> #REF! | L65: =IF(VLOOKUP(H62,#REF!,26)="","",VLOOKUP(H62,#REF!,26)) -> #REF! | M65: =IF(VLOOKUP(H62,#REF!,33)="","",VLOOKUP(H62,#REF!,33)) -> #REF! | O65: 2 | P65: =IF(VLOOKUP(O62,#REF!,5)="","",VLOOKUP(O62,#REF!,5)) -> #REF! | Q65: =IF(VLOOKUP(O62,#REF!,12)="","",VLOOKUP(O62,#REF!,12)) -> #REF! | R65: =IF(VLOOKUP(O62,#REF!,19)="","",VLOOKUP(O62,#REF!,19)) -> #REF! | S65: =IF(VLOOKUP(O62,#REF!,26)="","",VLOOKUP(O62,#REF!,26)) -> #REF! | T65: =IF(VLOOKUP(O62,#REF!,33)="","",VLOOKUP(O62,#REF!,33)) -> #REF! | V65: 2 | W65: =IF(VLOOKUP(V62,#REF!,5)="","",VLOOKUP(V62,#REF!,5)) -> #REF! | X65: =IF(VLOOKUP(V62,#REF!,12)="","",VLOOKUP(V62,#REF!,12)) -> #REF! | Y65: =IF(VLOOKUP(V62,#REF!,19)="","",VLOOKUP(V62,#REF!,19)) -> #REF! | Z65: =IF(VLOOKUP(V62,#REF!,26)="","",VLOOKUP(V62,#REF!,26)) -> #REF! | AA65: =IF(VLOOKUP(V62,#REF!,33)="","",VLOOKUP(V62,#REF!,33)) -> #REF!
A66: 3 | B66: =IF(VLOOKUP(A62,#REF!,6)="","",VLOOKUP(A62,#REF!,6)) -> #REF! | C66: =IF(VLOOKUP(A62,#REF!,13)="","",VLOOKUP(A62,#REF!,13)) -> #REF! | D66: =IF(VLOOKUP(A62,#REF!,20)="","",VLOOKUP(A62,#REF!,20)) -> #REF! | E66: =IF(VLOOKUP(A62,#REF!,27)="","",VLOOKUP(A62,#REF!,27)) -> #REF! | F66: =IF(VLOOKUP(A62,#REF!,34)="","",VLOOKUP(A62,#REF!,34)) -> #REF! | H66: 3 | I66: =IF(VLOOKUP(H62,#REF!,6)="","",VLOOKUP(H62,#REF!,6)) -> #REF! | J66: =IF(VLOOKUP(H62,#REF!,13)="","",VLOOKUP(H62,#REF!,13)) -> #REF! | K66: =IF(VLOOKUP(H62,#REF!,20)="","",VLOOKUP(H62,#REF!,20)) -> #REF! | L66: =IF(VLOOKUP(H62,#REF!,27)="","",VLOOKUP(H62,#REF!,27)) -> #REF! | M66: =IF(VLOOKUP(H62,#REF!,34)="","",VLOOKUP(H62,#REF!,34)) -> #REF! | O66: 3 | P66: =IF(VLOOKUP(O62,#REF!,6)="","",VLOOKUP(O62,#REF!,6)) -> #REF! | Q66: =IF(VLOOKUP(O62,#REF!,13)="","",VLOOKUP(O62,#REF!,13)) -> #REF! | R66: =IF(VLOOKUP(O62,#REF!,20)="","",VLOOKUP(O62,#REF!,20)) -> #REF! | S66: =IF(VLOOKUP(O62,#REF!,27)="","",VLOOKUP(O62,#REF!,27)) -> #REF! | T66: =IF(VLOOKUP(O62,#REF!,34)="","",VLOOKUP(O62,#REF!,34)) -> #REF! | V66: 3 | W66: =IF(VLOOKUP(V62,#REF!,6)="","",VLOOKUP(V62,#REF!,6)) -> #REF! | X66: =IF(VLOOKUP(V62,#REF!,13)="","",VLOOKUP(V62,#REF!,13)) -> #REF! | Y66: =IF(VLOOKUP(V62,#REF!,20)="","",VLOOKUP(V62,#REF!,20)) -> #REF! | Z66: =IF(VLOOKUP(V62,#REF!,27)="","",VLOOKUP(V62,#REF!,27)) -> #REF! | AA66: =IF(VLOOKUP(V62,#REF!,34)="","",VLOOKUP(V62,#REF!,34)) -> #REF!
A67: 4 | B67: =IF(VLOOKUP(A62,#REF!,7)="","",VLOOKUP(A62,#REF!,7)) -> #REF! | C67: =IF(VLOOKUP(A62,#REF!,14)="","",VLOOKUP(A62,#REF!,14)) -> #REF! | D67: =IF(VLOOKUP(A62,#REF!,21)="","",VLOOKUP(A62,#REF!,21)) -> #REF! | E67: =IF(VLOOKUP(A62,#REF!,28)="","",VLOOKUP(A62,#REF!,28)) -> #REF! | F67: =IF(VLOOKUP(A62,#REF!,35)="","",VLOOKUP(A62,#REF!,35)) -> #REF! | H67: 4 | I67: =IF(VLOOKUP(H62,#REF!,7)="","",VLOOKUP(H62,#REF!,7)) -> #REF! | J67: =IF(VLOOKUP(H62,#REF!,14)="","",VLOOKUP(H62,#REF!,14)) -> #REF! | K67: =IF(VLOOKUP(H62,#REF!,21)="","",VLOOKUP(H62,#REF!,21)) -> #REF! | L67: =IF(VLOOKUP(H62,#REF!,28)="","",VLOOKUP(H62,#REF!,28)) -> #REF! | M67: =IF(VLOOKUP(H62,#REF!,35)="","",VLOOKUP(H62,#REF!,35)) -> #REF! | O67: 4 | P67: =IF(VLOOKUP(O62,#REF!,7)="","",VLOOKUP(O62,#REF!,7)) -> #REF! | Q67: =IF(VLOOKUP(O62,#REF!,14)="","",VLOOKUP(O62,#REF!,14)) -> #REF! | R67: =IF(VLOOKUP(O62,#REF!,21)="","",VLOOKUP(O62,#REF!,21)) -> #REF! | S67: =IF(VLOOKUP(O62,#REF!,28)="","",VLOOKUP(O62,#REF!,28)) -> #REF! | T67: =IF(VLOOKUP(O62,#REF!,35)="","",VLOOKUP(O62,#REF!,35)) -> #REF! | V67: 4 | W67: =IF(VLOOKUP(V62,#REF!,7)="","",VLOOKUP(V62,#REF!,7)) -> #REF! | X67: =IF(VLOOKUP(V62,#REF!,14)="","",VLOOKUP(V62,#REF!,14)) -> #REF! | Y67: =IF(VLOOKUP(V62,#REF!,21)="","",VLOOKUP(V62,#REF!,21)) -> #REF! | Z67: =IF(VLOOKUP(V62,#REF!,28)="","",VLOOKUP(V62,#REF!,28)) -> #REF! | AA67: =IF(VLOOKUP(V62,#REF!,35)="","",VLOOKUP(V62,#REF!,35)) -> #REF!
A68: 5 | B68: =IF(VLOOKUP(A62,#REF!,8)="","",VLOOKUP(A62,#REF!,8)) -> #REF! | C68: =IF(VLOOKUP(A62,#REF!,15)="","",VLOOKUP(A62,#REF!,15)) -> #REF! | D68: =IF(VLOOKUP(A62,#REF!,22)="","",VLOOKUP(A62,#REF!,22)) -> #REF! | E68: =IF(VLOOKUP(A62,#REF!,29)="","",VLOOKUP(A62,#REF!,29)) -> #REF! | F68: =IF(VLOOKUP(A62,#REF!,36)="","",VLOOKUP(A62,#REF!,36)) -> #REF! | H68: 5 | I68: =IF(VLOOKUP(H62,#REF!,8)="","",VLOOKUP(H62,#REF!,8)) -> #REF! | J68: =IF(VLOOKUP(H62,#REF!,15)="","",VLOOKUP(H62,#REF!,15)) -> #REF! | K68: =IF(VLOOKUP(H62,#REF!,22)="","",VLOOKUP(H62,#REF!,22)) -> #REF! | L68: =IF(VLOOKUP(H62,#REF!,29)="","",VLOOKUP(H62,#REF!,29)) -> #REF! | M68: =IF(VLOOKUP(H62,#REF!,36)="","",VLOOKUP(H62,#REF!,36)) -> #REF! | O68: 5 | P68: =IF(VLOOKUP(O62,#REF!,8)="","",VLOOKUP(O62,#REF!,8)) -> #REF! | Q68: =IF(VLOOKUP(O62,#REF!,15)="","",VLOOKUP(O62,#REF!,15)) -> #REF! | R68: =IF(VLOOKUP(O62,#REF!,22)="","",VLOOKUP(O62,#REF!,22)) -> #REF! | S68: =IF(VLOOKUP(O62,#REF!,29)="","",VLOOKUP(O62,#REF!,29)) -> #REF! | T68: =IF(VLOOKUP(O62,#REF!,36)="","",VLOOKUP(O62,#REF!,36)) -> #REF! | V68: 5 | W68: =IF(VLOOKUP(V62,#REF!,8)="","",VLOOKUP(V62,#REF!,8)) -> #REF! | X68: =IF(VLOOKUP(V62,#REF!,15)="","",VLOOKUP(V62,#REF!,15)) -> #REF! | Y68: =IF(VLOOKUP(V62,#REF!,22)="","",VLOOKUP(V62,#REF!,22)) -> #REF! | Z68: =IF(VLOOKUP(V62,#REF!,29)="","",VLOOKUP(V62,#REF!,29)) -> #REF! | AA68: =IF(VLOOKUP(V62,#REF!,36)="","",VLOOKUP(V62,#REF!,36)) -> #REF!
A69: 6 | B69: =IF(VLOOKUP(A62,#REF!,9)="","",VLOOKUP(A62,#REF!,9)) -> #REF! | C69: =IF(VLOOKUP(A62,#REF!,16)="","",VLOOKUP(A62,#REF!,16)) -> #REF! | D69: =IF(VLOOKUP(A62,#REF!,23)="","",VLOOKUP(A62,#REF!,23)) -> #REF! | E69: =IF(VLOOKUP(A62,#REF!,30)="","",VLOOKUP(A62,#REF!,30)) -> #REF! | F69: =IF(VLOOKUP(A62,#REF!,37)="","",VLOOKUP(A62,#REF!,37)) -> #REF! | H69: 6 | I69: =IF(VLOOKUP(H62,#REF!,9)="","",VLOOKUP(H62,#REF!,9)) -> #REF! | J69: =IF(VLOOKUP(H62,#REF!,16)="","",VLOOKUP(H62,#REF!,16)) -> #REF! | K69: =IF(VLOOKUP(H62,#REF!,23)="","",VLOOKUP(H62,#REF!,23)) -> #REF! | L69: =IF(VLOOKUP(H62,#REF!,30)="","",VLOOKUP(H62,#REF!,30)) -> #REF! | M69: =IF(VLOOKUP(H62,#REF!,37)="","",VLOOKUP(H62,#REF!,37)) -> #REF! | O69: 6 | P69: =IF(VLOOKUP(O62,#REF!,9)="","",VLOOKUP(O62,#REF!,9)) -> #REF! | Q69: =IF(VLOOKUP(O62,#REF!,16)="","",VLOOKUP(O62,#REF!,16)) -> #REF! | R69: =IF(VLOOKUP(O62,#REF!,23)="","",VLOOKUP(O62,#REF!,23)) -> #REF! | S69: =IF(VLOOKUP(O62,#REF!,30)="","",VLOOKUP(O62,#REF!,30)) -> #REF! | T69: =IF(VLOOKUP(O62,#REF!,37)="","",VLOOKUP(O62,#REF!,37)) -> #REF! | V69: 6 | W69: =IF(VLOOKUP(V62,#REF!,9)="","",VLOOKUP(V62,#REF!,9)) -> #REF! | X69: =IF(VLOOKUP(V62,#REF!,16)="","",VLOOKUP(V62,#REF!,16)) -> #REF! | Y69: =IF(VLOOKUP(V62,#REF!,23)="","",VLOOKUP(V62,#REF!,23)) -> #REF! | Z69: =IF(VLOOKUP(V62,#REF!,30)="","",VLOOKUP(V62,#REF!,30)) -> #REF! | AA69: =IF(VLOOKUP(V62,#REF!,37)="","",VLOOKUP(V62,#REF!,37)) -> #REF!
A71: =IF(#REF!="","",#REF!) -> #REF! | D71: 先生 | H71: =IF(#REF!="","",#REF!) -> #REF! | K71: 先生 | O71: =IF(#REF!="","",#REF!) -> #REF! | R71: 先生 | V71: =IF(#REF!="","",#REF!) -> #REF! | Y71: 先生
A72: 29 | H72: 30 | O72: 31 | V72: 32
B73: 月 | C73: 火 | D73: 水 | E73: 木 | F73: 金 | I73: 月 | J73: 火 | K73: 水 | L73: 木 | M73: 金 | P73: 月 | Q73: 火 | R73: 水 | S73: 木 | T73: 金 | W73: 月 | X73: 火 | Y73: 水 | Z73: 木 | AA73: 金
A74: 1 | B74: =IF(VLOOKUP(A72,#REF!,4)="","",VLOOKUP(A72,#REF!,4)) -> #REF! | C74: =IF(VLOOKUP(A72,#REF!,11)="","",VLOOKUP(A72,#REF!,11)) -> #REF! | D74: =IF(VLOOKUP(A72,#REF!,18)="","",VLOOKUP(A72,#REF!,18)) -> #REF! | E74: =IF(VLOOKUP(A72,#REF!,25)="","",VLOOKUP(A72,#REF!,25)) -> #REF! | F74: =IF(VLOOKUP(A72,#REF!,32)="","",VLOOKUP(A72,#REF!,32)) -> #REF! | H74: 1 | I74: =IF(VLOOKUP(H72,#REF!,4)="","",VLOOKUP(H72,#REF!,4)) -> #REF! | J74: =IF(VLOOKUP(H72,#REF!,11)="","",VLOOKUP(H72,#REF!,11)) -> #REF! | K74: =IF(VLOOKUP(H72,#REF!,18)="","",VLOOKUP(H72,#REF!,18)) -> #REF! | L74: =IF(VLOOKUP(H72,#REF!,25)="","",VLOOKUP(H72,#REF!,25)) -> #REF! | M74: =IF(VLOOKUP(H72,#REF!,32)="","",VLOOKUP(H72,#REF!,32)) -> #REF! | O74: 1 | P74: =IF(VLOOKUP(O72,#REF!,4)="","",VLOOKUP(O72,#REF!,4)) -> #REF! | Q74: =IF(VLOOKUP(O72,#REF!,11)="","",VLOOKUP(O72,#REF!,11)) -> #REF! | R74: =IF(VLOOKUP(O72,#REF!,18)="","",VLOOKUP(O72,#REF!,18)) -> #REF! | S74: =IF(VLOOKUP(O72,#REF!,25)="","",VLOOKUP(O72,#REF!,25)) -> #REF! | T74: =IF(VLOOKUP(O72,#REF!,32)="","",VLOOKUP(O72,#REF!,32)) -> #REF! | V74: 1 | W74: =IF(VLOOKUP(V72,#REF!,4)="","",VLOOKUP(V72,#REF!,4)) -> #REF! | X74: =IF(VLOOKUP(V72,#REF!,11)="","",VLOOKUP(V72,#REF!,11)) -> #REF! | Y74: =IF(VLOOKUP(V72,#REF!,18)="","",VLOOKUP(V72,#REF!,18)) -> #REF! | Z74: =IF(VLOOKUP(V72,#REF!,25)="","",VLOOKUP(V72,#REF!,25)) -> #REF! | AA74: =IF(VLOOKUP(V72,#REF!,32)="","",VLOOKUP(V72,#REF!,32)) -> #REF!
A75: 2 | B75: =IF(VLOOKUP(A72,#REF!,5)="","",VLOOKUP(A72,#REF!,5)) -> #REF! | C75: =IF(VLOOKUP(A72,#REF!,12)="","",VLOOKUP(A72,#REF!,12)) -> #REF! | D75: =IF(VLOOKUP(A72,#REF!,19)="","",VLOOKUP(A72,#REF!,19)) -> #REF! | E75: =IF(VLOOKUP(A72,#REF!,26)="","",VLOOKUP(A72,#REF!,26)) -> #REF! | F75: =IF(VLOOKUP(A72,#REF!,33)="","",VLOOKUP(A72,#REF!,33)) -> #REF! | H75: 2 | I75: =IF(VLOOKUP(H72,#REF!,5)="","",VLOOKUP(H72,#REF!,5)) -> #REF! | J75: =IF(VLOOKUP(H72,#REF!,12)="","",VLOOKUP(H72,#REF!,12)) -> #REF! | K75: =IF(VLOOKUP(H72,#REF!,19)="","",VLOOKUP(H72,#REF!,19)) -> #REF! | L75: =IF(VLOOKUP(H72,#REF!,26)="","",VLOOKUP(H72,#REF!,26)) -> #REF! | M75: =IF(VLOOKUP(H72,#REF!,33)="","",VLOOKUP(H72,#REF!,33)) -> #REF! | O75: 2 | P75: =IF(VLOOKUP(O72,#REF!,5)="","",VLOOKUP(O72,#REF!,5)) -> #REF! | Q75: =IF(VLOOKUP(O72,#REF!,12)="","",VLOOKUP(O72,#REF!,12)) -> #REF! | R75: =IF(VLOOKUP(O72,#REF!,19)="","",VLOOKUP(O72,#REF!,19)) -> #REF! | S75: =IF(VLOOKUP(O72,#REF!,26)="","",VLOOKUP(O72,#REF!,26)) -> #REF! | T75: =IF(VLOOKUP(O72,#REF!,33)="","",VLOOKUP(O72,#REF!,33)) -> #REF! | V75: 2 | W75: =IF(VLOOKUP(V72,#REF!,5)="","",VLOOKUP(V72,#REF!,5)) -> #REF! | X75: =IF(VLOOKUP(V72,#REF!,12)="","",VLOOKUP(V72,#REF!,12)) -> #REF! | Y75: =IF(VLOOKUP(V72,#REF!,19)="","",VLOOKUP(V72,#REF!,19)) -> #REF! | Z75: =IF(VLOOKUP(V72,#REF!,26)="","",VLOOKUP(V72,#REF!,26)) -> #REF! | AA75: =IF(VLOOKUP(V72,#REF!,33)="","",VLOOKUP(V72,#REF!,33)) -> #REF!
A76: 3 | B76: =IF(VLOOKUP(A72,#REF!,6)="","",VLOOKUP(A72,#REF!,6)) -> #REF! | C76: =IF(VLOOKUP(A72,#REF!,13)="","",VLOOKUP(A72,#REF!,13)) -> #REF! | D76: =IF(VLOOKUP(A72,#REF!,20)="","",VLOOKUP(A72,#REF!,20)) -> #REF! | E76: =IF(VLOOKUP(A72,#REF!,27)="","",VLOOKUP(A72,#REF!,27)) -> #REF! | F76: =IF(VLOOKUP(A72,#REF!,34)="","",VLOOKUP(A72,#REF!,34)) -> #REF! | H76: 3 | I76: =IF(VLOOKUP(H72,#REF!,6)="","",VLOOKUP(H72,#REF!,6)) -> #REF! | J76: =IF(VLOOKUP(H72,#REF!,13)="","",VLOOKUP(H72,#REF!,13)) -> #REF! | K76: =IF(VLOOKUP(H72,#REF!,20)="","",VLOOKUP(H72,#REF!,20)) -> #REF! | L76: =IF(VLOOKUP(H72,#REF!,27)="","",VLOOKUP(H72,#REF!,27)) -> #REF! | M76: =IF(VLOOKUP(H72,#REF!,34)="","",VLOOKUP(H72,#REF!,34)) -> #REF! | O76: 3 | P76: =IF(VLOOKUP(O72,#REF!,6)="","",VLOOKUP(O72,#REF!,6)) -> #REF! | Q76: =IF(VLOOKUP(O72,#REF!,13)="","",VLOOKUP(O72,#REF!,13)) -> #REF! | R76: =IF(VLOOKUP(O72,#REF!,20)="","",VLOOKUP(O72,#REF!,20)) -> #REF! | S76: =IF(VLOOKUP(O72,#REF!,27)="","",VLOOKUP(O72,#REF!,27)) -> #REF! | T76: =IF(VLOOKUP(O72,#REF!,34)="","",VLOOKUP(O72,#REF!,34)) -> #REF! | V76: 3 | W76: =IF(VLOOKUP(V72,#REF!,6)="","",VLOOKUP(V72,#REF!,6)) -> #REF! | X76: =IF(VLOOKUP(V72,#REF!,13)="","",VLOOKUP(V72,#REF!,13)) -> #REF! | Y76: =IF(VLOOKUP(V72,#REF!,20)="","",VLOOKUP(V72,#REF!,20)) -> #REF! | Z76: =IF(VLOOKUP(V72,#REF!,27)="","",VLOOKUP(V72,#REF!,27)) -> #REF! | AA76: =IF(VLOOKUP(V72,#REF!,34)="","",VLOOKUP(V72,#REF!,34)) -> #REF!
A77: 4 | B77: =IF(VLOOKUP(A72,#REF!,7)="","",VLOOKUP(A72,#REF!,7)) -> #REF! | C77: =IF(VLOOKUP(A72,#REF!,14)="","",VLOOKUP(A72,#REF!,14)) -> #REF! | D77: =IF(VLOOKUP(A72,#REF!,21)="","",VLOOKUP(A72,#REF!,21)) -> #REF! | E77: =IF(VLOOKUP(A72,#REF!,28)="","",VLOOKUP(A72,#REF!,28)) -> #REF! | F77: =IF(VLOOKUP(A72,#REF!,35)="","",VLOOKUP(A72,#REF!,35)) -> #REF! | H77: 4 | I77: =IF(VLOOKUP(H72,#REF!,7)="","",VLOOKUP(H72,#REF!,7)) -> #REF! | J77: =IF(VLOOKUP(H72,#REF!,14)="","",VLOOKUP(H72,#REF!,14)) -> #REF! | K77: =IF(VLOOKUP(H72,#REF!,21)="","",VLOOKUP(H72,#REF!,21)) -> #REF! | L77: =IF(VLOOKUP(H72,#REF!,28)="","",VLOOKUP(H72,#REF!,28)) -> #REF! | M77: =IF(VLOOKUP(H72,#REF!,35)="","",VLOOKUP(H72,#REF!,35)) -> #REF! | O77: 4 | P77: =IF(VLOOKUP(O72,#REF!,7)="","",VLOOKUP(O72,#REF!,7)) -> #REF! | Q77: =IF(VLOOKUP(O72,#REF!,14)="","",VLOOKUP(O72,#REF!,14)) -> #REF! | R77: =IF(VLOOKUP(O72,#REF!,21)="","",VLOOKUP(O72,#REF!,21)) -> #REF! | S77: =IF(VLOOKUP(O72,#REF!,28)="","",VLOOKUP(O72,#REF!,28)) -> #REF! | T77: =IF(VLOOKUP(O72,#REF!,35)="","",VLOOKUP(O72,#REF!,35)) -> #REF! | V77: 4 | W77: =IF(VLOOKUP(V72,#REF!,7)="","",VLOOKUP(V72,#REF!,7)) -> #REF! | X77: =IF(VLOOKUP(V72,#REF!,14)="","",VLOOKUP(V72,#REF!,14)) -> #REF! | Y77: =IF(VLOOKUP(V72,#REF!,21)="","",VLOOKUP(V72,#REF!,21)) -> #REF! | Z77: =IF(VLOOKUP(V72,#REF!,28)="","",VLOOKUP(V72,#REF!,28)) -> #REF! | AA77: =IF(VLOOKUP(V72,#REF!,35)="","",VLOOKUP(V72,#REF!,35)) -> #REF!
A78: 5 | B78: =IF(VLOOKUP(A72,#REF!,8)="","",VLOOKUP(A72,#REF!,8)) -> #REF! | C78: =IF(VLOOKUP(A72,#REF!,15)="","",VLOOKUP(A72,#REF!,15)) -> #REF! | D78: =IF(VLOOKUP(A72,#REF!,22)="","",VLOOKUP(A72,#REF!,22)) -> #REF! | E78: =IF(VLOOKUP(A72,#REF!,29)="","",VLOOKUP(A72,#REF!,29)) -> #REF! | F78: =IF(VLOOKUP(A72,#REF!,36)="","",VLOOKUP(A72,#REF!,36)) -> #REF! | H78: 5 | I78: =IF(VLOOKUP(H72,#REF!,8)="","",VLOOKUP(H72,#REF!,8)) -> #REF! | J78: =IF(VLOOKUP(H72,#REF!,15)="","",VLOOKUP(H72,#REF!,15)) -> #REF! | K78: =IF(VLOOKUP(H72,#REF!,22)="","",VLOOKUP(H72,#REF!,22)) -> #REF! | L78: =IF(VLOOKUP(H72,#REF!,29)="","",VLOOKUP(H72,#REF!,29)) -> #REF! | M78: =IF(VLOOKUP(H72,#REF!,36)="","",VLOOKUP(H72,#REF!,36)) -> #REF! | O78: 5 | P78: =IF(VLOOKUP(O72,#REF!,8)="","",VLOOKUP(O72,#REF!,8)) -> #REF! | Q78: =IF(VLOOKUP(O72,#REF!,15)="","",VLOOKUP(O72,#REF!,15)) -> #REF! | R78: =IF(VLOOKUP(O72,#REF!,22)="","",VLOOKUP(O72,#REF!,22)) -> #REF! | S78: =IF(VLOOKUP(O72,#REF!,29)="","",VLOOKUP(O72,#REF!,29)) -> #REF! | T78: =IF(VLOOKUP(O72,#REF!,36)="","",VLOOKUP(O72,#REF!,36)) -> #REF! | V78: 5 | W78: =IF(VLOOKUP(V72,#REF!,8)="","",VLOOKUP(V72,#REF!,8)) -> #REF! | X78: =IF(VLOOKUP(V72,#REF!,15)="","",VLOOKUP(V72,#REF!,15)) -> #REF! | Y78: =IF(VLOOKUP(V72,#REF!,22)="","",VLOOKUP(V72,#REF!,22)) -> #REF! | Z78: =IF(VLOOKUP(V72,#REF!,29)="","",VLOOKUP(V72,#REF!,29)) -> #REF! | AA78: =IF(VLOOKUP(V72,#REF!,36)="","",VLOOKUP(V72,#REF!,36)) -> #REF!
A79: 6 | B79: =IF(VLOOKUP(A72,#REF!,9)="","",VLOOKUP(A72,#REF!,9)) -> #REF! | C79: =IF(VLOOKUP(A72,#REF!,16)="","",VLOOKUP(A72,#REF!,16)) -> #REF! | D79: =IF(VLOOKUP(A72,#REF!,23)="","",VLOOKUP(A72,#REF!,23)) -> #REF! | E79: =IF(VLOOKUP(A72,#REF!,30)="","",VLOOKUP(A72,#REF!,30)) -> #REF! | F79: =IF(VLOOKUP(A72,#REF!,37)="","",VLOOKUP(A72,#REF!,37)) -> #REF! | H79: 6 | I79: =IF(VLOOKUP(H72,#REF!,9)="","",VLOOKUP(H72,#REF!,9)) -> #REF! | J79: =IF(VLOOKUP(H72,#REF!,16)="","",VLOOKUP(H72,#REF!,16)) -> #REF! | K79: =IF(VLOOKUP(H72,#REF!,23)="","",VLOOKUP(H72,#REF!,23)) -> #REF! | L79: =IF(VLOOKUP(H72,#REF!,30)="","",VLOOKUP(H72,#REF!,30)) -> #REF! | M79: =IF(VLOOKUP(H72,#REF!,37)="","",VLOOKUP(H72,#REF!,37)) -> #REF! | O79: 6 | P79: =IF(VLOOKUP(O72,#REF!,9)="","",VLOOKUP(O72,#REF!,9)) -> #REF! | Q79: =IF(VLOOKUP(O72,#REF!,16)="","",VLOOKUP(O72,#REF!,16)) -> #REF! | R79: =IF(VLOOKUP(O72,#REF!,23)="","",VLOOKUP(O72,#REF!,23)) -> #REF! | S79: =IF(VLOOKUP(O72,#REF!,30)="","",VLOOKUP(O72,#REF!,30)) -> #REF! | T79: =IF(VLOOKUP(O72,#REF!,37)="","",VLOOKUP(O72,#REF!,37)) -> #REF! | V79: 6 | W79: =IF(VLOOKUP(V72,#REF!,9)="","",VLOOKUP(V72,#REF!,9)) -> #REF! | X79: =IF(VLOOKUP(V72,#REF!,16)="","",VLOOKUP(V72,#REF!,16)) -> #REF! | Y79: =IF(VLOOKUP(V72,#REF!,23)="","",VLOOKUP(V72,#REF!,23)) -> #REF! | Z79: =IF(VLOOKUP(V72,#REF!,30)="","",VLOOKUP(V72,#REF!,30)) -> #REF! | AA79: =IF(VLOOKUP(V72,#REF!,37)="","",VLOOKUP(V72,#REF!,37)) -> #REF!
A81: =IF(#REF!="","",#REF!) -> #REF! | D81: 先生 | H81: =IF(#REF!="","",#REF!) -> #REF! | K81: 先生 | O81: =IF(#REF!="","",#REF!) -> #REF! | R81: 先生 | V81: =IF(#REF!="","",#REF!) -> #REF! | Y81: 先生
A82: 33 | H82: 34 | O82: 35 | V82: 36
B83: 月 | C83: 火 | D83: 水 | E83: 木 | F83: 金 | I83: 月 | J83: 火 | K83: 水 | L83: 木 | M83: 金 | P83: 月 | Q83: 火 | R83: 水 | S83: 木 | T83: 金 | W83: 月 | X83: 火 | Y83: 水 | Z83: 木 | AA83: 金
A84: 1 | B84: =IF(VLOOKUP(A82,#REF!,4)="","",VLOOKUP(A82,#REF!,4)) -> #REF! | C84: =IF(VLOOKUP(A82,#REF!,11)="","",VLOOKUP(A82,#REF!,11)) -> #REF! | D84: =IF(VLOOKUP(A82,#REF!,18)="","",VLOOKUP(A82,#REF!,18)) -> #REF! | E84: =IF(VLOOKUP(A82,#REF!,25)="","",VLOOKUP(A82,#REF!,25)) -> #REF! | F84: =IF(VLOOKUP(A82,#REF!,32)="","",VLOOKUP(A82,#REF!,32)) -> #REF! | H84: 1 | I84: =IF(VLOOKUP(H82,#REF!,4)="","",VLOOKUP(H82,#REF!,4)) -> #REF! | J84: =IF(VLOOKUP(H82,#REF!,11)="","",VLOOKUP(H82,#REF!,11)) -> #REF! | K84: =IF(VLOOKUP(H82,#REF!,18)="","",VLOOKUP(H82,#REF!,18)) -> #REF! | L84: =IF(VLOOKUP(H82,#REF!,25)="","",VLOOKUP(H82,#REF!,25)) -> #REF! | M84: =IF(VLOOKUP(H82,#REF!,32)="","",VLOOKUP(H82,#REF!,32)) -> #REF! | O84: 1 | P84: =IF(VLOOKUP(O82,#REF!,4)="","",VLOOKUP(O82,#REF!,4)) -> #REF! | Q84: =IF(VLOOKUP(O82,#REF!,11)="","",VLOOKUP(O82,#REF!,11)) -> #REF! | R84: =IF(VLOOKUP(O82,#REF!,18)="","",VLOOKUP(O82,#REF!,18)) -> #REF! | S84: =IF(VLOOKUP(O82,#REF!,25)="","",VLOOKUP(O82,#REF!,25)) -> #REF! | T84: =IF(VLOOKUP(O82,#REF!,32)="","",VLOOKUP(O82,#REF!,32)) -> #REF! | V84: 1 | W84: =IF(VLOOKUP(V82,#REF!,4)="","",VLOOKUP(V82,#REF!,4)) -> #REF! | X84: =IF(VLOOKUP(V82,#REF!,11)="","",VLOOKUP(V82,#REF!,11)) -> #REF! | Y84: =IF(VLOOKUP(V82,#REF!,18)="","",VLOOKUP(V82,#REF!,18)) -> #REF! | Z84: =IF(VLOOKUP(V82,#REF!,25)="","",VLOOKUP(V82,#REF!,25)) -> #REF! | AA84: =IF(VLOOKUP(V82,#REF!,32)="","",VLOOKUP(V82,#REF!,32)) -> #REF!
A85: 2 | B85: =IF(VLOOKUP(A82,#REF!,5)="","",VLOOKUP(A82,#REF!,5)) -> #REF! | C85: =IF(VLOOKUP(A82,#REF!,12)="","",VLOOKUP(A82,#REF!,12)) -> #REF! | D85: =IF(VLOOKUP(A82,#REF!,19)="","",VLOOKUP(A82,#REF!,19)) -> #REF! | E85: =IF(VLOOKUP(A82,#REF!,26)="","",VLOOKUP(A82,#REF!,26)) -> #REF! | F85: =IF(VLOOKUP(A82,#REF!,33)="","",VLOOKUP(A82,#REF!,33)) -> #REF! | H85: 2 | I85: =IF(VLOOKUP(H82,#REF!,5)="","",VLOOKUP(H82,#REF!,5)) -> #REF! | J85: =IF(VLOOKUP(H82,#REF!,12)="","",VLOOKUP(H82,#REF!,12)) -> #REF! | K85: =IF(VLOOKUP(H82,#REF!,19)="","",VLOOKUP(H82,#REF!,19)) -> #REF! | L85: =IF(VLOOKUP(H82,#REF!,26)="","",VLOOKUP(H82,#REF!,26)) -> #REF! | M85: =IF(VLOOKUP(H82,#REF!,33)="","",VLOOKUP(H82,#REF!,33)) -> #REF! | O85: 2 | P85: =IF(VLOOKUP(O82,#REF!,5)="","",VLOOKUP(O82,#REF!,5)) -> #REF! | Q85: =IF(VLOOKUP(O82,#REF!,12)="","",VLOOKUP(O82,#REF!,12)) -> #REF! | R85: =IF(VLOOKUP(O82,#REF!,19)="","",VLOOKUP(O82,#REF!,19)) -> #REF! | S85: =IF(VLOOKUP(O82,#REF!,26)="","",VLOOKUP(O82,#REF!,26)) -> #REF! | T85: =IF(VLOOKUP(O82,#REF!,33)="","",VLOOKUP(O82,#REF!,33)) -> #REF! | V85: 2 | W85: =IF(VLOOKUP(V82,#REF!,5)="","",VLOOKUP(V82,#REF!,5)) -> #REF! | X85: =IF(VLOOKUP(V82,#REF!,12)="","",VLOOKUP(V82,#REF!,12)) -> #REF! | Y85: =IF(VLOOKUP(V82,#REF!,19)="","",VLOOKUP(V82,#REF!,19)) -> #REF! | Z85: =IF(VLOOKUP(V82,#REF!,26)="","",VLOOKUP(V82,#REF!,26)) -> #REF! | AA85: =IF(VLOOKUP(V82,#REF!,33)="","",VLOOKUP(V82,#REF!,33)) -> #REF!
A86: 3 | B86: =IF(VLOOKUP(A82,#REF!,6)="","",VLOOKUP(A82,#REF!,6)) -> #REF! | C86: =IF(VLOOKUP(A82,#REF!,13)="","",VLOOKUP(A82,#REF!,13)) -> #REF! | D86: =IF(VLOOKUP(A82,#REF!,20)="","",VLOOKUP(A82,#REF!,20)) -> #REF! | E86: =IF(VLOOKUP(A82,#REF!,27)="","",VLOOKUP(A82,#REF!,27)) -> #REF! | F86: =IF(VLOOKUP(A82,#REF!,34)="","",VLOOKUP(A82,#REF!,34)) -> #REF! | H86: 3 | I86: =IF(VLOOKUP(H82,#REF!,6)="","",VLOOKUP(H82,#REF!,6)) -> #REF! | J86: =IF(VLOOKUP(H82,#REF!,13)="","",VLOOKUP(H82,#REF!,13)) -> #REF! | K86: =IF(VLOOKUP(H82,#REF!,20)="","",VLOOKUP(H82,#REF!,20)) -> #REF! | L86: =IF(VLOOKUP(H82,#REF!,27)="","",VLOOKUP(H82,#REF!,27)) -> #REF! | M86: =IF(VLOOKUP(H82,#REF!,34)="","",VLOOKUP(H82,#REF!,34)) -> #REF! | O86: 3 | P86: =IF(VLOOKUP(O82,#REF!,6)="","",VLOOKUP(O82,#REF!,6)) -> #REF! | Q86: =IF(VLOOKUP(O82,#REF!,13)="","",VLOOKUP(O82,#REF!,13)) -> #REF! | R86: =IF(VLOOKUP(O82,#REF!,20)="","",VLOOKUP(O82,#REF!,20)) -> #REF! | S86: =IF(VLOOKUP(O82,#REF!,27)="","",VLOOKUP(O82,#REF!,27)) -> #REF! | T86: =IF(VLOOKUP(O82,#REF!,34)="","",VLOOKUP(O82,#REF!,34)) -> #REF! | V86: 3 | W86: =IF(VLOOKUP(V82,#REF!,6)="","",VLOOKUP(V82,#REF!,6)) -> #REF! | X86: =IF(VLOOKUP(V82,#REF!,13)="","",VLOOKUP(V82,#REF!,13)) -> #REF! | Y86: =IF(VLOOKUP(V82,#REF!,20)="","",VLOOKUP(V82,#REF!,20)) -> #REF! | Z86: =IF(VLOOKUP(V82,#REF!,27)="","",VLOOKUP(V82,#REF!,27)) -> #REF! | AA86: =IF(VLOOKUP(V82,#REF!,34)="","",VLOOKUP(V82,#REF!,34)) -> #REF!
A87: 4 | B87: =IF(VLOOKUP(A82,#REF!,7)="","",VLOOKUP(A82,#REF!,7)) -> #REF! | C87: =IF(VLOOKUP(A82,#REF!,14)="","",VLOOKUP(A82,#REF!,14)) -> #REF! | D87: =IF(VLOOKUP(A82,#REF!,21)="","",VLOOKUP(A82,#REF!,21)) -> #REF! | E87: =IF(VLOOKUP(A82,#REF!,28)="","",VLOOKUP(A82,#REF!,28)) -> #REF! | F87: =IF(VLOOKUP(A82,#REF!,35)="","",VLOOKUP(A82,#REF!,35)) -> #REF! | H87: 4 | I87: =IF(VLOOKUP(H82,#REF!,7)="","",VLOOKUP(H82,#REF!,7)) -> #REF! | J87: =IF(VLOOKUP(H82,#REF!,14)="","",VLOOKUP(H82,#REF!,14)) -> #REF! | K87: =IF(VLOOKUP(H82,#REF!,21)="","",VLOOKUP(H82,#REF!,21)) -> #REF! | L87: =IF(VLOOKUP(H82,#REF!,28)="","",VLOOKUP(H82,#REF!,28)) -> #REF! | M87: =IF(VLOOKUP(H82,#REF!,35)="","",VLOOKUP(H82,#REF!,35)) -> #REF! | O87: 4 | P87: =IF(VLOOKUP(O82,#REF!,7)="","",VLOOKUP(O82,#REF!,7)) -> #REF! | Q87: =IF(VLOOKUP(O82,#REF!,14)="","",VLOOKUP(O82,#REF!,14)) -> #REF! | R87: =IF(VLOOKUP(O82,#REF!,21)="","",VLOOKUP(O82,#REF!,21)) -> #REF! | S87: =IF(VLOOKUP(O82,#REF!,28)="","",VLOOKUP(O82,#REF!,28)) -> #REF! | T87: =IF(VLOOKUP(O82,#REF!,35)="","",VLOOKUP(O82,#REF!,35)) -> #REF! | V87: 4 | W87: =IF(VLOOKUP(V82,#REF!,7)="","",VLOOKUP(V82,#REF!,7)) -> #REF! | X87: =IF(VLOOKUP(V82,#REF!,14)="","",VLOOKUP(V82,#REF!,14)) -> #REF! | Y87: =IF(VLOOKUP(V82,#REF!,21)="","",VLOOKUP(V82,#REF!,21)) -> #REF! | Z87: =IF(VLOOKUP(V82,#REF!,28)="","",VLOOKUP(V82,#REF!,28)) -> #REF! | AA87: =IF(VLOOKUP(V82,#REF!,35)="","",VLOOKUP(V82,#REF!,35)) -> #REF!
A88: 5 | B88: =IF(VLOOKUP(A82,#REF!,8)="","",VLOOKUP(A82,#REF!,8)) -> #REF! | C88: =IF(VLOOKUP(A82,#REF!,15)="","",VLOOKUP(A82,#REF!,15)) -> #REF! | D88: =IF(VLOOKUP(A82,#REF!,22)="","",VLOOKUP(A82,#REF!,22)) -> #REF! | E88: =IF(VLOOKUP(A82,#REF!,29)="","",VLOOKUP(A82,#REF!,29)) -> #REF! | F88: =IF(VLOOKUP(A82,#REF!,36)="","",VLOOKUP(A82,#REF!,36)) -> #REF! | H88: 5 | I88: =IF(VLOOKUP(H82,#REF!,8)="","",VLOOKUP(H82,#REF!,8)) -> #REF! | J88: =IF(VLOOKUP(H82,#REF!,15)="","",VLOOKUP(H82,#REF!,15)) -> #REF! | K88: =IF(VLOOKUP(H82,#REF!,22)="","",VLOOKUP(H82,#REF!,22)) -> #REF! | L88: =IF(VLOOKUP(H82,#REF!,29)="","",VLOOKUP(H82,#REF!,29)) -> #REF! | M88: =IF(VLOOKUP(H82,#REF!,36)="","",VLOOKUP(H82,#REF!,36)) -> #REF! | O88: 5 | P88: =IF(VLOOKUP(O82,#REF!,8)="","",VLOOKUP(O82,#REF!,8)) -> #REF! | Q88: =IF(VLOOKUP(O82,#REF!,15)="","",VLOOKUP(O82,#REF!,15)) -> #REF! | R88: =IF(VLOOKUP(O82,#REF!,22)="","",VLOOKUP(O82,#REF!,22)) -> #REF! | S88: =IF(VLOOKUP(O82,#REF!,29)="","",VLOOKUP(O82,#REF!,29)) -> #REF! | T88: =IF(VLOOKUP(O82,#REF!,36)="","",VLOOKUP(O82,#REF!,36)) -> #REF! | V88: 5 | W88: =IF(VLOOKUP(V82,#REF!,8)="","",VLOOKUP(V82,#REF!,8)) -> #REF! | X88: =IF(VLOOKUP(V82,#REF!,15)="","",VLOOKUP(V82,#REF!,15)) -> #REF! | Y88: =IF(VLOOKUP(V82,#REF!,22)="","",VLOOKUP(V82,#REF!,22)) -> #REF! | Z88: =IF(VLOOKUP(V82,#REF!,29)="","",VLOOKUP(V82,#REF!,29)) -> #REF! | AA88: =IF(VLOOKUP(V82,#REF!,36)="","",VLOOKUP(V82,#REF!,36)) -> #REF!
A89: 6 | B89: =IF(VLOOKUP(A82,#REF!,9)="","",VLOOKUP(A82,#REF!,9)) -> #REF! | C89: =IF(VLOOKUP(A82,#REF!,16)="","",VLOOKUP(A82,#REF!,16)) -> #REF! | D89: =IF(VLOOKUP(A82,#REF!,23)="","",VLOOKUP(A82,#REF!,23)) -> #REF! | E89: =IF(VLOOKUP(A82,#REF!,30)="","",VLOOKUP(A82,#REF!,30)) -> #REF! | F89: =IF(VLOOKUP(A82,#REF!,37)="","",VLOOKUP(A82,#REF!,37)) -> #REF! | H89: 6 | I89: =IF(VLOOKUP(H82,#REF!,9)="","",VLOOKUP(H82,#REF!,9)) -> #REF! | J89: =IF(VLOOKUP(H82,#REF!,16)="","",VLOOKUP(H82,#REF!,16)) -> #REF! | K89: =IF(VLOOKUP(H82,#REF!,23)="","",VLOOKUP(H82,#REF!,23)) -> #REF! | L89: =IF(VLOOKUP(H82,#REF!,30)="","",VLOOKUP(H82,#REF!,30)) -> #REF! | M89: =IF(VLOOKUP(H82,#REF!,37)="","",VLOOKUP(H82,#REF!,37)) -> #REF! | O89: 6 | P89: =IF(VLOOKUP(O82,#REF!,9)="","",VLOOKUP(O82,#REF!,9)) -> #REF! | Q89: =IF(VLOOKUP(O82,#REF!,16)="","",VLOOKUP(O82,#REF!,16)) -> #REF! | R89: =IF(VLOOKUP(O82,#REF!,23)="","",VLOOKUP(O82,#REF!,23)) -> #REF! | S89: =IF(VLOOKUP(O82,#REF!,30)="","",VLOOKUP(O82,#REF!,30)) -> #REF! | T89: =IF(VLOOKUP(O82,#REF!,37)="","",VLOOKUP(O82,#REF!,37)) -> #REF! | V89: 6 | W89: =IF(VLOOKUP(V82,#REF!,9)="","",VLOOKUP(V82,#REF!,9)) -> #REF! | X89: =IF(VLOOKUP(V82,#REF!,16)="","",VLOOKUP(V82,#REF!,16)) -> #REF! | Y89: =IF(VLOOKUP(V82,#REF!,23)="","",VLOOKUP(V82,#REF!,23)) -> #REF! | Z89: =IF(VLOOKUP(V82,#REF!,30)="","",VLOOKUP(V82,#REF!,30)) -> #REF! | AA89: =IF(VLOOKUP(V82,#REF!,37)="","",VLOOKUP(V82,#REF!,37)) -> #REF!
A91: =IF(#REF!="","",#REF!) -> #REF! | D91: 先生 | H91: =IF(#REF!="","",#REF!) -> #REF! | K91: 先生 | O91: =IF(#REF!="","",#REF!) -> #REF! | R91: 先生 | V91: =IF(#REF!="","",#REF!) -> #REF! | Y91: 先生
A92: 37 | H92: 38 | O92: 39 | V92: 40
B93: 月 | C93: 火 | D93: 水 | E93: 木 | F93: 金 | I93: 月 | J93: 火 | K93: 水 | L93: 木 | M93: 金 | P93: 月 | Q93: 火 | R93: 水 | S93: 木 | T93: 金 | W93: 月 | X93: 火 | Y93: 水 | Z93: 木 | AA93: 金
A94: 1 | B94: =IF(VLOOKUP(A92,#REF!,4)="","",VLOOKUP(A92,#REF!,4)) -> #REF! | C94: =IF(VLOOKUP(A92,#REF!,11)="","",VLOOKUP(A92,#REF!,11)) -> #REF! | D94: =IF(VLOOKUP(A92,#REF!,18)="","",VLOOKUP(A92,#REF!,18)) -> #REF! | E94: =IF(VLOOKUP(A92,#REF!,25)="","",VLOOKUP(A92,#REF!,25)) -> #REF! | F94: =IF(VLOOKUP(A92,#REF!,32)="","",VLOOKUP(A92,#REF!,32)) -> #REF! | H94: 1 | I94: =IF(VLOOKUP(H92,#REF!,4)="","",VLOOKUP(H92,#REF!,4)) -> #REF! | J94: =IF(VLOOKUP(H92,#REF!,11)="","",VLOOKUP(H92,#REF!,11)) -> #REF! | K94: =IF(VLOOKUP(H92,#REF!,18)="","",VLOOKUP(H92,#REF!,18)) -> #REF! | L94: =IF(VLOOKUP(H92,#REF!,25)="","",VLOOKUP(H92,#REF!,25)) -> #REF! | M94: =IF(VLOOKUP(H92,#REF!,32)="","",VLOOKUP(H92,#REF!,32)) -> #REF! | O94: 1 | P94: =IF(VLOOKUP(O92,#REF!,4)="","",VLOOKUP(O92,#REF!,4)) -> #REF! | Q94: =IF(VLOOKUP(O92,#REF!,11)="","",VLOOKUP(O92,#REF!,11)) -> #REF! | R94: =IF(VLOOKUP(O92,#REF!,18)="","",VLOOKUP(O92,#REF!,18)) -> #REF! | S94: =IF(VLOOKUP(O92,#REF!,25)="","",VLOOKUP(O92,#REF!,25)) -> #REF! | T94: =IF(VLOOKUP(O92,#REF!,32)="","",VLOOKUP(O92,#REF!,32)) -> #REF! | V94: 1 | W94: =IF(VLOOKUP(V92,#REF!,4)="","",VLOOKUP(V92,#REF!,4)) -> #REF! | X94: =IF(VLOOKUP(V92,#REF!,11)="","",VLOOKUP(V92,#REF!,11)) -> #REF! | Y94: =IF(VLOOKUP(V92,#REF!,18)="","",VLOOKUP(V92,#REF!,18)) -> #REF! | Z94: =IF(VLOOKUP(V92,#REF!,25)="","",VLOOKUP(V92,#REF!,25)) -> #REF! | AA94: =IF(VLOOKUP(V92,#REF!,32)="","",VLOOKUP(V92,#REF!,32)) -> #REF!
A95: 2 | B95: =IF(VLOOKUP(A92,#REF!,5)="","",VLOOKUP(A92,#REF!,5)) -> #REF! | C95: =IF(VLOOKUP(A92,#REF!,12)="","",VLOOKUP(A92,#REF!,12)) -> #REF! | D95: =IF(VLOOKUP(A92,#REF!,19)="","",VLOOKUP(A92,#REF!,19)) -> #REF! | E95: =IF(VLOOKUP(A92,#REF!,26)="","",VLOOKUP(A92,#REF!,26)) -> #REF! | F95: =IF(VLOOKUP(A92,#REF!,33)="","",VLOOKUP(A92,#REF!,33)) -> #REF! | H95: 2 | I95: =IF(VLOOKUP(H92,#REF!,5)="","",VLOOKUP(H92,#REF!,5)) -> #REF! | J95: =IF(VLOOKUP(H92,#REF!,12)="","",VLOOKUP(H92,#REF!,12)) -> #REF! | K95: =IF(VLOOKUP(H92,#REF!,19)="","",VLOOKUP(H92,#REF!,19)) -> #REF! | L95: =IF(VLOOKUP(H92,#REF!,26)="","",VLOOKUP(H92,#REF!,26)) -> #REF! | M95: =IF(VLOOKUP(H92,#REF!,33)="","",VLOOKUP(H92,#REF!,33)) -> #REF! | O95: 2 | P95: =IF(VLOOKUP(O92,#REF!,5)="","",VLOOKUP(O92,#REF!,5)) -> #REF! | Q95: =IF(VLOOKUP(O92,#REF!,12)="","",VLOOKUP(O92,#REF!,12)) -> #REF! | R95: =IF(VLOOKUP(O92,#REF!,19)="","",VLOOKUP(O92,#REF!,19)) -> #REF! | S95: =IF(VLOOKUP(O92,#REF!,26)="","",VLOOKUP(O92,#REF!,26)) -> #REF! | T95: =IF(VLOOKUP(O92,#REF!,33)="","",VLOOKUP(O92,#REF!,33)) -> #REF! | V95: 2 | W95: =IF(VLOOKUP(V92,#REF!,5)="","",VLOOKUP(V92,#REF!,5)) -> #REF! | X95: =IF(VLOOKUP(V92,#REF!,12)="","",VLOOKUP(V92,#REF!,12)) -> #REF! | Y95: =IF(VLOOKUP(V92,#REF!,19)="","",VLOOKUP(V92,#REF!,19)) -> #REF! | Z95: =IF(VLOOKUP(V92,#REF!,26)="","",VLOOKUP(V92,#REF!,26)) -> #REF! | AA95: =IF(VLOOKUP(V92,#REF!,33)="","",VLOOKUP(V92,#REF!,33)) -> #REF!
A96: 3 | B96: =IF(VLOOKUP(A92,#REF!,6)="","",VLOOKUP(A92,#REF!,6)) -> #REF! | C96: =IF(VLOOKUP(A92,#REF!,13)="","",VLOOKUP(A92,#REF!,13)) -> #REF! | D96: =IF(VLOOKUP(A92,#REF!,20)="","",VLOOKUP(A92,#REF!,20)) -> #REF! | E96: =IF(VLOOKUP(A92,#REF!,27)="","",VLOOKUP(A92,#REF!,27)) -> #REF! | F96: =IF(VLOOKUP(A92,#REF!,34)="","",VLOOKUP(A92,#REF!,34)) -> #REF! | H96: 3 | I96: =IF(VLOOKUP(H92,#REF!,6)="","",VLOOKUP(H92,#REF!,6)) -> #REF! | J96: =IF(VLOOKUP(H92,#REF!,13)="","",VLOOKUP(H92,#REF!,13)) -> #REF! | K96: =IF(VLOOKUP(H92,#REF!,20)="","",VLOOKUP(H92,#REF!,20)) -> #REF! | L96: =IF(VLOOKUP(H92,#REF!,27)="","",VLOOKUP(H92,#REF!,27)) -> #REF! | M96: =IF(VLOOKUP(H92,#REF!,34)="","",VLOOKUP(H92,#REF!,34)) -> #REF! | O96: 3 | P96: =IF(VLOOKUP(O92,#REF!,6)="","",VLOOKUP(O92,#REF!,6)) -> #REF! | Q96: =IF(VLOOKUP(O92,#REF!,13)="","",VLOOKUP(O92,#REF!,13)) -> #REF! | R96: =IF(VLOOKUP(O92,#REF!,20)="","",VLOOKUP(O92,#REF!,20)) -> #REF! | S96: =IF(VLOOKUP(O92,#REF!,27)="","",VLOOKUP(O92,#REF!,27)) -> #REF! | T96: =IF(VLOOKUP(O92,#REF!,34)="","",VLOOKUP(O92,#REF!,34)) -> #REF! | V96: 3 | W96: =IF(VLOOKUP(V92,#REF!,6)="","",VLOOKUP(V92,#REF!,6)) -> #REF! | X96: =IF(VLOOKUP(V92,#REF!,13)="","",VLOOKUP(V92,#REF!,13)) -> #REF! | Y96: =IF(VLOOKUP(V92,#REF!,20)="","",VLOOKUP(V92,#REF!,20)) -> #REF! | Z96: =IF(VLOOKUP(V92,#REF!,27)="","",VLOOKUP(V92,#REF!,27)) -> #REF! | AA96: =IF(VLOOKUP(V92,#REF!,34)="","",VLOOKUP(V92,#REF!,34)) -> #REF!
A97: 4 | B97: =IF(VLOOKUP(A92,#REF!,7)="","",VLOOKUP(A92,#REF!,7)) -> #REF! | C97: =IF(VLOOKUP(A92,#REF!,14)="","",VLOOKUP(A92,#REF!,14)) -> #REF! | D97: =IF(VLOOKUP(A92,#REF!,21)="","",VLOOKUP(A92,#REF!,21)) -> #REF! | E97: =IF(VLOOKUP(A92,#REF!,28)="","",VLOOKUP(A92,#REF!,28)) -> #REF! | F97: =IF(VLOOKUP(A92,#REF!,35)="","",VLOOKUP(A92,#REF!,35)) -> #REF! | H97: 4 | I97: =IF(VLOOKUP(H92,#REF!,7)="","",VLOOKUP(H92,#REF!,7)) -> #REF! | J97: =IF(VLOOKUP(H92,#REF!,14)="","",VLOOKUP(H92,#REF!,14)) -> #REF! | K97: =IF(VLOOKUP(H92,#REF!,21)="","",VLOOKUP(H92,#REF!,21)) -> #REF! | L97: =IF(VLOOKUP(H92,#REF!,28)="","",VLOOKUP(H92,#REF!,28)) -> #REF! | M97: =IF(VLOOKUP(H92,#REF!,35)="","",VLOOKUP(H92,#REF!,35)) -> #REF! | O97: 4 | P97: =IF(VLOOKUP(O92,#REF!,7)="","",VLOOKUP(O92,#REF!,7)) -> #REF! | Q97: =IF(VLOOKUP(O92,#REF!,14)="","",VLOOKUP(O92,#REF!,14)) -> #REF! | R97: =IF(VLOOKUP(O92,#REF!,21)="","",VLOOKUP(O92,#REF!,21)) -> #REF! | S97: =IF(VLOOKUP(O92,#REF!,28)="","",VLOOKUP(O92,#REF!,28)) -> #REF! | T97: =IF(VLOOKUP(O92,#REF!,35)="","",VLOOKUP(O92,#REF!,35)) -> #REF! | V97: 4 | W97: =IF(VLOOKUP(V92,#REF!,7)="","",VLOOKUP(V92,#REF!,7)) -> #REF! | X97: =IF(VLOOKUP(V92,#REF!,14)="","",VLOOKUP(V92,#REF!,14)) -> #REF! | Y97: =IF(VLOOKUP(V92,#REF!,21)="","",VLOOKUP(V92,#REF!,21)) -> #REF! | Z97: =IF(VLOOKUP(V92,#REF!,28)="","",VLOOKUP(V92,#REF!,28)) -> #REF! | AA97: =IF(VLOOKUP(V92,#REF!,35)="","",VLOOKUP(V92,#REF!,35)) -> #REF!
A98: 5 | B98: =IF(VLOOKUP(A92,#REF!,8)="","",VLOOKUP(A92,#REF!,8)) -> #REF! | C98: =IF(VLOOKUP(A92,#REF!,15)="","",VLOOKUP(A92,#REF!,15)) -> #REF! | D98: =IF(VLOOKUP(A92,#REF!,22)="","",VLOOKUP(A92,#REF!,22)) -> #REF! | E98: =IF(VLOOKUP(A92,#REF!,29)="","",VLOOKUP(A92,#REF!,29)) -> #REF! | F98: =IF(VLOOKUP(A92,#REF!,36)="","",VLOOKUP(A92,#REF!,36)) -> #REF! | H98: 5 | I98: =IF(VLOOKUP(H92,#REF!,8)="","",VLOOKUP(H92,#REF!,8)) -> #REF! | J98: =IF(VLOOKUP(H92,#REF!,15)="","",VLOOKUP(H92,#REF!,15)) -> #REF! | K98: =IF(VLOOKUP(H92,#REF!,22)="","",VLOOKUP(H92,#REF!,22)) -> #REF! | L98: =IF(VLOOKUP(H92,#REF!,29)="","",VLOOKUP(H92,#REF!,29)) -> #REF! | M98: =IF(VLOOKUP(H92,#REF!,36)="","",VLOOKUP(H92,#REF!,36)) -> #REF! | O98: 5 | P98: =IF(VLOOKUP(O92,#REF!,8)="","",VLOOKUP(O92,#REF!,8)) -> #REF! | Q98: =IF(VLOOKUP(O92,#REF!,15)="","",VLOOKUP(O92,#REF!,15)) -> #REF! | R98: =IF(VLOOKUP(O92,#REF!,22)="","",VLOOKUP(O92,#REF!,22)) -> #REF! | S98: =IF(VLOOKUP(O92,#REF!,29)="","",VLOOKUP(O92,#REF!,29)) -> #REF! | T98: =IF(VLOOKUP(O92,#REF!,36)="","",VLOOKUP(O92,#REF!,36)) -> #REF! | V98: 5 | W98: =IF(VLOOKUP(V92,#REF!,8)="","",VLOOKUP(V92,#REF!,8)) -> #REF! | X98: =IF(VLOOKUP(V92,#REF!,15)="","",VLOOKUP(V92,#REF!,15)) -> #REF! | Y98: =IF(VLOOKUP(V92,#REF!,22)="","",VLOOKUP(V92,#REF!,22)) -> #REF! | Z98: =IF(VLOOKUP(V92,#REF!,29)="","",VLOOKUP(V92,#REF!,29)) -> #REF! | AA98: =IF(VLOOKUP(V92,#REF!,36)="","",VLOOKUP(V92,#REF!,36)) -> #REF!
A99: 6 | B99: =IF(VLOOKUP(A92,#REF!,9)="","",VLOOKUP(A92,#REF!,9)) -> #REF! | C99: =IF(VLOOKUP(A92,#REF!,16)="","",VLOOKUP(A92,#REF!,16)) -> #REF! | D99: =IF(VLOOKUP(A92,#REF!,23)="","",VLOOKUP(A92,#REF!,23)) -> #REF! | E99: =IF(VLOOKUP(A92,#REF!,30)="","",VLOOKUP(A92,#REF!,30)) -> #REF! | F99: =IF(VLOOKUP(A92,#REF!,37)="","",VLOOKUP(A92,#REF!,37)) -> #REF! | H99: 6 | I99: =IF(VLOOKUP(H92,#REF!,9)="","",VLOOKUP(H92,#REF!,9)) -> #REF! | J99: =IF(VLOOKUP(H92,#REF!,16)="","",VLOOKUP(H92,#REF!,16)) -> #REF! | K99: =IF(VLOOKUP(H92,#REF!,23)="","",VLOOKUP(H92,#REF!,23)) -> #REF! | L99: =IF(VLOOKUP(H92,#REF!,30)="","",VLOOKUP(H92,#REF!,30)) -> #REF! | M99: =IF(VLOOKUP(H92,#REF!,37)="","",VLOOKUP(H92,#REF!,37)) -> #REF! | O99: 6 | P99: =IF(VLOOKUP(O92,#REF!,9)="","",VLOOKUP(O92,#REF!,9)) -> #REF! | Q99: =IF(VLOOKUP(O92,#REF!,16)="","",VLOOKUP(O92,#REF!,16)) -> #REF! | R99: =IF(VLOOKUP(O92,#REF!,23)="","",VLOOKUP(O92,#REF!,23)) -> #REF! | S99: =IF(VLOOKUP(O92,#REF!,30)="","",VLOOKUP(O92,#REF!,30)) -> #REF! | T99: =IF(VLOOKUP(O92,#REF!,37)="","",VLOOKUP(O92,#REF!,37)) -> #REF! | V99: 6 | W99: =IF(VLOOKUP(V92,#REF!,9)="","",VLOOKUP(V92,#REF!,9)) -> #REF! | X99: =IF(VLOOKUP(V92,#REF!,16)="","",VLOOKUP(V92,#REF!,16)) -> #REF! | Y99: =IF(VLOOKUP(V92,#REF!,23)="","",VLOOKUP(V92,#REF!,23)) -> #REF! | Z99: =IF(VLOOKUP(V92,#REF!,30)="","",VLOOKUP(V92,#REF!,30)) -> #REF! | AA99: =IF(VLOOKUP(V92,#REF!,37)="","",VLOOKUP(V92,#REF!,37)) -> #REF!

Sheet クラス別
A1: 時間割（本） | C1: =IF('クラス別一覧（入力）'!$B9="","",'クラス別一覧（入力）'!$B9) -> 1A | H1: 時間割（本） | J1: １Ｂ | O1: 時間割（本） | Q1: １Ｃ
A2: 1 | H2: 2 | O2: 3
B3: 月 | C3: 火 | D3: 水 | E3: 木 | F3: 金 | I3: 月 | J3: 火 | K3: 水 | L3: 木 | M3: 金 | P3: 月 | Q3: 火 | R3: 水 | S3: 木 | T3: 金
A4: 1 | B4: =IF(VLOOKUP(A2,'クラス別一覧（入力）'!$A$9:$AJ$29,3)="","",VLOOKUP(A2,'クラス別一覧（入力）'!$A$9:$AJ$29,3)) -> 数 | C4: =IF(VLOOKUP(A2,'クラス別一覧（入力）'!$A$9:$AJ$29,10)="","",VLOOKUP(A2,'クラス別一覧（入力）'!$A$9:$AJ$29,10)) -> 技 | D4: =IF(VLOOKUP(A2,'クラス別一覧（入力）'!$A$9:$AJ$29,17)="","",VLOOKUP(A2,'クラス別一覧（入力）'!$A$9:$AJ$29,17)) -> 社 | E4: =IF(VLOOKUP(A2,'クラス別一覧（入力）'!$A$9:$AJ$29,24)="","",VLOOKUP(A2,'クラス別一覧（入力）'!$A$9:$AJ$29,24)) -> 美 | F4: =IF(VLOOKUP(A2,'クラス別一覧（入力）'!$A$9:$AJ$29,31)="","",VLOOKUP(A2,'クラス別一覧（入力）'!$A$9:$AJ$29,31)) -> 社 | H4: 1 | I4: =IF(VLOOKUP(H2,'クラス別一覧（入力）'!$A$9:$AJ$29,3)="","",VLOOKUP(H2,'クラス別一覧（入力）'!$A$9:$AJ$29,3)) -> 音 | J4: =IF(VLOOKUP(H2,'クラス別一覧（入力）'!$A$9:$AJ$29,10)="","",VLOOKUP(H2,'クラス別一覧（入力）'!$A$9:$AJ$29,10)) -> 家 | K4: =IF(VLOOKUP(H2,'クラス別一覧（入力）'!$A$9:$AJ$29,17)="","",VLOOKUP(H2,'クラス別一覧（入力）'!$A$9:$AJ$29,17)) -> 数 | L4: =IF(VLOOKUP(H2,'クラス別一覧（入力）'!$A$9:$AJ$29,24)="","",VLOOKUP(H2,'クラス別一覧（入力）'!$A$9:$AJ$29,24)) -> 数 | M4: =IF(VLOOKUP(H2,'クラス別一覧（入力）'!$A$9:$AJ$29,31)="","",VLOOKUP(H2,'クラス別一覧（入力）'!$A$9:$AJ$29,31)) -> 英 | O4: 1 | P4: =IF(VLOOKUP(O2,'クラス別一覧（入力）'!$A$9:$AJ$29,3)="","",VLOOKUP(O2,'クラス別一覧（入力）'!$A$9:$AJ$29,3)) -> 英 | Q4: =IF(VLOOKUP(O2,'クラス別一覧（入力）'!$A$9:$AJ$29,10)="","",VLOOKUP(O2,'クラス別一覧（入力）'!$A$9:$AJ$29,10)) -> 理 | R4: =IF(VLOOKUP(O2,'クラス別一覧（入力）'!$A$9:$AJ$29,17)="","",VLOOKUP(O2,'クラス別一覧（入力）'!$A$9:$AJ$29,17)) -> 音美 | S4: =IF(VLOOKUP(O2,'クラス別一覧（入力）'!$A$9:$AJ$29,24)="","",VLOOKUP(O2,'クラス別一覧（入力）'!$A$9:$AJ$29,24)) -> 英 | T4: =IF(VLOOKUP(O2,'クラス別一覧（入力）'!$A$9:$AJ$29,31)="","",VLOOKUP(O2,'クラス別一覧（入力）'!$A$9:$AJ$29,31)) -> 家
A5: 2 | B5: =IF(VLOOKUP(A2,'クラス別一覧（入力）'!$A$9:$AJ$29,4)="","",VLOOKUP(A2,'クラス別一覧（入力）'!$A$9:$AJ$29,4)) -> 音 | C5: =IF(VLOOKUP(A2,'クラス別一覧（入力）'!$A$9:$AJ$29,11)="","",VLOOKUP(A2,'クラス別一覧（入力）'!$A$9:$AJ$29,11)) -> 家 | D5: =IF(VLOOKUP(A2,'クラス別一覧（入力）'!$A$9:$AJ$29,18)="","",VLOOKUP(A2,'クラス別一覧（入力）'!$A$9:$AJ$29,18)) -> 音美 | E5: =IF(VLOOKUP(A2,'クラス別一覧（入力）'!$A$9:$AJ$29,25)="","",VLOOKUP(A2,'クラス別一覧（入力）'!$A$9:$AJ$29,25)) -> 国 | F5: =IF(VLOOKUP(A2,'クラス別一覧（入力）'!$A$9:$AJ$29,32)="","",VLOOKUP(A2,'クラス別一覧（入力）'!$A$9:$AJ$29,32)) -> 数 | H5: 2 | I5: =IF(VLOOKUP(H2,'クラス別一覧（入力）'!$A$9:$AJ$29,4)="","",VLOOKUP(H2,'クラス別一覧（入力）'!$A$9:$AJ$29,4)) -> 数 | J5: =IF(VLOOKUP(H2,'クラス別一覧（入力）'!$A$9:$AJ$29,11)="","",VLOOKUP(H2,'クラス別一覧（入力）'!$A$9:$AJ$29,11)) -> 技 | K5: =IF(VLOOKUP(H2,'クラス別一覧（入力）'!$A$9:$AJ$29,18)="","",VLOOKUP(H2,'クラス別一覧（入力）'!$A$9:$AJ$29,18)) -> 美音 | L5: =IF(VLOOKUP(H2,'クラス別一覧（入力）'!$A$9:$AJ$29,25)="","",VLOOKUP(H2,'クラス別一覧（入力）'!$A$9:$AJ$29,25)) -> 英 | M5: =IF(VLOOKUP(H2,'クラス別一覧（入力）'!$A$9:$AJ$29,32)="","",VLOOKUP(H2,'クラス別一覧（入力）'!$A$9:$AJ$29,32)) -> 国 | O5: 2 | P5: =IF(VLOOKUP(O2,'クラス別一覧（入力）'!$A$9:$AJ$29,4)="","",VLOOKUP(O2,'クラス別一覧（入力）'!$A$9:$AJ$29,4)) -> 保体 | Q5: =IF(VLOOKUP(O2,'クラス別一覧（入力）'!$A$9:$AJ$29,11)="","",VLOOKUP(O2,'クラス別一覧（入力）'!$A$9:$AJ$29,11)) -> 国 | R5: =IF(VLOOKUP(O2,'クラス別一覧（入力）'!$A$9:$AJ$29,18)="","",VLOOKUP(O2,'クラス別一覧（入力）'!$A$9:$AJ$29,18)) -> 数 | S5: =IF(VLOOKUP(O2,'クラス別一覧（入力）'!$A$9:$AJ$29,25)="","",VLOOKUP(O2,'クラス別一覧（入力）'!$A$9:$AJ$29,25)) -> 数 | T5: =IF(VLOOKUP(O2,'クラス別一覧（入力）'!$A$9:$AJ$29,32)="","",VLOOKUP(O2,'クラス別一覧（入力）'!$A$9:$AJ$29,32)) -> 技
A6: 3 | B6: =IF(VLOOKUP(A2,'クラス別一覧（入力）'!$A$9:$AJ$29,5)="","",VLOOKUP(A2,'クラス別一覧（入力）'!$A$9:$AJ$29,5)) -> 理 | C6: =IF(VLOOKUP(A2,'クラス別一覧（入力）'!$A$9:$AJ$29,12)="","",VLOOKUP(A2,'クラス別一覧（入力）'!$A$9:$AJ$29,12)) -> 理 | D6: =IF(VLOOKUP(A2,'クラス別一覧（入力）'!$A$9:$AJ$29,19)="","",VLOOKUP(A2,'クラス別一覧（入力）'!$A$9:$AJ$29,19)) -> 数 | E6: =IF(VLOOKUP(A2,'クラス別一覧（入力）'!$A$9:$AJ$29,26)="","",VLOOKUP(A2,'クラス別一覧（入力）'!$A$9:$AJ$29,26)) -> 英 | F6: =IF(VLOOKUP(A2,'クラス別一覧（入力）'!$A$9:$AJ$29,33)="","",VLOOKUP(A2,'クラス別一覧（入力）'!$A$9:$AJ$29,33)) -> 保体 | H6: 3 | I6: =IF(VLOOKUP(H2,'クラス別一覧（入力）'!$A$9:$AJ$29,5)="","",VLOOKUP(H2,'クラス別一覧（入力）'!$A$9:$AJ$29,5)) -> 国 | J6: =IF(VLOOKUP(H2,'クラス別一覧（入力）'!$A$9:$AJ$29,12)="","",VLOOKUP(H2,'クラス別一覧（入力）'!$A$9:$AJ$29,12)) -> 国 | K6: =IF(VLOOKUP(H2,'クラス別一覧（入力）'!$A$9:$AJ$29,19)="","",VLOOKUP(H2,'クラス別一覧（入力）'!$A$9:$AJ$29,19)) -> 英 | L6: =IF(VLOOKUP(H2,'クラス別一覧（入力）'!$A$9:$AJ$29,26)="","",VLOOKUP(H2,'クラス別一覧（入力）'!$A$9:$AJ$29,26)) -> 美 | M6: =IF(VLOOKUP(H2,'クラス別一覧（入力）'!$A$9:$AJ$29,33)="","",VLOOKUP(H2,'クラス別一覧（入力）'!$A$9:$AJ$29,33)) -> 保体 | O6: 3 | P6: =IF(VLOOKUP(O2,'クラス別一覧（入力）'!$A$9:$AJ$29,5)="","",VLOOKUP(O2,'クラス別一覧（入力）'!$A$9:$AJ$29,5)) -> 数 | Q6: =IF(VLOOKUP(O2,'クラス別一覧（入力）'!$A$9:$AJ$29,12)="","",VLOOKUP(O2,'クラス別一覧（入力）'!$A$9:$AJ$29,12)) -> 英 | R6: =IF(VLOOKUP(O2,'クラス別一覧（入力）'!$A$9:$AJ$29,19)="","",VLOOKUP(O2,'クラス別一覧（入力）'!$A$9:$AJ$29,19)) -> 社 | S6: =IF(VLOOKUP(O2,'クラス別一覧（入力）'!$A$9:$AJ$29,26)="","",VLOOKUP(O2,'クラス別一覧（入力）'!$A$9:$AJ$29,26)) -> 国 | T6: =IF(VLOOKUP(O2,'クラス別一覧（入力）'!$A$9:$AJ$29,33)="","",VLOOKUP(O2,'クラス別一覧（入力）'!$A$9:$AJ$29,33)) -> 理
A7: 4 | B7: =IF(VLOOKUP(A2,'クラス別一覧（入力）'!$A$9:$AJ$29,6)="","",VLOOKUP(A2,'クラス別一覧（入力）'!$A$9:$AJ$29,6)) -> 保体 | C7: =IF(VLOOKUP(A2,'クラス別一覧（入力）'!$A$9:$AJ$29,13)="","",VLOOKUP(A2,'クラス別一覧（入力）'!$A$9:$AJ$29,13)) -> 国 | D7: =IF(VLOOKUP(A2,'クラス別一覧（入力）'!$A$9:$AJ$29,20)="","",VLOOKUP(A2,'クラス別一覧（入力）'!$A$9:$AJ$29,20)) -> 国 | E7: =IF(VLOOKUP(A2,'クラス別一覧（入力）'!$A$9:$AJ$29,27)="","",VLOOKUP(A2,'クラス別一覧（入力）'!$A$9:$AJ$29,27)) -> 理 | F7: =IF(VLOOKUP(A2,'クラス別一覧（入力）'!$A$9:$AJ$29,34)="","",VLOOKUP(A2,'クラス別一覧（入力）'!$A$9:$AJ$29,34)) -> 英 | H7: 4 | I7: =IF(VLOOKUP(H2,'クラス別一覧（入力）'!$A$9:$AJ$29,6)="","",VLOOKUP(H2,'クラス別一覧（入力）'!$A$9:$AJ$29,6)) -> 保体 | J7: =IF(VLOOKUP(H2,'クラス別一覧（入力）'!$A$9:$AJ$29,13)="","",VLOOKUP(H2,'クラス別一覧（入力）'!$A$9:$AJ$29,13)) -> 社 | K7: =IF(VLOOKUP(H2,'クラス別一覧（入力）'!$A$9:$AJ$29,20)="","",VLOOKUP(H2,'クラス別一覧（入力）'!$A$9:$AJ$29,20)) -> 社 | L7: =IF(VLOOKUP(H2,'クラス別一覧（入力）'!$A$9:$AJ$29,27)="","",VLOOKUP(H2,'クラス別一覧（入力）'!$A$9:$AJ$29,27)) -> 国 | M7: =IF(VLOOKUP(H2,'クラス別一覧（入力）'!$A$9:$AJ$29,34)="","",VLOOKUP(H2,'クラス別一覧（入力）'!$A$9:$AJ$29,34)) -> 理 | O7: 4 | P7: =IF(VLOOKUP(O2,'クラス別一覧（入力）'!$A$9:$AJ$29,6)="","",VLOOKUP(O2,'クラス別一覧（入力）'!$A$9:$AJ$29,6)) -> 国 | Q7: =IF(VLOOKUP(O2,'クラス別一覧（入力）'!$A$9:$AJ$29,13)="","",VLOOKUP(O2,'クラス別一覧（入力）'!$A$9:$AJ$29,13)) -> 保体 | R7: =IF(VLOOKUP(O2,'クラス別一覧（入力）'!$A$9:$AJ$29,20)="","",VLOOKUP(O2,'クラス別一覧（入力）'!$A$9:$AJ$29,20)) -> 理 | S7: =IF(VLOOKUP(O2,'クラス別一覧（入力）'!$A$9:$AJ$29,27)="","",VLOOKUP(O2,'クラス別一覧（入力）'!$A$9:$AJ$29,27)) -> 社 | T7: =IF(VLOOKUP(O2,'クラス別一覧（入力）'!$A$9:$AJ$29,34)="","",VLOOKUP(O2,'クラス別一覧（入力）'!$A$9:$AJ$29,34)) -> 国
A8: 5 | B8: =IF(VLOOKUP(A2,'クラス別一覧（入力）'!$A$9:$AJ$29,7)="","",VLOOKUP(A2,'クラス別一覧（入力）'!$A$9:$AJ$29,7)) -> 社 | C8: =IF(VLOOKUP(A2,'クラス別一覧（入力）'!$A$9:$AJ$29,14)="","",VLOOKUP(A2,'クラス別一覧（入力）'!$A$9:$AJ$29,14)) -> 保体 | D8: =IF(VLOOKUP(A2,'クラス別一覧（入力）'!$A$9:$AJ$29,21)="","",VLOOKUP(A2,'クラス別一覧（入力）'!$A$9:$AJ$29,21)) -> 英 | E8: =IF(VLOOKUP(A2,'クラス別一覧（入力）'!$A$9:$AJ$29,28)="","",VLOOKUP(A2,'クラス別一覧（入力）'!$A$9:$AJ$29,28)) -> 数 | F8: =IF(VLOOKUP(A2,'クラス別一覧（入力）'!$A$9:$AJ$29,35)="","",VLOOKUP(A2,'クラス別一覧（入力）'!$A$9:$AJ$29,35)) -> 国 | H8: 5 | I8: =IF(VLOOKUP(H2,'クラス別一覧（入力）'!$A$9:$AJ$29,7)="","",VLOOKUP(H2,'クラス別一覧（入力）'!$A$9:$AJ$29,7)) -> 英 | J8: =IF(VLOOKUP(H2,'クラス別一覧（入力）'!$A$9:$AJ$29,14)="","",VLOOKUP(H2,'クラス別一覧（入力）'!$A$9:$AJ$29,14)) -> 保体 | K8: =IF(VLOOKUP(H2,'クラス別一覧（入力）'!$A$9:$AJ$29,21)="","",VLOOKUP(H2,'クラス別一覧（入力）'!$A$9:$AJ$29,21)) -> 理 | L8: =IF(VLOOKUP(H2,'クラス別一覧（入力）'!$A$9:$AJ$29,28)="","",VLOOKUP(H2,'クラス別一覧（入力）'!$A$9:$AJ$29,28)) -> 社 | M8: =IF(VLOOKUP(H2,'クラス別一覧（入力）'!$A$9:$AJ$29,35)="","",VLOOKUP(H2,'クラス別一覧（入力）'!$A$9:$AJ$29,35)) -> 数 | O8: 5 | P8: =IF(VLOOKUP(O2,'クラス別一覧（入力）'!$A$9:$AJ$29,7)="","",VLOOKUP(O2,'クラス別一覧（入力）'!$A$9:$AJ$29,7)) -> 音 | Q8: =IF(VLOOKUP(O2,'クラス別一覧（入力）'!$A$9:$AJ$29,14)="","",VLOOKUP(O2,'クラス別一覧（入力）'!$A$9:$AJ$29,14)) -> 美 | R8: =IF(VLOOKUP(O2,'クラス別一覧（入力）'!$A$9:$AJ$29,21)="","",VLOOKUP(O2,'クラス別一覧（入力）'!$A$9:$AJ$29,21)) -> 英 | S8: =IF(VLOOKUP(O2,'クラス別一覧（入力）'!$A$9:$AJ$29,28)="","",VLOOKUP(O2,'クラス別一覧（入力）'!$A$9:$AJ$29,28)) -> 保体 | T8: =IF(VLOOKUP(O2,'クラス別一覧（入力）'!$A$9:$AJ$29,35)="","",VLOOKUP(O2,'クラス別一覧（入力）'!$A$9:$AJ$29,35)) -> 社
A9: 6 | B9: =IF(VLOOKUP(A2,'クラス別一覧（入力）'!$A$9:$AJ$29,8)="","",VLOOKUP(A2,'クラス別一覧（入力）'!$A$9:$AJ$29,8)) -> 道 | C9: =IF(VLOOKUP(A2,'クラス別一覧（入力）'!$A$9:$AJ$29,15)="","",VLOOKUP(A2,'クラス別一覧（入力）'!$A$9:$AJ$29,15)) -> 英 | D9: =IF(VLOOKUP(A2,'クラス別一覧（入力）'!$A$9:$AJ$29,22)="","",VLOOKUP(A2,'クラス別一覧（入力）'!$A$9:$AJ$29,22)) -> 学 | E9: =IF(VLOOKUP(A2,'クラス別一覧（入力）'!$A$9:$AJ$29,29)="","",VLOOKUP(A2,'クラス別一覧（入力）'!$A$9:$AJ$29,29)) | F9: =IF(VLOOKUP(A2,'クラス別一覧（入力）'!$A$9:$AJ$29,36)="","",VLOOKUP(A2,'クラス別一覧（入力）'!$A$9:$AJ$29,36)) -> 総 | H9: 6 | I9: =IF(VLOOKUP(H2,'クラス別一覧（入力）'!$A$9:$AJ$29,8)="","",VLOOKUP(H2,'クラス別一覧（入力）'!$A$9:$AJ$29,8)) -> 道 | J9: =IF(VLOOKUP(H2,'クラス別一覧（入力）'!$A$9:$AJ$29,15)="","",VLOOKUP(H2,'クラス別一覧（入力）'!$A$9:$AJ$29,15)) -> 理 | K9: =IF(VLOOKUP(H2,'クラス別一覧（入力）'!$A$9:$AJ$29,22)="","",VLOOKUP(H2,'クラス別一覧（入力）'!$A$9:$AJ$29,22)) -> 学 | L9: =IF(VLOOKUP(H2,'クラス別一覧（入力）'!$A$9:$AJ$29,29)="","",VLOOKUP(H2,'クラス別一覧（入力）'!$A$9:$AJ$29,29)) | M9: =IF(VLOOKUP(H2,'クラス別一覧（入力）'!$A$9:$AJ$29,36)="","",VLOOKUP(H2,'クラス別一覧（入力）'!$A$9:$AJ$29,36)) -> 総 | O9: 6 | P9: =IF(VLOOKUP(O2,'クラス別一覧（入力）'!$A$9:$AJ$29,8)="","",VLOOKUP(O2,'クラス別一覧（入力）'!$A$9:$AJ$29,8)) -> 道 | Q9: =IF(VLOOKUP(O2,'クラス別一覧（入力）'!$A$9:$AJ$29,15)="","",VLOOKUP(O2,'クラス別一覧（入力）'!$A$9:$AJ$29,15)) -> 数 | R9: =IF(VLOOKUP(O2,'クラス別一覧（入力）'!$A$9:$AJ$29,22)="","",VLOOKUP(O2,'クラス別一覧（入力）'!$A$9:$AJ$29,22)) -> 学 | S9: =IF(VLOOKUP(O2,'クラス別一覧（入力）'!$A$9:$AJ$29,29)="","",VLOOKUP(O2,'クラス別一覧（入力）'!$A$9:$AJ$29,29)) | T9: =IF(VLOOKUP(O2,'クラス別一覧（入力）'!$A$9:$AJ$29,36)="","",VLOOKUP(O2,'クラス別一覧（入力）'!$A$9:$AJ$29,36)) -> 総
A11: 時間割（本） | C11: １Ｄ | H11: 時間割（本） | J11: １Ｅ | O11: 時間割（本） | Q11: １Ｆ
A12: 4 | H12: 5 | O12: 6
B13: 月 | C13: 火 | D13: 水 | E13: 木 | F13: 金 | I13: 月 | J13: 火 | K13: 水 | L13: 木 | M13: 金 | P13: 月 | Q13: 火 | R13: 水 | S13: 木 | T13: 金
A14: 1 | B14: =IF(VLOOKUP(A12,'クラス別一覧（入力）'!$A$9:$AJ$29,3)="","",VLOOKUP(A12,'クラス別一覧（入力）'!$A$9:$AJ$29,3)) -> 社 | C14: =IF(VLOOKUP(A12,'クラス別一覧（入力）'!$A$9:$AJ$29,10)="","",VLOOKUP(A12,'クラス別一覧（入力）'!$A$9:$AJ$29,10)) -> 国 | D14: =IF(VLOOKUP(A12,'クラス別一覧（入力）'!$A$9:$AJ$29,17)="","",VLOOKUP(A12,'クラス別一覧（入力）'!$A$9:$AJ$29,17)) -> 美音 | E14: =IF(VLOOKUP(A12,'クラス別一覧（入力）'!$A$9:$AJ$29,24)="","",VLOOKUP(A12,'クラス別一覧（入力）'!$A$9:$AJ$29,24)) -> 国 | F14: =IF(VLOOKUP(A12,'クラス別一覧（入力）'!$A$9:$AJ$29,31)="","",VLOOKUP(A12,'クラス別一覧（入力）'!$A$9:$AJ$29,31)) -> 技 | H14: 1 | I14: =IF(VLOOKUP(H12,'クラス別一覧（入力）'!$A$9:$AJ$29,3)="","",VLOOKUP(H12,'クラス別一覧（入力）'!$A$9:$AJ$29,3)) -> 国 | J14: =IF(VLOOKUP(H12,'クラス別一覧（入力）'!$A$9:$AJ$29,10)="","",VLOOKUP(H12,'クラス別一覧（入力）'!$A$9:$AJ$29,10)) -> 社 | K14: =IF(VLOOKUP(H12,'クラス別一覧（入力）'!$A$9:$AJ$29,17)="","",VLOOKUP(H12,'クラス別一覧（入力）'!$A$9:$AJ$29,17)) -> 数 | L14: =IF(VLOOKUP(H12,'クラス別一覧（入力）'!$A$9:$AJ$29,24)="","",VLOOKUP(H12,'クラス別一覧（入力）'!$A$9:$AJ$29,24)) -> 音 | M14: =IF(VLOOKUP(H12,'クラス別一覧（入力）'!$A$9:$AJ$29,31)="","",VLOOKUP(H12,'クラス別一覧（入力）'!$A$9:$AJ$29,31)) -> 数 | O14: 1 | P14: =IF(VLOOKUP(O12,'クラス別一覧（入力）'!$A$9:$AJ$29,3)="","",VLOOKUP(O12,'クラス別一覧（入力）'!$A$9:$AJ$29,3)) -> 数 | Q14: =IF(VLOOKUP(O12,'クラス別一覧（入力）'!$A$9:$AJ$29,10)="","",VLOOKUP(O12,'クラス別一覧（入力）'!$A$9:$AJ$29,10)) -> 英 | R14: =IF(VLOOKUP(O12,'クラス別一覧（入力）'!$A$9:$AJ$29,17)="","",VLOOKUP(O12,'クラス別一覧（入力）'!$A$9:$AJ$29,17)) -> 国 | S14: =IF(VLOOKUP(O12,'クラス別一覧（入力）'!$A$9:$AJ$29,24)="","",VLOOKUP(O12,'クラス別一覧（入力）'!$A$9:$AJ$29,24)) -> 社 | T14: =IF(VLOOKUP(O12,'クラス別一覧（入力）'!$A$9:$AJ$29,31)="","",VLOOKUP(O12,'クラス別一覧（入力）'!$A$9:$AJ$29,31)) -> 社
A15: 2 | B15: =IF(VLOOKUP(A12,'クラス別一覧（入力）'!$A$9:$AJ$29,4)="","",VLOOKUP(A12,'クラス別一覧（入力）'!$A$9:$AJ$29,4)) -> 保体 | C15: =IF(VLOOKUP(A12,'クラス別一覧（入力）'!$A$9:$AJ$29,11)="","",VLOOKUP(A12,'クラス別一覧（入力）'!$A$9:$AJ$29,11)) -> 理 | D15: =IF(VLOOKUP(A12,'クラス別一覧（入力）'!$A$9:$AJ$29,18)="","",VLOOKUP(A12,'クラス別一覧（入力）'!$A$9:$AJ$29,18)) -> 国 | E15: =IF(VLOOKUP(A12,'クラス別一覧（入力）'!$A$9:$AJ$29,25)="","",VLOOKUP(A12,'クラス別一覧（入力）'!$A$9:$AJ$29,25)) -> 数 | F15: =IF(VLOOKUP(A12,'クラス別一覧（入力）'!$A$9:$AJ$29,32)="","",VLOOKUP(A12,'クラス別一覧（入力）'!$A$9:$AJ$29,32)) -> 家 | H15: 2 | I15: =IF(VLOOKUP(H12,'クラス別一覧（入力）'!$A$9:$AJ$29,4)="","",VLOOKUP(H12,'クラス別一覧（入力）'!$A$9:$AJ$29,4)) -> 理 | J15: =IF(VLOOKUP(H12,'クラス別一覧（入力）'!$A$9:$AJ$29,11)="","",VLOOKUP(H12,'クラス別一覧（入力）'!$A$9:$AJ$29,11)) -> 音美 | K15: =IF(VLOOKUP(H12,'クラス別一覧（入力）'!$A$9:$AJ$29,18)="","",VLOOKUP(H12,'クラス別一覧（入力）'!$A$9:$AJ$29,18)) -> 英 | L15: =IF(VLOOKUP(H12,'クラス別一覧（入力）'!$A$9:$AJ$29,25)="","",VLOOKUP(H12,'クラス別一覧（入力）'!$A$9:$AJ$29,25)) -> 英 | M15: =IF(VLOOKUP(H12,'クラス別一覧（入力）'!$A$9:$AJ$29,32)="","",VLOOKUP(H12,'クラス別一覧（入力）'!$A$9:$AJ$29,32)) -> 社 | O15: 2 | P15: =IF(VLOOKUP(O12,'クラス別一覧（入力）'!$A$9:$AJ$29,4)="","",VLOOKUP(O12,'クラス別一覧（入力）'!$A$9:$AJ$29,4)) -> 英 | Q15: =IF(VLOOKUP(O12,'クラス別一覧（入力）'!$A$9:$AJ$29,11)="","",VLOOKUP(O12,'クラス別一覧（入力）'!$A$9:$AJ$29,11)) -> 美音 | R15: =IF(VLOOKUP(O12,'クラス別一覧（入力）'!$A$9:$AJ$29,18)="","",VLOOKUP(O12,'クラス別一覧（入力）'!$A$9:$AJ$29,18)) -> 理 | S15: =IF(VLOOKUP(O12,'クラス別一覧（入力）'!$A$9:$AJ$29,25)="","",VLOOKUP(O12,'クラス別一覧（入力）'!$A$9:$AJ$29,25)) -> 音 | T15: =IF(VLOOKUP(O12,'クラス別一覧（入力）'!$A$9:$AJ$29,32)="","",VLOOKUP(O12,'クラス別一覧（入力）'!$A$9:$AJ$29,32)) -> 英
A16: 3 | B16: =IF(VLOOKUP(A12,'クラス別一覧（入力）'!$A$9:$AJ$29,5)="","",VLOOKUP(A12,'クラス別一覧（入力）'!$A$9:$AJ$29,5)) -> 国 | C16: =IF(VLOOKUP(A12,'クラス別一覧（入力）'!$A$9:$AJ$29,12)="","",VLOOKUP(A12,'クラス別一覧（入力）'!$A$9:$AJ$29,12)) -> 数 | D16: =IF(VLOOKUP(A12,'クラス別一覧（入力）'!$A$9:$AJ$29,19)="","",VLOOKUP(A12,'クラス別一覧（入力）'!$A$9:$AJ$29,19)) -> 理 | E16: =IF(VLOOKUP(A12,'クラス別一覧（入力）'!$A$9:$AJ$29,26)="","",VLOOKUP(A12,'クラス別一覧（入力）'!$A$9:$AJ$29,26)) -> 社 | F16: =IF(VLOOKUP(A12,'クラス別一覧（入力）'!$A$9:$AJ$29,33)="","",VLOOKUP(A12,'クラス別一覧（入力）'!$A$9:$AJ$29,33)) -> 英 | H16: 3 | I16: =IF(VLOOKUP(H12,'クラス別一覧（入力）'!$A$9:$AJ$29,5)="","",VLOOKUP(H12,'クラス別一覧（入力）'!$A$9:$AJ$29,5)) -> 保体 | J16: =IF(VLOOKUP(H12,'クラス別一覧（入力）'!$A$9:$AJ$29,12)="","",VLOOKUP(H12,'クラス別一覧（入力）'!$A$9:$AJ$29,12)) -> 数 | K16: =IF(VLOOKUP(H12,'クラス別一覧（入力）'!$A$9:$AJ$29,19)="","",VLOOKUP(H12,'クラス別一覧（入力）'!$A$9:$AJ$29,19)) -> 家 | L16: =IF(VLOOKUP(H12,'クラス別一覧（入力）'!$A$9:$AJ$29,26)="","",VLOOKUP(H12,'クラス別一覧（入力）'!$A$9:$AJ$29,26)) -> 理 | M16: =IF(VLOOKUP(H12,'クラス別一覧（入力）'!$A$9:$AJ$29,33)="","",VLOOKUP(H12,'クラス別一覧（入力）'!$A$9:$AJ$29,33)) -> 国 | O16: 3 | P16: =IF(VLOOKUP(O12,'クラス別一覧（入力）'!$A$9:$AJ$29,5)="","",VLOOKUP(O12,'クラス別一覧（入力）'!$A$9:$AJ$29,5)) -> 保体 | Q16: =IF(VLOOKUP(O12,'クラス別一覧（入力）'!$A$9:$AJ$29,12)="","",VLOOKUP(O12,'クラス別一覧（入力）'!$A$9:$AJ$29,12)) -> 社 | R16: =IF(VLOOKUP(O12,'クラス別一覧（入力）'!$A$9:$AJ$29,19)="","",VLOOKUP(O12,'クラス別一覧（入力）'!$A$9:$AJ$29,19)) -> 技 | S16: =IF(VLOOKUP(O12,'クラス別一覧（入力）'!$A$9:$AJ$29,26)="","",VLOOKUP(O12,'クラス別一覧（入力）'!$A$9:$AJ$29,26)) -> 英 | T16: =IF(VLOOKUP(O12,'クラス別一覧（入力）'!$A$9:$AJ$29,33)="","",VLOOKUP(O12,'クラス別一覧（入力）'!$A$9:$AJ$29,33)) -> 数
A17: 4 | B17: =IF(VLOOKUP(A12,'クラス別一覧（入力）'!$A$9:$AJ$29,6)="","",VLOOKUP(A12,'クラス別一覧（入力）'!$A$9:$AJ$29,6)) -> 音 | C17: =IF(VLOOKUP(A12,'クラス別一覧（入力）'!$A$9:$AJ$29,13)="","",VLOOKUP(A12,'クラス別一覧（入力）'!$A$9:$AJ$29,13)) -> 保体 | D17: =IF(VLOOKUP(A12,'クラス別一覧（入力）'!$A$9:$AJ$29,20)="","",VLOOKUP(A12,'クラス別一覧（入力）'!$A$9:$AJ$29,20)) -> 英 | E17: =IF(VLOOKUP(A12,'クラス別一覧（入力）'!$A$9:$AJ$29,27)="","",VLOOKUP(A12,'クラス別一覧（入力）'!$A$9:$AJ$29,27)) -> 英 | F17: =IF(VLOOKUP(A12,'クラス別一覧（入力）'!$A$9:$AJ$29,34)="","",VLOOKUP(A12,'クラス別一覧（入力）'!$A$9:$AJ$29,34)) -> 社 | H17: 4 | I17: =IF(VLOOKUP(H12,'クラス別一覧（入力）'!$A$9:$AJ$29,6)="","",VLOOKUP(H12,'クラス別一覧（入力）'!$A$9:$AJ$29,6)) -> 数 | J17: =IF(VLOOKUP(H12,'クラス別一覧（入力）'!$A$9:$AJ$29,13)="","",VLOOKUP(H12,'クラス別一覧（入力）'!$A$9:$AJ$29,13)) -> 英 | K17: =IF(VLOOKUP(H12,'クラス別一覧（入力）'!$A$9:$AJ$29,20)="","",VLOOKUP(H12,'クラス別一覧（入力）'!$A$9:$AJ$29,20)) -> 技 | L17: =IF(VLOOKUP(H12,'クラス別一覧（入力）'!$A$9:$AJ$29,27)="","",VLOOKUP(H12,'クラス別一覧（入力）'!$A$9:$AJ$29,27)) -> 美 | M17: =IF(VLOOKUP(H12,'クラス別一覧（入力）'!$A$9:$AJ$29,34)="","",VLOOKUP(H12,'クラス別一覧（入力）'!$A$9:$AJ$29,34)) -> 保体 | O17: 4 | P17: =IF(VLOOKUP(O12,'クラス別一覧（入力）'!$A$9:$AJ$29,6)="","",VLOOKUP(O12,'クラス別一覧（入力）'!$A$9:$AJ$29,6)) -> 国 | Q17: =IF(VLOOKUP(O12,'クラス別一覧（入力）'!$A$9:$AJ$29,13)="","",VLOOKUP(O12,'クラス別一覧（入力）'!$A$9:$AJ$29,13)) -> 理 | R17: =IF(VLOOKUP(O12,'クラス別一覧（入力）'!$A$9:$AJ$29,20)="","",VLOOKUP(O12,'クラス別一覧（入力）'!$A$9:$AJ$29,20)) -> 家 | S17: =IF(VLOOKUP(O12,'クラス別一覧（入力）'!$A$9:$AJ$29,27)="","",VLOOKUP(O12,'クラス別一覧（入力）'!$A$9:$AJ$29,27)) -> 国 | T17: =IF(VLOOKUP(O12,'クラス別一覧（入力）'!$A$9:$AJ$29,34)="","",VLOOKUP(O12,'クラス別一覧（入力）'!$A$9:$AJ$29,34)) -> 保体
A18: 5 | B18: =IF(VLOOKUP(A12,'クラス別一覧（入力）'!$A$9:$AJ$29,7)="","",VLOOKUP(A12,'クラス別一覧（入力）'!$A$9:$AJ$29,7)) -> 数 | C18: =IF(VLOOKUP(A12,'クラス別一覧（入力）'!$A$9:$AJ$29,14)="","",VLOOKUP(A12,'クラス別一覧（入力）'!$A$9:$AJ$29,14)) -> 英 | D18: =IF(VLOOKUP(A12,'クラス別一覧（入力）'!$A$9:$AJ$29,21)="","",VLOOKUP(A12,'クラス別一覧（入力）'!$A$9:$AJ$29,21)) -> 数 | E18: =IF(VLOOKUP(A12,'クラス別一覧（入力）'!$A$9:$AJ$29,28)="","",VLOOKUP(A12,'クラス別一覧（入力）'!$A$9:$AJ$29,28)) -> 保体 | F18: =IF(VLOOKUP(A12,'クラス別一覧（入力）'!$A$9:$AJ$29,35)="","",VLOOKUP(A12,'クラス別一覧（入力）'!$A$9:$AJ$29,35)) -> 理 | H18: 5 | I18: =IF(VLOOKUP(H12,'クラス別一覧（入力）'!$A$9:$AJ$29,7)="","",VLOOKUP(H12,'クラス別一覧（入力）'!$A$9:$AJ$29,7)) -> 社 | J18: =IF(VLOOKUP(H12,'クラス別一覧（入力）'!$A$9:$AJ$29,14)="","",VLOOKUP(H12,'クラス別一覧（入力）'!$A$9:$AJ$29,14)) -> 理 | K18: =IF(VLOOKUP(H12,'クラス別一覧（入力）'!$A$9:$AJ$29,21)="","",VLOOKUP(H12,'クラス別一覧（入力）'!$A$9:$AJ$29,21)) -> 保体 | L18: =IF(VLOOKUP(H12,'クラス別一覧（入力）'!$A$9:$AJ$29,28)="","",VLOOKUP(H12,'クラス別一覧（入力）'!$A$9:$AJ$29,28)) -> 国 | M18: =IF(VLOOKUP(H12,'クラス別一覧（入力）'!$A$9:$AJ$29,35)="","",VLOOKUP(H12,'クラス別一覧（入力）'!$A$9:$AJ$29,35)) -> 英 | O18: 5 | P18: =IF(VLOOKUP(O12,'クラス別一覧（入力）'!$A$9:$AJ$29,7)="","",VLOOKUP(O12,'クラス別一覧（入力）'!$A$9:$AJ$29,7)) -> 理 | Q18: =IF(VLOOKUP(O12,'クラス別一覧（入力）'!$A$9:$AJ$29,14)="","",VLOOKUP(O12,'クラス別一覧（入力）'!$A$9:$AJ$29,14)) -> 国 | R18: =IF(VLOOKUP(O12,'クラス別一覧（入力）'!$A$9:$AJ$29,21)="","",VLOOKUP(O12,'クラス別一覧（入力）'!$A$9:$AJ$29,21)) -> 保体 | S18: =IF(VLOOKUP(O12,'クラス別一覧（入力）'!$A$9:$AJ$29,28)="","",VLOOKUP(O12,'クラス別一覧（入力）'!$A$9:$AJ$29,28)) -> 数 | T18: =IF(VLOOKUP(O12,'クラス別一覧（入力）'!$A$9:$AJ$29,35)="","",VLOOKUP(O12,'クラス別一覧（入力）'!$A$9:$AJ$29,35)) -> 美
A19: 6 | B19: =IF(VLOOKUP(A12,'クラス別一覧（入力）'!$A$9:$AJ$29,8)="","",VLOOKUP(A12,'クラス別一覧（入力）'!$A$9:$AJ$29,8)) -> 道 | C19: =IF(VLOOKUP(A12,'クラス別一覧（入力）'!$A$9:$AJ$29,15)="","",VLOOKUP(A12,'クラス別一覧（入力）'!$A$9:$AJ$29,15)) -> 美 | D19: =IF(VLOOKUP(A12,'クラス別一覧（入力）'!$A$9:$AJ$29,22)="","",VLOOKUP(A12,'クラス別一覧（入力）'!$A$9:$AJ$29,22)) -> 学 | E19: =IF(VLOOKUP(A12,'クラス別一覧（入力）'!$A$9:$AJ$29,29)="","",VLOOKUP(A12,'クラス別一覧（入力）'!$A$9:$AJ$29,29)) | F19: =IF(VLOOKUP(A12,'クラス別一覧（入力）'!$A$9:$AJ$29,36)="","",VLOOKUP(A12,'クラス別一覧（入力）'!$A$9:$AJ$29,36)) -> 総 | H19: 6 | I19: =IF(VLOOKUP(H12,'クラス別一覧（入力）'!$A$9:$AJ$29,8)="","",VLOOKUP(H12,'クラス別一覧（入力）'!$A$9:$AJ$29,8)) -> 道 | J19: =IF(VLOOKUP(H12,'クラス別一覧（入力）'!$A$9:$AJ$29,15)="","",VLOOKUP(H12,'クラス別一覧（入力）'!$A$9:$AJ$29,15)) -> 国 | K19: =IF(VLOOKUP(H12,'クラス別一覧（入力）'!$A$9:$AJ$29,22)="","",VLOOKUP(H12,'クラス別一覧（入力）'!$A$9:$AJ$29,22)) -> 学 | L19: =IF(VLOOKUP(H12,'クラス別一覧（入力）'!$A$9:$AJ$29,29)="","",VLOOKUP(H12,'クラス別一覧（入力）'!$A$9:$AJ$29,29)) | M19: =IF(VLOOKUP(H12,'クラス別一覧（入力）'!$A$9:$AJ$29,36)="","",VLOOKUP(H12,'クラス別一覧（入力）'!$A$9:$AJ$29,36)) -> 総 | O19: 6 | P19: =IF(VLOOKUP(O12,'クラス別一覧（入力）'!$A$9:$AJ$29,8)="","",VLOOKUP(O12,'クラス別一覧（入力）'!$A$9:$AJ$29,8)) -> 道 | Q19: =IF(VLOOKUP(O12,'クラス別一覧（入力）'!$A$9:$AJ$29,15)="","",VLOOKUP(O12,'クラス別一覧（入力）'!$A$9:$AJ$29,15)) -> 数 | R19: =IF(VLOOKUP(O12,'クラス別一覧（入力）'!$A$9:$AJ$29,22)="","",VLOOKUP(O12,'クラス別一覧（入力）'!$A$9:$AJ$29,22)) -> 学 | S19: =IF(VLOOKUP(O12,'クラス別一覧（入力）'!$A$9:$AJ$29,29)="","",VLOOKUP(O12,'クラス別一覧（入力）'!$A$9:$AJ$29,29)) | T19: =IF(VLOOKUP(O12,'クラス別一覧（入力）'!$A$9:$AJ$29,36)="","",VLOOKUP(O12,'クラス別一覧（入力）'!$A$9:$AJ$29,36)) -> 総
A21: 時間割（本） | C21: ２Ａ | H21: 時間割（本） | J21: ２Ｂ | O21: 時間割（本） | Q21: ２Ｃ
A22: 7 | H22: 8 | O22: 9
B23: 月 | C23: 火 | D23: 水 | E23: 木 | F23: 金 | I23: 月 | J23: 火 | K23: 水 | L23: 木 | M23: 金 | P23: 月 | Q23: 火 | R23: 水 | S23: 木 | T23: 金
A24: 1 | B24: =IF(VLOOKUP(A22,'クラス別一覧（入力）'!$A$9:$AJ$29,3)="","",VLOOKUP(A22,'クラス別一覧（入力）'!$A$9:$AJ$29,3)) -> 保体 | C24: =IF(VLOOKUP(A22,'クラス別一覧（入力）'!$A$9:$AJ$29,10)="","",VLOOKUP(A22,'クラス別一覧（入力）'!$A$9:$AJ$29,10)) -> 英 | D24: =IF(VLOOKUP(A22,'クラス別一覧（入力）'!$A$9:$AJ$29,17)="","",VLOOKUP(A22,'クラス別一覧（入力）'!$A$9:$AJ$29,17)) -> 保体 | E24: =IF(VLOOKUP(A22,'クラス別一覧（入力）'!$A$9:$AJ$29,24)="","",VLOOKUP(A22,'クラス別一覧（入力）'!$A$9:$AJ$29,24)) -> 理 | F24: =IF(VLOOKUP(A22,'クラス別一覧（入力）'!$A$9:$AJ$29,31)="","",VLOOKUP(A22,'クラス別一覧（入力）'!$A$9:$AJ$29,31)) -> 理 | H24: 1 | I24: =IF(VLOOKUP(H22,'クラス別一覧（入力）'!$A$9:$AJ$29,3)="","",VLOOKUP(H22,'クラス別一覧（入力）'!$A$9:$AJ$29,3)) -> 保体 | J24: =IF(VLOOKUP(H22,'クラス別一覧（入力）'!$A$9:$AJ$29,10)="","",VLOOKUP(H22,'クラス別一覧（入力）'!$A$9:$AJ$29,10)) -> 理 | K24: =IF(VLOOKUP(H22,'クラス別一覧（入力）'!$A$9:$AJ$29,17)="","",VLOOKUP(H22,'クラス別一覧（入力）'!$A$9:$AJ$29,17)) -> 保体 | L24: =IF(VLOOKUP(H22,'クラス別一覧（入力）'!$A$9:$AJ$29,24)="","",VLOOKUP(H22,'クラス別一覧（入力）'!$A$9:$AJ$29,24)) -> 英 | M24: =IF(VLOOKUP(H22,'クラス別一覧（入力）'!$A$9:$AJ$29,31)="","",VLOOKUP(H22,'クラス別一覧（入力）'!$A$9:$AJ$29,31)) -> 数 | O24: 1 | P24: =IF(VLOOKUP(O22,'クラス別一覧（入力）'!$A$9:$AJ$29,3)="","",VLOOKUP(O22,'クラス別一覧（入力）'!$A$9:$AJ$29,3)) -> 理 | Q24: =IF(VLOOKUP(O22,'クラス別一覧（入力）'!$A$9:$AJ$29,10)="","",VLOOKUP(O22,'クラス別一覧（入力）'!$A$9:$AJ$29,10)) -> 国Ⅰ | R24: =IF(VLOOKUP(O22,'クラス別一覧（入力）'!$A$9:$AJ$29,17)="","",VLOOKUP(O22,'クラス別一覧（入力）'!$A$9:$AJ$29,17)) -> 社 | S24: =IF(VLOOKUP(O22,'クラス別一覧（入力）'!$A$9:$AJ$29,24)="","",VLOOKUP(O22,'クラス別一覧（入力）'!$A$9:$AJ$29,24)) -> 数 | T24: =IF(VLOOKUP(O22,'クラス別一覧（入力）'!$A$9:$AJ$29,31)="","",VLOOKUP(O22,'クラス別一覧（入力）'!$A$9:$AJ$29,31)) -> 国Ⅰ
A25: 2 | B25: =IF(VLOOKUP(A22,'クラス別一覧（入力）'!$A$9:$AJ$29,4)="","",VLOOKUP(A22,'クラス別一覧（入力）'!$A$9:$AJ$29,4)) -> 数 | C25: =IF(VLOOKUP(A22,'クラス別一覧（入力）'!$A$9:$AJ$29,11)="","",VLOOKUP(A22,'クラス別一覧（入力）'!$A$9:$AJ$29,11)) -> 美 | D25: =IF(VLOOKUP(A22,'クラス別一覧（入力）'!$A$9:$AJ$29,18)="","",VLOOKUP(A22,'クラス別一覧（入力）'!$A$9:$AJ$29,18)) -> 社 | E25: =IF(VLOOKUP(A22,'クラス別一覧（入力）'!$A$9:$AJ$29,25)="","",VLOOKUP(A22,'クラス別一覧（入力）'!$A$9:$AJ$29,25)) -> 家 | F25: =IF(VLOOKUP(A22,'クラス別一覧（入力）'!$A$9:$AJ$29,32)="","",VLOOKUP(A22,'クラス別一覧（入力）'!$A$9:$AJ$29,32)) -> 国Ⅰ | H25: 2 | I25: =IF(VLOOKUP(H22,'クラス別一覧（入力）'!$A$9:$AJ$29,4)="","",VLOOKUP(H22,'クラス別一覧（入力）'!$A$9:$AJ$29,4)) -> 国Ⅱ | J25: =IF(VLOOKUP(H22,'クラス別一覧（入力）'!$A$9:$AJ$29,11)="","",VLOOKUP(H22,'クラス別一覧（入力）'!$A$9:$AJ$29,11)) -> 英 | K25: =IF(VLOOKUP(H22,'クラス別一覧（入力）'!$A$9:$AJ$29,18)="","",VLOOKUP(H22,'クラス別一覧（入力）'!$A$9:$AJ$29,18)) -> 国Ⅰ | L25: =IF(VLOOKUP(H22,'クラス別一覧（入力）'!$A$9:$AJ$29,25)="","",VLOOKUP(H22,'クラス別一覧（入力）'!$A$9:$AJ$29,25)) -> 技 | M25: =IF(VLOOKUP(H22,'クラス別一覧（入力）'!$A$9:$AJ$29,32)="","",VLOOKUP(H22,'クラス別一覧（入力）'!$A$9:$AJ$29,32)) -> 音 | O25: 2 | P25: =IF(VLOOKUP(O22,'クラス別一覧（入力）'!$A$9:$AJ$29,4)="","",VLOOKUP(O22,'クラス別一覧（入力）'!$A$9:$AJ$29,4)) -> 英 | Q25: =IF(VLOOKUP(O22,'クラス別一覧（入力）'!$A$9:$AJ$29,11)="","",VLOOKUP(O22,'クラス別一覧（入力）'!$A$9:$AJ$29,11)) -> 保体 | R25: =IF(VLOOKUP(O22,'クラス別一覧（入力）'!$A$9:$AJ$29,18)="","",VLOOKUP(O22,'クラス別一覧（入力）'!$A$9:$AJ$29,18)) -> 数 | S25: =IF(VLOOKUP(O22,'クラス別一覧（入力）'!$A$9:$AJ$29,25)="","",VLOOKUP(O22,'クラス別一覧（入力）'!$A$9:$AJ$29,25)) -> 社 | T25: =IF(VLOOKUP(O22,'クラス別一覧（入力）'!$A$9:$AJ$29,32)="","",VLOOKUP(O22,'クラス別一覧（入力）'!$A$9:$AJ$29,32)) -> 理
A26: 3 | B26: =IF(VLOOKUP(A22,'クラス別一覧（入力）'!$A$9:$AJ$29,5)="","",VLOOKUP(A22,'クラス別一覧（入力）'!$A$9:$AJ$29,5)) -> 社 | C26: =IF(VLOOKUP(A22,'クラス別一覧（入力）'!$A$9:$AJ$29,12)="","",VLOOKUP(A22,'クラス別一覧（入力）'!$A$9:$AJ$29,12)) -> 理 | D26: =IF(VLOOKUP(A22,'クラス別一覧（入力）'!$A$9:$AJ$29,19)="","",VLOOKUP(A22,'クラス別一覧（入力）'!$A$9:$AJ$29,19)) -> 数 | E26: =IF(VLOOKUP(A22,'クラス別一覧（入力）'!$A$9:$AJ$29,26)="","",VLOOKUP(A22,'クラス別一覧（入力）'!$A$9:$AJ$29,26)) -> 国Ⅰ | F26: =IF(VLOOKUP(A22,'クラス別一覧（入力）'!$A$9:$AJ$29,33)="","",VLOOKUP(A22,'クラス別一覧（入力）'!$A$9:$AJ$29,33)) -> 音 | H26: 3 | I26: =IF(VLOOKUP(H22,'クラス別一覧（入力）'!$A$9:$AJ$29,5)="","",VLOOKUP(H22,'クラス別一覧（入力）'!$A$9:$AJ$29,5)) -> 数 | J26: =IF(VLOOKUP(H22,'クラス別一覧（入力）'!$A$9:$AJ$29,12)="","",VLOOKUP(H22,'クラス別一覧（入力）'!$A$9:$AJ$29,12)) -> 美 | K26: =IF(VLOOKUP(H22,'クラス別一覧（入力）'!$A$9:$AJ$29,19)="","",VLOOKUP(H22,'クラス別一覧（入力）'!$A$9:$AJ$29,19)) -> 社 | L26: =IF(VLOOKUP(H22,'クラス別一覧（入力）'!$A$9:$AJ$29,26)="","",VLOOKUP(H22,'クラス別一覧（入力）'!$A$9:$AJ$29,26)) -> 理 | M26: =IF(VLOOKUP(H22,'クラス別一覧（入力）'!$A$9:$AJ$29,33)="","",VLOOKUP(H22,'クラス別一覧（入力）'!$A$9:$AJ$29,33)) -> 英 | O26: 3 | P26: =IF(VLOOKUP(O22,'クラス別一覧（入力）'!$A$9:$AJ$29,5)="","",VLOOKUP(O22,'クラス別一覧（入力）'!$A$9:$AJ$29,5)) -> 社 | Q26: =IF(VLOOKUP(O22,'クラス別一覧（入力）'!$A$9:$AJ$29,12)="","",VLOOKUP(O22,'クラス別一覧（入力）'!$A$9:$AJ$29,12)) -> 英 | R26: =IF(VLOOKUP(O22,'クラス別一覧（入力）'!$A$9:$AJ$29,19)="","",VLOOKUP(O22,'クラス別一覧（入力）'!$A$9:$AJ$29,19)) -> 保体 | S26: =IF(VLOOKUP(O22,'クラス別一覧（入力）'!$A$9:$AJ$29,26)="","",VLOOKUP(O22,'クラス別一覧（入力）'!$A$9:$AJ$29,26)) -> 家 | T26: =IF(VLOOKUP(O22,'クラス別一覧（入力）'!$A$9:$AJ$29,33)="","",VLOOKUP(O22,'クラス別一覧（入力）'!$A$9:$AJ$29,33)) -> 美
A27: 4 | B27: =IF(VLOOKUP(A22,'クラス別一覧（入力）'!$A$9:$AJ$29,6)="","",VLOOKUP(A22,'クラス別一覧（入力）'!$A$9:$AJ$29,6)) -> 理 | C27: =IF(VLOOKUP(A22,'クラス別一覧（入力）'!$A$9:$AJ$29,13)="","",VLOOKUP(A22,'クラス別一覧（入力）'!$A$9:$AJ$29,13)) -> 数 | D27: =IF(VLOOKUP(A22,'クラス別一覧（入力）'!$A$9:$AJ$29,20)="","",VLOOKUP(A22,'クラス別一覧（入力）'!$A$9:$AJ$29,20)) -> 英 | E27: =IF(VLOOKUP(A22,'クラス別一覧（入力）'!$A$9:$AJ$29,27)="","",VLOOKUP(A22,'クラス別一覧（入力）'!$A$9:$AJ$29,27)) -> 保体 | F27: =IF(VLOOKUP(A22,'クラス別一覧（入力）'!$A$9:$AJ$29,34)="","",VLOOKUP(A22,'クラス別一覧（入力）'!$A$9:$AJ$29,34)) -> 英 | H27: 4 | I27: =IF(VLOOKUP(H22,'クラス別一覧（入力）'!$A$9:$AJ$29,6)="","",VLOOKUP(H22,'クラス別一覧（入力）'!$A$9:$AJ$29,6)) -> 社 | J27: =IF(VLOOKUP(H22,'クラス別一覧（入力）'!$A$9:$AJ$29,13)="","",VLOOKUP(H22,'クラス別一覧（入力）'!$A$9:$AJ$29,13)) -> 社 | K27: =IF(VLOOKUP(H22,'クラス別一覧（入力）'!$A$9:$AJ$29,20)="","",VLOOKUP(H22,'クラス別一覧（入力）'!$A$9:$AJ$29,20)) -> 理 | L27: =IF(VLOOKUP(H22,'クラス別一覧（入力）'!$A$9:$AJ$29,27)="","",VLOOKUP(H22,'クラス別一覧（入力）'!$A$9:$AJ$29,27)) -> 保体 | M27: =IF(VLOOKUP(H22,'クラス別一覧（入力）'!$A$9:$AJ$29,34)="","",VLOOKUP(H22,'クラス別一覧（入力）'!$A$9:$AJ$29,34)) -> 理 | O27: 4 | P27: =IF(VLOOKUP(O22,'クラス別一覧（入力）'!$A$9:$AJ$29,6)="","",VLOOKUP(O22,'クラス別一覧（入力）'!$A$9:$AJ$29,6)) -> 技 | Q27: =IF(VLOOKUP(O22,'クラス別一覧（入力）'!$A$9:$AJ$29,13)="","",VLOOKUP(O22,'クラス別一覧（入力）'!$A$9:$AJ$29,13)) -> 理 | R27: =IF(VLOOKUP(O22,'クラス別一覧（入力）'!$A$9:$AJ$29,20)="","",VLOOKUP(O22,'クラス別一覧（入力）'!$A$9:$AJ$29,20)) -> 国Ⅰ | S27: =IF(VLOOKUP(O22,'クラス別一覧（入力）'!$A$9:$AJ$29,27)="","",VLOOKUP(O22,'クラス別一覧（入力）'!$A$9:$AJ$29,27)) -> 英 | T27: =IF(VLOOKUP(O22,'クラス別一覧（入力）'!$A$9:$AJ$29,34)="","",VLOOKUP(O22,'クラス別一覧（入力）'!$A$9:$AJ$29,34)) -> 英
A28: 5 | B28: =IF(VLOOKUP(A22,'クラス別一覧（入力）'!$A$9:$AJ$29,7)="","",VLOOKUP(A22,'クラス別一覧（入力）'!$A$9:$AJ$29,7)) -> 国Ⅰ | C28: =IF(VLOOKUP(A22,'クラス別一覧（入力）'!$A$9:$AJ$29,14)="","",VLOOKUP(A22,'クラス別一覧（入力）'!$A$9:$AJ$29,14)) -> 国Ⅱ | D28: =IF(VLOOKUP(A22,'クラス別一覧（入力）'!$A$9:$AJ$29,21)="","",VLOOKUP(A22,'クラス別一覧（入力）'!$A$9:$AJ$29,21)) -> 技 | E28: =IF(VLOOKUP(A22,'クラス別一覧（入力）'!$A$9:$AJ$29,28)="","",VLOOKUP(A22,'クラス別一覧（入力）'!$A$9:$AJ$29,28)) -> 英 | F28: =IF(VLOOKUP(A22,'クラス別一覧（入力）'!$A$9:$AJ$29,35)="","",VLOOKUP(A22,'クラス別一覧（入力）'!$A$9:$AJ$29,35)) -> 社 | H28: 5 | I28: =IF(VLOOKUP(H22,'クラス別一覧（入力）'!$A$9:$AJ$29,7)="","",VLOOKUP(H22,'クラス別一覧（入力）'!$A$9:$AJ$29,7)) -> 家 | J28: =IF(VLOOKUP(H22,'クラス別一覧（入力）'!$A$9:$AJ$29,14)="","",VLOOKUP(H22,'クラス別一覧（入力）'!$A$9:$AJ$29,14)) -> 国Ⅰ | K28: =IF(VLOOKUP(H22,'クラス別一覧（入力）'!$A$9:$AJ$29,21)="","",VLOOKUP(H22,'クラス別一覧（入力）'!$A$9:$AJ$29,21)) -> 英 | L28: =IF(VLOOKUP(H22,'クラス別一覧（入力）'!$A$9:$AJ$29,28)="","",VLOOKUP(H22,'クラス別一覧（入力）'!$A$9:$AJ$29,28)) -> 数 | M28: =IF(VLOOKUP(H22,'クラス別一覧（入力）'!$A$9:$AJ$29,35)="","",VLOOKUP(H22,'クラス別一覧（入力）'!$A$9:$AJ$29,35)) -> 国Ⅰ | O28: 5 | P28: =IF(VLOOKUP(O22,'クラス別一覧（入力）'!$A$9:$AJ$29,7)="","",VLOOKUP(O22,'クラス別一覧（入力）'!$A$9:$AJ$29,7)) -> 国Ⅱ | Q28: =IF(VLOOKUP(O22,'クラス別一覧（入力）'!$A$9:$AJ$29,14)="","",VLOOKUP(O22,'クラス別一覧（入力）'!$A$9:$AJ$29,14)) -> 数 | R28: =IF(VLOOKUP(O22,'クラス別一覧（入力）'!$A$9:$AJ$29,21)="","",VLOOKUP(O22,'クラス別一覧（入力）'!$A$9:$AJ$29,21)) -> 理 | S28: =IF(VLOOKUP(O22,'クラス別一覧（入力）'!$A$9:$AJ$29,28)="","",VLOOKUP(O22,'クラス別一覧（入力）'!$A$9:$AJ$29,28)) -> 音 | T28: =IF(VLOOKUP(O22,'クラス別一覧（入力）'!$A$9:$AJ$29,35)="","",VLOOKUP(O22,'クラス別一覧（入力）'!$A$9:$AJ$29,35)) -> 保体
A29: 6 | B29: =IF(VLOOKUP(A22,'クラス別一覧（入力）'!$A$9:$AJ$29,8)="","",VLOOKUP(A22,'クラス別一覧（入力）'!$A$9:$AJ$29,8)) -> 道 | C29: =IF(VLOOKUP(A22,'クラス別一覧（入力）'!$A$9:$AJ$29,15)="","",VLOOKUP(A22,'クラス別一覧（入力）'!$A$9:$AJ$29,15)) -> 総 | D29: =IF(VLOOKUP(A22,'クラス別一覧（入力）'!$A$9:$AJ$29,22)="","",VLOOKUP(A22,'クラス別一覧（入力）'!$A$9:$AJ$29,22)) -> 学 | E29: =IF(VLOOKUP(A22,'クラス別一覧（入力）'!$A$9:$AJ$29,29)="","",VLOOKUP(A22,'クラス別一覧（入力）'!$A$9:$AJ$29,29)) | F29: =IF(VLOOKUP(A22,'クラス別一覧（入力）'!$A$9:$AJ$29,36)="","",VLOOKUP(A22,'クラス別一覧（入力）'!$A$9:$AJ$29,36)) -> 総 | H29: 6 | I29: =IF(VLOOKUP(H22,'クラス別一覧（入力）'!$A$9:$AJ$29,8)="","",VLOOKUP(H22,'クラス別一覧（入力）'!$A$9:$AJ$29,8)) -> 道 | J29: =IF(VLOOKUP(H22,'クラス別一覧（入力）'!$A$9:$AJ$29,15)="","",VLOOKUP(H22,'クラス別一覧（入力）'!$A$9:$AJ$29,15)) -> 総 | K29: =IF(VLOOKUP(H22,'クラス別一覧（入力）'!$A$9:$AJ$29,22)="","",VLOOKUP(H22,'クラス別一覧（入力）'!$A$9:$AJ$29,22)) -> 学 | L29: =IF(VLOOKUP(H22,'クラス別一覧（入力）'!$A$9:$AJ$29,29)="","",VLOOKUP(H22,'クラス別一覧（入力）'!$A$9:$AJ$29,29)) | M29: =IF(VLOOKUP(H22,'クラス別一覧（入力）'!$A$9:$AJ$29,36)="","",VLOOKUP(H22,'クラス別一覧（入力）'!$A$9:$AJ$29,36)) -> 総 | O29: 6 | P29: =IF(VLOOKUP(O22,'クラス別一覧（入力）'!$A$9:$AJ$29,8)="","",VLOOKUP(O22,'クラス別一覧（入力）'!$A$9:$AJ$29,8)) -> 道 | Q29: =IF(VLOOKUP(O22,'クラス別一覧（入力）'!$A$9:$AJ$29,15)="","",VLOOKUP(O22,'クラス別一覧（入力）'!$A$9:$AJ$29,15)) -> 総 | R29: =IF(VLOOKUP(O22,'クラス別一覧（入力）'!$A$9:$AJ$29,22)="","",VLOOKUP(O22,'クラス別一覧（入力）'!$A$9:$AJ$29,22)) -> 学 | S29: =IF(VLOOKUP(O22,'クラス別一覧（入力）'!$A$9:$AJ$29,29)="","",VLOOKUP(O22,'クラス別一覧（入力）'!$A$9:$AJ$29,29)) | T29: =IF(VLOOKUP(O22,'クラス別一覧（入力）'!$A$9:$AJ$29,36)="","",VLOOKUP(O22,'クラス別一覧（入力）'!$A$9:$AJ$29,36)) -> 総
A31: 時間割（本） | C31: ２Ｄ | H31: 時間割（本） | J31: ２Ｅ | O31: 時間割（本） | Q31: ３Ａ
A32: 10 | H32: 11 | O32: 12
B33: 月 | C33: 火 | D33: 水 | E33: 木 | F33: 金 | I33: 月 | J33: 火 | K33: 水 | L33: 木 | M33: 金 | P33: 月 | Q33: 火 | R33: 水 | S33: 木 | T33: 金
A34: 1 | B34: =IF(VLOOKUP(A32,'クラス別一覧（入力）'!$A$9:$AJ$29,3)="","",VLOOKUP(A32,'クラス別一覧（入力）'!$A$9:$AJ$29,3)) -> 英 | C34: =IF(VLOOKUP(A32,'クラス別一覧（入力）'!$A$9:$AJ$29,10)="","",VLOOKUP(A32,'クラス別一覧（入力）'!$A$9:$AJ$29,10)) -> 数 | D34: =IF(VLOOKUP(A32,'クラス別一覧（入力）'!$A$9:$AJ$29,17)="","",VLOOKUP(A32,'クラス別一覧（入力）'!$A$9:$AJ$29,17)) -> 国Ⅰ | E34: =IF(VLOOKUP(A32,'クラス別一覧（入力）'!$A$9:$AJ$29,24)="","",VLOOKUP(A32,'クラス別一覧（入力）'!$A$9:$AJ$29,24)) -> 家 | F34: =IF(VLOOKUP(A32,'クラス別一覧（入力）'!$A$9:$AJ$29,31)="","",VLOOKUP(A32,'クラス別一覧（入力）'!$A$9:$AJ$29,31)) -> 社 | H34: 1 | I34: =IF(VLOOKUP(H32,'クラス別一覧（入力）'!$A$9:$AJ$29,3)="","",VLOOKUP(H32,'クラス別一覧（入力）'!$A$9:$AJ$29,3)) -> 数 | J34: =IF(VLOOKUP(H32,'クラス別一覧（入力）'!$A$9:$AJ$29,10)="","",VLOOKUP(H32,'クラス別一覧（入力）'!$A$9:$AJ$29,10)) -> 社 | K34: =IF(VLOOKUP(H32,'クラス別一覧（入力）'!$A$9:$AJ$29,17)="","",VLOOKUP(H32,'クラス別一覧（入力）'!$A$9:$AJ$29,17)) -> 理 | L34: =IF(VLOOKUP(H32,'クラス別一覧（入力）'!$A$9:$AJ$29,24)="","",VLOOKUP(H32,'クラス別一覧（入力）'!$A$9:$AJ$29,24)) -> 技 | M34: =IF(VLOOKUP(H32,'クラス別一覧（入力）'!$A$9:$AJ$29,31)="","",VLOOKUP(H32,'クラス別一覧（入力）'!$A$9:$AJ$29,31)) -> 英 | O34: 1 | P34: =IF(VLOOKUP(O32,'クラス別一覧（入力）'!$A$9:$AJ$29,3)="","",VLOOKUP(O32,'クラス別一覧（入力）'!$A$9:$AJ$29,3)) -> 国 | Q34: =IF(VLOOKUP(O32,'クラス別一覧（入力）'!$A$9:$AJ$29,10)="","",VLOOKUP(O32,'クラス別一覧（入力）'!$A$9:$AJ$29,10)) -> 理 | R34: =IF(VLOOKUP(O32,'クラス別一覧（入力）'!$A$9:$AJ$29,17)="","",VLOOKUP(O32,'クラス別一覧（入力）'!$A$9:$AJ$29,17)) -> 英 | S34: =IF(VLOOKUP(O32,'クラス別一覧（入力）'!$A$9:$AJ$29,24)="","",VLOOKUP(O32,'クラス別一覧（入力）'!$A$9:$AJ$29,24)) -> 社 | T34: =IF(VLOOKUP(O32,'クラス別一覧（入力）'!$A$9:$AJ$29,31)="","",VLOOKUP(O32,'クラス別一覧（入力）'!$A$9:$AJ$29,31)) -> 保体
A35: 2 | B35: =IF(VLOOKUP(A32,'クラス別一覧（入力）'!$A$9:$AJ$29,4)="","",VLOOKUP(A32,'クラス別一覧（入力）'!$A$9:$AJ$29,4)) -> 社 | C35: =IF(VLOOKUP(A32,'クラス別一覧（入力）'!$A$9:$AJ$29,11)="","",VLOOKUP(A32,'クラス別一覧（入力）'!$A$9:$AJ$29,11)) -> 社 | D35: =IF(VLOOKUP(A32,'クラス別一覧（入力）'!$A$9:$AJ$29,18)="","",VLOOKUP(A32,'クラス別一覧（入力）'!$A$9:$AJ$29,18)) -> 保体 | E35: =IF(VLOOKUP(A32,'クラス別一覧（入力）'!$A$9:$AJ$29,25)="","",VLOOKUP(A32,'クラス別一覧（入力）'!$A$9:$AJ$29,25)) -> 国Ⅰ | F35: =IF(VLOOKUP(A32,'クラス別一覧（入力）'!$A$9:$AJ$29,32)="","",VLOOKUP(A32,'クラス別一覧（入力）'!$A$9:$AJ$29,32)) -> 美 | H35: 2 | I35: =IF(VLOOKUP(H32,'クラス別一覧（入力）'!$A$9:$AJ$29,4)="","",VLOOKUP(H32,'クラス別一覧（入力）'!$A$9:$AJ$29,4)) -> 理 | J35: =IF(VLOOKUP(H32,'クラス別一覧（入力）'!$A$9:$AJ$29,11)="","",VLOOKUP(H32,'クラス別一覧（入力）'!$A$9:$AJ$29,11)) -> 数 | K35: =IF(VLOOKUP(H32,'クラス別一覧（入力）'!$A$9:$AJ$29,18)="","",VLOOKUP(H32,'クラス別一覧（入力）'!$A$9:$AJ$29,18)) -> 保体 | L35: =IF(VLOOKUP(H32,'クラス別一覧（入力）'!$A$9:$AJ$29,25)="","",VLOOKUP(H32,'クラス別一覧（入力）'!$A$9:$AJ$29,25)) -> 理 | M35: =IF(VLOOKUP(H32,'クラス別一覧（入力）'!$A$9:$AJ$29,32)="","",VLOOKUP(H32,'クラス別一覧（入力）'!$A$9:$AJ$29,32)) -> 数 | O35: 2 | P35: =IF(VLOOKUP(O32,'クラス別一覧（入力）'!$A$9:$AJ$29,4)="","",VLOOKUP(O32,'クラス別一覧（入力）'!$A$9:$AJ$29,4)) -> 社 | Q35: =IF(VLOOKUP(O32,'クラス別一覧（入力）'!$A$9:$AJ$29,11)="","",VLOOKUP(O32,'クラス別一覧（入力）'!$A$9:$AJ$29,11)) -> 保体 | R35: =IF(VLOOKUP(O32,'クラス別一覧（入力）'!$A$9:$AJ$29,18)="","",VLOOKUP(O32,'クラス別一覧（入力）'!$A$9:$AJ$29,18)) -> 国 | S35: =IF(VLOOKUP(O32,'クラス別一覧（入力）'!$A$9:$AJ$29,25)="","",VLOOKUP(O32,'クラス別一覧（入力）'!$A$9:$AJ$29,25)) -> 理 | T35: =IF(VLOOKUP(O32,'クラス別一覧（入力）'!$A$9:$AJ$29,32)="","",VLOOKUP(O32,'クラス別一覧（入力）'!$A$9:$AJ$29,32)) -> 国
A36: 3 | B36: =IF(VLOOKUP(A32,'クラス別一覧（入力）'!$A$9:$AJ$29,5)="","",VLOOKUP(A32,'クラス別一覧（入力）'!$A$9:$AJ$29,5)) -> 理 | C36: =IF(VLOOKUP(A32,'クラス別一覧（入力）'!$A$9:$AJ$29,12)="","",VLOOKUP(A32,'クラス別一覧（入力）'!$A$9:$AJ$29,12)) -> 保体 | D36: =IF(VLOOKUP(A32,'クラス別一覧（入力）'!$A$9:$AJ$29,19)="","",VLOOKUP(A32,'クラス別一覧（入力）'!$A$9:$AJ$29,19)) -> 理 | E36: =IF(VLOOKUP(A32,'クラス別一覧（入力）'!$A$9:$AJ$29,26)="","",VLOOKUP(A32,'クラス別一覧（入力）'!$A$9:$AJ$29,26)) -> 保体 | F36: =IF(VLOOKUP(A32,'クラス別一覧（入力）'!$A$9:$AJ$29,33)="","",VLOOKUP(A32,'クラス別一覧（入力）'!$A$9:$AJ$29,33)) -> 理 | H36: 3 | I36: =IF(VLOOKUP(H32,'クラス別一覧（入力）'!$A$9:$AJ$29,5)="","",VLOOKUP(H32,'クラス別一覧（入力）'!$A$9:$AJ$29,5)) -> 国Ⅰ | J36: =IF(VLOOKUP(H32,'クラス別一覧（入力）'!$A$9:$AJ$29,12)="","",VLOOKUP(H32,'クラス別一覧（入力）'!$A$9:$AJ$29,12)) -> 保体 | K36: =IF(VLOOKUP(H32,'クラス別一覧（入力）'!$A$9:$AJ$29,19)="","",VLOOKUP(H32,'クラス別一覧（入力）'!$A$9:$AJ$29,19)) -> 英 | L36: =IF(VLOOKUP(H32,'クラス別一覧（入力）'!$A$9:$AJ$29,26)="","",VLOOKUP(H32,'クラス別一覧（入力）'!$A$9:$AJ$29,26)) -> 保体 | M36: =IF(VLOOKUP(H32,'クラス別一覧（入力）'!$A$9:$AJ$29,33)="","",VLOOKUP(H32,'クラス別一覧（入力）'!$A$9:$AJ$29,33)) -> 社 | O36: 3 | P36: =IF(VLOOKUP(O32,'クラス別一覧（入力）'!$A$9:$AJ$29,5)="","",VLOOKUP(O32,'クラス別一覧（入力）'!$A$9:$AJ$29,5)) -> 英 | Q36: =IF(VLOOKUP(O32,'クラス別一覧（入力）'!$A$9:$AJ$29,12)="","",VLOOKUP(O32,'クラス別一覧（入力）'!$A$9:$AJ$29,12)) -> 数 | R36: =IF(VLOOKUP(O32,'クラス別一覧（入力）'!$A$9:$AJ$29,19)="","",VLOOKUP(O32,'クラス別一覧（入力）'!$A$9:$AJ$29,19)) -> 保体 | S36: =IF(VLOOKUP(O32,'クラス別一覧（入力）'!$A$9:$AJ$29,26)="","",VLOOKUP(O32,'クラス別一覧（入力）'!$A$9:$AJ$29,26)) -> 数 | T36: =IF(VLOOKUP(O32,'クラス別一覧（入力）'!$A$9:$AJ$29,33)="","",VLOOKUP(O32,'クラス別一覧（入力）'!$A$9:$AJ$29,33)) -> 数
A37: 4 | B37: =IF(VLOOKUP(A32,'クラス別一覧（入力）'!$A$9:$AJ$29,6)="","",VLOOKUP(A32,'クラス別一覧（入力）'!$A$9:$AJ$29,6)) -> 国Ⅰ | C37: =IF(VLOOKUP(A32,'クラス別一覧（入力）'!$A$9:$AJ$29,13)="","",VLOOKUP(A32,'クラス別一覧（入力）'!$A$9:$AJ$29,13)) -> 国Ⅱ | D37: =IF(VLOOKUP(A32,'クラス別一覧（入力）'!$A$9:$AJ$29,20)="","",VLOOKUP(A32,'クラス別一覧（入力）'!$A$9:$AJ$29,20)) -> 数 | E37: =IF(VLOOKUP(A32,'クラス別一覧（入力）'!$A$9:$AJ$29,27)="","",VLOOKUP(A32,'クラス別一覧（入力）'!$A$9:$AJ$29,27)) -> 英 | F37: =IF(VLOOKUP(A32,'クラス別一覧（入力）'!$A$9:$AJ$29,34)="","",VLOOKUP(A32,'クラス別一覧（入力）'!$A$9:$AJ$29,34)) -> 数 | H37: 4 | I37: =IF(VLOOKUP(H32,'クラス別一覧（入力）'!$A$9:$AJ$29,6)="","",VLOOKUP(H32,'クラス別一覧（入力）'!$A$9:$AJ$29,6)) -> 家 | J37: =IF(VLOOKUP(H32,'クラス別一覧（入力）'!$A$9:$AJ$29,13)="","",VLOOKUP(H32,'クラス別一覧（入力）'!$A$9:$AJ$29,13)) -> 国Ⅰ | K37: =IF(VLOOKUP(H32,'クラス別一覧（入力）'!$A$9:$AJ$29,20)="","",VLOOKUP(H32,'クラス別一覧（入力）'!$A$9:$AJ$29,20)) -> 音 | L37: =IF(VLOOKUP(H32,'クラス別一覧（入力）'!$A$9:$AJ$29,27)="","",VLOOKUP(H32,'クラス別一覧（入力）'!$A$9:$AJ$29,27)) -> 社 | M37: =IF(VLOOKUP(H32,'クラス別一覧（入力）'!$A$9:$AJ$29,34)="","",VLOOKUP(H32,'クラス別一覧（入力）'!$A$9:$AJ$29,34)) -> 美 | O37: 4 | P37: =IF(VLOOKUP(O32,'クラス別一覧（入力）'!$A$9:$AJ$29,6)="","",VLOOKUP(O32,'クラス別一覧（入力）'!$A$9:$AJ$29,6)) -> 理 | Q37: =IF(VLOOKUP(O32,'クラス別一覧（入力）'!$A$9:$AJ$29,13)="","",VLOOKUP(O32,'クラス別一覧（入力）'!$A$9:$AJ$29,13)) -> 技家 | R37: =IF(VLOOKUP(O32,'クラス別一覧（入力）'!$A$9:$AJ$29,20)="","",VLOOKUP(O32,'クラス別一覧（入力）'!$A$9:$AJ$29,20)) -> 理 | S37: =IF(VLOOKUP(O32,'クラス別一覧（入力）'!$A$9:$AJ$29,27)="","",VLOOKUP(O32,'クラス別一覧（入力）'!$A$9:$AJ$29,27)) -> 音 | T37: =IF(VLOOKUP(O32,'クラス別一覧（入力）'!$A$9:$AJ$29,34)="","",VLOOKUP(O32,'クラス別一覧（入力）'!$A$9:$AJ$29,34)) -> 社
A38: 5 | B38: =IF(VLOOKUP(A32,'クラス別一覧（入力）'!$A$9:$AJ$29,7)="","",VLOOKUP(A32,'クラス別一覧（入力）'!$A$9:$AJ$29,7)) -> 技 | C38: =IF(VLOOKUP(A32,'クラス別一覧（入力）'!$A$9:$AJ$29,14)="","",VLOOKUP(A32,'クラス別一覧（入力）'!$A$9:$AJ$29,14)) -> 英 | D38: =IF(VLOOKUP(A32,'クラス別一覧（入力）'!$A$9:$AJ$29,21)="","",VLOOKUP(A32,'クラス別一覧（入力）'!$A$9:$AJ$29,21)) -> 音 | E38: =IF(VLOOKUP(A32,'クラス別一覧（入力）'!$A$9:$AJ$29,28)="","",VLOOKUP(A32,'クラス別一覧（入力）'!$A$9:$AJ$29,28)) -> 理 | F38: =IF(VLOOKUP(A32,'クラス別一覧（入力）'!$A$9:$AJ$29,35)="","",VLOOKUP(A32,'クラス別一覧（入力）'!$A$9:$AJ$29,35)) -> 英 | H38: 5 | I38: =IF(VLOOKUP(H32,'クラス別一覧（入力）'!$A$9:$AJ$29,7)="","",VLOOKUP(H32,'クラス別一覧（入力）'!$A$9:$AJ$29,7)) -> 英 | J38: =IF(VLOOKUP(H32,'クラス別一覧（入力）'!$A$9:$AJ$29,14)="","",VLOOKUP(H32,'クラス別一覧（入力）'!$A$9:$AJ$29,14)) -> 理 | K38: =IF(VLOOKUP(H32,'クラス別一覧（入力）'!$A$9:$AJ$29,21)="","",VLOOKUP(H32,'クラス別一覧（入力）'!$A$9:$AJ$29,21)) -> 国Ⅰ | L38: =IF(VLOOKUP(H32,'クラス別一覧（入力）'!$A$9:$AJ$29,28)="","",VLOOKUP(H32,'クラス別一覧（入力）'!$A$9:$AJ$29,28)) -> 英 | M38: =IF(VLOOKUP(H32,'クラス別一覧（入力）'!$A$9:$AJ$29,35)="","",VLOOKUP(H32,'クラス別一覧（入力）'!$A$9:$AJ$29,35)) -> 国Ⅱ | O38: 5 | P38: =IF(VLOOKUP(O32,'クラス別一覧（入力）'!$A$9:$AJ$29,7)="","",VLOOKUP(O32,'クラス別一覧（入力）'!$A$9:$AJ$29,7)) -> 美 | Q38: =IF(VLOOKUP(O32,'クラス別一覧（入力）'!$A$9:$AJ$29,14)="","",VLOOKUP(O32,'クラス別一覧（入力）'!$A$9:$AJ$29,14)) -> 社 | R38: =IF(VLOOKUP(O32,'クラス別一覧（入力）'!$A$9:$AJ$29,21)="","",VLOOKUP(O32,'クラス別一覧（入力）'!$A$9:$AJ$29,21)) -> 数 | S38: =IF(VLOOKUP(O32,'クラス別一覧（入力）'!$A$9:$AJ$29,28)="","",VLOOKUP(O32,'クラス別一覧（入力）'!$A$9:$AJ$29,28)) -> 英 | T38: =IF(VLOOKUP(O32,'クラス別一覧（入力）'!$A$9:$AJ$29,35)="","",VLOOKUP(O32,'クラス別一覧（入力）'!$A$9:$AJ$29,35)) -> 英
A39: 6 | B39: =IF(VLOOKUP(A32,'クラス別一覧（入力）'!$A$9:$AJ$29,8)="","",VLOOKUP(A32,'クラス別一覧（入力）'!$A$9:$AJ$29,8)) -> 道 | C39: =IF(VLOOKUP(A32,'クラス別一覧（入力）'!$A$9:$AJ$29,15)="","",VLOOKUP(A32,'クラス別一覧（入力）'!$A$9:$AJ$29,15)) -> 総 | D39: =IF(VLOOKUP(A32,'クラス別一覧（入力）'!$A$9:$AJ$29,22)="","",VLOOKUP(A32,'クラス別一覧（入力）'!$A$9:$AJ$29,22)) -> 学 | E39: =IF(VLOOKUP(A32,'クラス別一覧（入力）'!$A$9:$AJ$29,29)="","",VLOOKUP(A32,'クラス別一覧（入力）'!$A$9:$AJ$29,29)) | F39: =IF(VLOOKUP(A32,'クラス別一覧（入力）'!$A$9:$AJ$29,36)="","",VLOOKUP(A32,'クラス別一覧（入力）'!$A$9:$AJ$29,36)) -> 総 | H39: 6 | I39: =IF(VLOOKUP(H32,'クラス別一覧（入力）'!$A$9:$AJ$29,8)="","",VLOOKUP(H32,'クラス別一覧（入力）'!$A$9:$AJ$29,8)) -> 道 | J39: =IF(VLOOKUP(H32,'クラス別一覧（入力）'!$A$9:$AJ$29,15)="","",VLOOKUP(H32,'クラス別一覧（入力）'!$A$9:$AJ$29,15)) -> 総 | K39: =IF(VLOOKUP(H32,'クラス別一覧（入力）'!$A$9:$AJ$29,22)="","",VLOOKUP(H32,'クラス別一覧（入力）'!$A$9:$AJ$29,22)) -> 学 | L39: =IF(VLOOKUP(H32,'クラス別一覧（入力）'!$A$9:$AJ$29,29)="","",VLOOKUP(H32,'クラス別一覧（入力）'!$A$9:$AJ$29,29)) | M39: =IF(VLOOKUP(H32,'クラス別一覧（入力）'!$A$9:$AJ$29,36)="","",VLOOKUP(H32,'クラス別一覧（入力）'!$A$9:$AJ$29,36)) -> 総 | O39: 6 | P39: =IF(VLOOKUP(O32,'クラス別一覧（入力）'!$A$9:$AJ$29,8)="","",VLOOKUP(O32,'クラス別一覧（入力）'!$A$9:$AJ$29,8)) -> 道 | Q39: =IF(VLOOKUP(O32,'クラス別一覧（入力）'!$A$9:$AJ$29,15)="","",VLOOKUP(O32,'クラス別一覧（入力）'!$A$9:$AJ$29,15)) -> 総 | R39: =IF(VLOOKUP(O32,'クラス別一覧（入力）'!$A$9:$AJ$29,22)="","",VLOOKUP(O32,'クラス別一覧（入力）'!$A$9:$AJ$29,22)) -> 学 | S39: =IF(VLOOKUP(O32,'クラス別一覧（入力）'!$A$9:$AJ$29,29)="","",VLOOKUP(O32,'クラス別一覧（入力）'!$A$9:$AJ$29,29)) | T39: =IF(VLOOKUP(O32,'クラス別一覧（入力）'!$A$9:$AJ$29,36)="","",VLOOKUP(O32,'クラス別一覧（入力）'!$A$9:$AJ$29,36)) -> 総
A41: 時間割（本） | C41: ３Ｂ | H41: 時間割（本） | J41: ３Ｃ | O41: 時間割（本） | Q41: ３Ｄ
A42: 13 | H42: 14 | O42: 15
B43: 月 | C43: 火 | D43: 水 | E43: 木 | F43: 金 | I43: 月 | J43: 火 | K43: 水 | L43: 木 | M43: 金 | P43: 月 | Q43: 火 | R43: 水 | S43: 木 | T43: 金
A44: 1 | B44: =IF(VLOOKUP(A42,'クラス別一覧（入力）'!$A$9:$AJ$29,3)="","",VLOOKUP(A42,'クラス別一覧（入力）'!$A$9:$AJ$29,3)) -> 理 | C44: =IF(VLOOKUP(A42,'クラス別一覧（入力）'!$A$9:$AJ$29,10)="","",VLOOKUP(A42,'クラス別一覧（入力）'!$A$9:$AJ$29,10)) -> 数 | D44: =IF(VLOOKUP(A42,'クラス別一覧（入力）'!$A$9:$AJ$29,17)="","",VLOOKUP(A42,'クラス別一覧（入力）'!$A$9:$AJ$29,17)) -> 社 | E44: =IF(VLOOKUP(A42,'クラス別一覧（入力）'!$A$9:$AJ$29,24)="","",VLOOKUP(A42,'クラス別一覧（入力）'!$A$9:$AJ$29,24)) -> 保体 | F44: =IF(VLOOKUP(A42,'クラス別一覧（入力）'!$A$9:$AJ$29,31)="","",VLOOKUP(A42,'クラス別一覧（入力）'!$A$9:$AJ$29,31)) -> 数 | H44: 1 | I44: =IF(VLOOKUP(H42,'クラス別一覧（入力）'!$A$9:$AJ$29,3)="","",VLOOKUP(H42,'クラス別一覧（入力）'!$A$9:$AJ$29,3)) -> 社 | J44: =IF(VLOOKUP(H42,'クラス別一覧（入力）'!$A$9:$AJ$29,10)="","",VLOOKUP(H42,'クラス別一覧（入力）'!$A$9:$AJ$29,10)) -> 社 | K44: =IF(VLOOKUP(H42,'クラス別一覧（入力）'!$A$9:$AJ$29,17)="","",VLOOKUP(H42,'クラス別一覧（入力）'!$A$9:$AJ$29,17)) -> 理 | L44: =IF(VLOOKUP(H42,'クラス別一覧（入力）'!$A$9:$AJ$29,24)="","",VLOOKUP(H42,'クラス別一覧（入力）'!$A$9:$AJ$29,24)) -> 保体 | M44: =IF(VLOOKUP(H42,'クラス別一覧（入力）'!$A$9:$AJ$29,31)="","",VLOOKUP(H42,'クラス別一覧（入力）'!$A$9:$AJ$29,31)) -> 英 | O44: 1 | P44: =IF(VLOOKUP(O42,'クラス別一覧（入力）'!$A$9:$AJ$29,3)="","",VLOOKUP(O42,'クラス別一覧（入力）'!$A$9:$AJ$29,3)) -> 英 | Q44: =IF(VLOOKUP(O42,'クラス別一覧（入力）'!$A$9:$AJ$29,10)="","",VLOOKUP(O42,'クラス別一覧（入力）'!$A$9:$AJ$29,10)) -> 保体 | R44: =IF(VLOOKUP(O42,'クラス別一覧（入力）'!$A$9:$AJ$29,17)="","",VLOOKUP(O42,'クラス別一覧（入力）'!$A$9:$AJ$29,17)) -> 数 | S44: =IF(VLOOKUP(O42,'クラス別一覧（入力）'!$A$9:$AJ$29,24)="","",VLOOKUP(O42,'クラス別一覧（入力）'!$A$9:$AJ$29,24)) -> 理 | T44: =IF(VLOOKUP(O42,'クラス別一覧（入力）'!$A$9:$AJ$29,31)="","",VLOOKUP(O42,'クラス別一覧（入力）'!$A$9:$AJ$29,31)) -> 理
A45: 2 | B45: =IF(VLOOKUP(A42,'クラス別一覧（入力）'!$A$9:$AJ$29,4)="","",VLOOKUP(A42,'クラス別一覧（入力）'!$A$9:$AJ$29,4)) -> 英 | C45: =IF(VLOOKUP(A42,'クラス別一覧（入力）'!$A$9:$AJ$29,11)="","",VLOOKUP(A42,'クラス別一覧（入力）'!$A$9:$AJ$29,11)) -> 国 | D45: =IF(VLOOKUP(A42,'クラス別一覧（入力）'!$A$9:$AJ$29,18)="","",VLOOKUP(A42,'クラス別一覧（入力）'!$A$9:$AJ$29,18)) -> 英 | E45: =IF(VLOOKUP(A42,'クラス別一覧（入力）'!$A$9:$AJ$29,25)="","",VLOOKUP(A42,'クラス別一覧（入力）'!$A$9:$AJ$29,25)) -> 英 | F45: =IF(VLOOKUP(A42,'クラス別一覧（入力）'!$A$9:$AJ$29,32)="","",VLOOKUP(A42,'クラス別一覧（入力）'!$A$9:$AJ$29,32)) -> 保体 | H45: 2 | I45: =IF(VLOOKUP(H42,'クラス別一覧（入力）'!$A$9:$AJ$29,4)="","",VLOOKUP(H42,'クラス別一覧（入力）'!$A$9:$AJ$29,4)) -> 理 | J45: =IF(VLOOKUP(H42,'クラス別一覧（入力）'!$A$9:$AJ$29,11)="","",VLOOKUP(H42,'クラス別一覧（入力）'!$A$9:$AJ$29,11)) -> 数 | K45: =IF(VLOOKUP(H42,'クラス別一覧（入力）'!$A$9:$AJ$29,18)="","",VLOOKUP(H42,'クラス別一覧（入力）'!$A$9:$AJ$29,18)) -> 英 | L45: =IF(VLOOKUP(H42,'クラス別一覧（入力）'!$A$9:$AJ$29,25)="","",VLOOKUP(H42,'クラス別一覧（入力）'!$A$9:$AJ$29,25)) -> 英 | M45: =IF(VLOOKUP(H42,'クラス別一覧（入力）'!$A$9:$AJ$29,32)="","",VLOOKUP(H42,'クラス別一覧（入力）'!$A$9:$AJ$29,32)) -> 保体 | O45: 2 | P45: =IF(VLOOKUP(O42,'クラス別一覧（入力）'!$A$9:$AJ$29,4)="","",VLOOKUP(O42,'クラス別一覧（入力）'!$A$9:$AJ$29,4)) -> 数 | Q45: =IF(VLOOKUP(O42,'クラス別一覧（入力）'!$A$9:$AJ$29,11)="","",VLOOKUP(O42,'クラス別一覧（入力）'!$A$9:$AJ$29,11)) -> 理 | R45: =IF(VLOOKUP(O42,'クラス別一覧（入力）'!$A$9:$AJ$29,18)="","",VLOOKUP(O42,'クラス別一覧（入力）'!$A$9:$AJ$29,18)) -> 社 | S45: =IF(VLOOKUP(O42,'クラス別一覧（入力）'!$A$9:$AJ$29,25)="","",VLOOKUP(O42,'クラス別一覧（入力）'!$A$9:$AJ$29,25)) -> 保体 | T45: =IF(VLOOKUP(O42,'クラス別一覧（入力）'!$A$9:$AJ$29,32)="","",VLOOKUP(O42,'クラス別一覧（入力）'!$A$9:$AJ$29,32)) -> 数
A46: 3 | B46: =IF(VLOOKUP(A42,'クラス別一覧（入力）'!$A$9:$AJ$29,5)="","",VLOOKUP(A42,'クラス別一覧（入力）'!$A$9:$AJ$29,5)) -> 社 | C46: =IF(VLOOKUP(A42,'クラス別一覧（入力）'!$A$9:$AJ$29,12)="","",VLOOKUP(A42,'クラス別一覧（入力）'!$A$9:$AJ$29,12)) -> 社 | D46: =IF(VLOOKUP(A42,'クラス別一覧（入力）'!$A$9:$AJ$29,19)="","",VLOOKUP(A42,'クラス別一覧（入力）'!$A$9:$AJ$29,19)) -> 数 | E46: =IF(VLOOKUP(A42,'クラス別一覧（入力）'!$A$9:$AJ$29,26)="","",VLOOKUP(A42,'クラス別一覧（入力）'!$A$9:$AJ$29,26)) -> 数 | F46: =IF(VLOOKUP(A42,'クラス別一覧（入力）'!$A$9:$AJ$29,33)="","",VLOOKUP(A42,'クラス別一覧（入力）'!$A$9:$AJ$29,33)) -> 理 | H46: 3 | I46: =IF(VLOOKUP(H42,'クラス別一覧（入力）'!$A$9:$AJ$29,5)="","",VLOOKUP(H42,'クラス別一覧（入力）'!$A$9:$AJ$29,5)) -> 数 | J46: =IF(VLOOKUP(H42,'クラス別一覧（入力）'!$A$9:$AJ$29,12)="","",VLOOKUP(H42,'クラス別一覧（入力）'!$A$9:$AJ$29,12)) -> 国 | K46: =IF(VLOOKUP(H42,'クラス別一覧（入力）'!$A$9:$AJ$29,19)="","",VLOOKUP(H42,'クラス別一覧（入力）'!$A$9:$AJ$29,19)) -> 数 | L46: =IF(VLOOKUP(H42,'クラス別一覧（入力）'!$A$9:$AJ$29,26)="","",VLOOKUP(H42,'クラス別一覧（入力）'!$A$9:$AJ$29,26)) -> 社 | M46: =IF(VLOOKUP(H42,'クラス別一覧（入力）'!$A$9:$AJ$29,33)="","",VLOOKUP(H42,'クラス別一覧（入力）'!$A$9:$AJ$29,33)) -> 社 | O46: 3 | P46: =IF(VLOOKUP(O42,'クラス別一覧（入力）'!$A$9:$AJ$29,5)="","",VLOOKUP(O42,'クラス別一覧（入力）'!$A$9:$AJ$29,5)) -> 国 | Q46: =IF(VLOOKUP(O42,'クラス別一覧（入力）'!$A$9:$AJ$29,12)="","",VLOOKUP(O42,'クラス別一覧（入力）'!$A$9:$AJ$29,12)) -> 英 | R46: =IF(VLOOKUP(O42,'クラス別一覧（入力）'!$A$9:$AJ$29,19)="","",VLOOKUP(O42,'クラス別一覧（入力）'!$A$9:$AJ$29,19)) -> 理 | S46: =IF(VLOOKUP(O42,'クラス別一覧（入力）'!$A$9:$AJ$29,26)="","",VLOOKUP(O42,'クラス別一覧（入力）'!$A$9:$AJ$29,26)) -> 英 | T46: =IF(VLOOKUP(O42,'クラス別一覧（入力）'!$A$9:$AJ$29,33)="","",VLOOKUP(O42,'クラス別一覧（入力）'!$A$9:$AJ$29,33)) -> 英
A47: 4 | B47: =IF(VLOOKUP(A42,'クラス別一覧（入力）'!$A$9:$AJ$29,6)="","",VLOOKUP(A42,'クラス別一覧（入力）'!$A$9:$AJ$29,6)) -> 国 | C47: =IF(VLOOKUP(A42,'クラス別一覧（入力）'!$A$9:$AJ$29,13)="","",VLOOKUP(A42,'クラス別一覧（入力）'!$A$9:$AJ$29,13)) -> 技家 | D47: =IF(VLOOKUP(A42,'クラス別一覧（入力）'!$A$9:$AJ$29,20)="","",VLOOKUP(A42,'クラス別一覧（入力）'!$A$9:$AJ$29,20)) -> 美 | E47: =IF(VLOOKUP(A42,'クラス別一覧（入力）'!$A$9:$AJ$29,27)="","",VLOOKUP(A42,'クラス別一覧（入力）'!$A$9:$AJ$29,27)) -> 理 | F47: =IF(VLOOKUP(A42,'クラス別一覧（入力）'!$A$9:$AJ$29,34)="","",VLOOKUP(A42,'クラス別一覧（入力）'!$A$9:$AJ$29,34)) -> 英 | H47: 4 | I47: =IF(VLOOKUP(H42,'クラス別一覧（入力）'!$A$9:$AJ$29,6)="","",VLOOKUP(H42,'クラス別一覧（入力）'!$A$9:$AJ$29,6)) -> 英 | J47: =IF(VLOOKUP(H42,'クラス別一覧（入力）'!$A$9:$AJ$29,13)="","",VLOOKUP(H42,'クラス別一覧（入力）'!$A$9:$AJ$29,13)) -> 音 | K47: =IF(VLOOKUP(H42,'クラス別一覧（入力）'!$A$9:$AJ$29,20)="","",VLOOKUP(H42,'クラス別一覧（入力）'!$A$9:$AJ$29,20)) -> 国 | L47: =IF(VLOOKUP(H42,'クラス別一覧（入力）'!$A$9:$AJ$29,27)="","",VLOOKUP(H42,'クラス別一覧（入力）'!$A$9:$AJ$29,27)) -> 国 | M47: =IF(VLOOKUP(H42,'クラス別一覧（入力）'!$A$9:$AJ$29,34)="","",VLOOKUP(H42,'クラス別一覧（入力）'!$A$9:$AJ$29,34)) -> 数 | O47: 4 | P47: =IF(VLOOKUP(O42,'クラス別一覧（入力）'!$A$9:$AJ$29,6)="","",VLOOKUP(O42,'クラス別一覧（入力）'!$A$9:$AJ$29,6)) -> 美 | Q47: =IF(VLOOKUP(O42,'クラス別一覧（入力）'!$A$9:$AJ$29,13)="","",VLOOKUP(O42,'クラス別一覧（入力）'!$A$9:$AJ$29,13)) -> 国 | R47: =IF(VLOOKUP(O42,'クラス別一覧（入力）'!$A$9:$AJ$29,20)="","",VLOOKUP(O42,'クラス別一覧（入力）'!$A$9:$AJ$29,20)) -> 保体 | S47: =IF(VLOOKUP(O42,'クラス別一覧（入力）'!$A$9:$AJ$29,27)="","",VLOOKUP(O42,'クラス別一覧（入力）'!$A$9:$AJ$29,27)) -> 社 | T47: =IF(VLOOKUP(O42,'クラス別一覧（入力）'!$A$9:$AJ$29,34)="","",VLOOKUP(O42,'クラス別一覧（入力）'!$A$9:$AJ$29,34)) -> 社
A48: 5 | B48: =IF(VLOOKUP(A42,'クラス別一覧（入力）'!$A$9:$AJ$29,7)="","",VLOOKUP(A42,'クラス別一覧（入力）'!$A$9:$AJ$29,7)) -> 保体 | C48: =IF(VLOOKUP(A42,'クラス別一覧（入力）'!$A$9:$AJ$29,14)="","",VLOOKUP(A42,'クラス別一覧（入力）'!$A$9:$AJ$29,14)) -> 音 | D48: =IF(VLOOKUP(A42,'クラス別一覧（入力）'!$A$9:$AJ$29,21)="","",VLOOKUP(A42,'クラス別一覧（入力）'!$A$9:$AJ$29,21)) -> 理 | E48: =IF(VLOOKUP(A42,'クラス別一覧（入力）'!$A$9:$AJ$29,28)="","",VLOOKUP(A42,'クラス別一覧（入力）'!$A$9:$AJ$29,28)) -> 社 | F48: =IF(VLOOKUP(A42,'クラス別一覧（入力）'!$A$9:$AJ$29,35)="","",VLOOKUP(A42,'クラス別一覧（入力）'!$A$9:$AJ$29,35)) -> 国 | H48: 5 | I48: =IF(VLOOKUP(H42,'クラス別一覧（入力）'!$A$9:$AJ$29,7)="","",VLOOKUP(H42,'クラス別一覧（入力）'!$A$9:$AJ$29,7)) -> 保体 | J48: =IF(VLOOKUP(H42,'クラス別一覧（入力）'!$A$9:$AJ$29,14)="","",VLOOKUP(H42,'クラス別一覧（入力）'!$A$9:$AJ$29,14)) -> 理 | K48: =IF(VLOOKUP(H42,'クラス別一覧（入力）'!$A$9:$AJ$29,21)="","",VLOOKUP(H42,'クラス別一覧（入力）'!$A$9:$AJ$29,21)) -> 美 | L48: =IF(VLOOKUP(H42,'クラス別一覧（入力）'!$A$9:$AJ$29,28)="","",VLOOKUP(H42,'クラス別一覧（入力）'!$A$9:$AJ$29,28)) -> 技家 | M48: =IF(VLOOKUP(H42,'クラス別一覧（入力）'!$A$9:$AJ$29,35)="","",VLOOKUP(H42,'クラス別一覧（入力）'!$A$9:$AJ$29,35)) -> 理 | O48: 5 | P48: =IF(VLOOKUP(O42,'クラス別一覧（入力）'!$A$9:$AJ$29,7)="","",VLOOKUP(O42,'クラス別一覧（入力）'!$A$9:$AJ$29,7)) -> 社 | Q48: =IF(VLOOKUP(O42,'クラス別一覧（入力）'!$A$9:$AJ$29,14)="","",VLOOKUP(O42,'クラス別一覧（入力）'!$A$9:$AJ$29,14)) -> 技家 | R48: =IF(VLOOKUP(O42,'クラス別一覧（入力）'!$A$9:$AJ$29,21)="","",VLOOKUP(O42,'クラス別一覧（入力）'!$A$9:$AJ$29,21)) -> 国 | S48: =IF(VLOOKUP(O42,'クラス別一覧（入力）'!$A$9:$AJ$29,28)="","",VLOOKUP(O42,'クラス別一覧（入力）'!$A$9:$AJ$29,28)) -> 数 | T48: =IF(VLOOKUP(O42,'クラス別一覧（入力）'!$A$9:$AJ$29,35)="","",VLOOKUP(O42,'クラス別一覧（入力）'!$A$9:$AJ$29,35)) -> 音
A49: 6 | B49: =IF(VLOOKUP(A42,'クラス別一覧（入力）'!$A$9:$AJ$29,8)="","",VLOOKUP(A42,'クラス別一覧（入力）'!$A$9:$AJ$29,8)) -> 道 | C49: =IF(VLOOKUP(A42,'クラス別一覧（入力）'!$A$9:$AJ$29,15)="","",VLOOKUP(A42,'クラス別一覧（入力）'!$A$9:$AJ$29,15)) -> 総 | D49: =IF(VLOOKUP(A42,'クラス別一覧（入力）'!$A$9:$AJ$29,22)="","",VLOOKUP(A42,'クラス別一覧（入力）'!$A$9:$AJ$29,22)) -> 学 | E49: =IF(VLOOKUP(A42,'クラス別一覧（入力）'!$A$9:$AJ$29,29)="","",VLOOKUP(A42,'クラス別一覧（入力）'!$A$9:$AJ$29,29)) | F49: =IF(VLOOKUP(A42,'クラス別一覧（入力）'!$A$9:$AJ$29,36)="","",VLOOKUP(A42,'クラス別一覧（入力）'!$A$9:$AJ$29,36)) -> 総 | H49: 6 | I49: =IF(VLOOKUP(H42,'クラス別一覧（入力）'!$A$9:$AJ$29,8)="","",VLOOKUP(H42,'クラス別一覧（入力）'!$A$9:$AJ$29,8)) -> 道 | J49: =IF(VLOOKUP(H42,'クラス別一覧（入力）'!$A$9:$AJ$29,15)="","",VLOOKUP(H42,'クラス別一覧（入力）'!$A$9:$AJ$29,15)) -> 総 | K49: =IF(VLOOKUP(H42,'クラス別一覧（入力）'!$A$9:$AJ$29,22)="","",VLOOKUP(H42,'クラス別一覧（入力）'!$A$9:$AJ$29,22)) -> 学 | L49: =IF(VLOOKUP(H42,'クラス別一覧（入力）'!$A$9:$AJ$29,29)="","",VLOOKUP(H42,'クラス別一覧（入力）'!$A$9:$AJ$29,29)) | M49: =IF(VLOOKUP(H42,'クラス別一覧（入力）'!$A$9:$AJ$29,36)="","",VLOOKUP(H42,'クラス別一覧（入力）'!$A$9:$AJ$29,36)) -> 総 | O49: 6 | P49: =IF(VLOOKUP(O42,'クラス別一覧（入力）'!$A$9:$AJ$29,8)="","",VLOOKUP(O42,'クラス別一覧（入力）'!$A$9:$AJ$29,8)) -> 道 | Q49: =IF(VLOOKUP(O42,'クラス別一覧（入力）'!$A$9:$AJ$29,15)="","",VLOOKUP(O42,'クラス別一覧（入力）'!$A$9:$AJ$29,15)) -> 総 | R49: =IF(VLOOKUP(O42,'クラス別一覧（入力）'!$A$9:$AJ$29,22)="","",VLOOKUP(O42,'クラス別一覧（入力）'!$A$9:$AJ$29,22)) -> 学 | S49: =IF(VLOOKUP(O42,'クラス別一覧（入力）'!$A$9:$AJ$29,29)="","",VLOOKUP(O42,'クラス別一覧（入力）'!$A$9:$AJ$29,29)) | T49: =IF(VLOOKUP(O42,'クラス別一覧（入力）'!$A$9:$AJ$29,36)="","",VLOOKUP(O42,'クラス別一覧（入力）'!$A$9:$AJ$29,36)) -> 総
A51: 時間割（本） | C51: ３Ｅ | H51: 時間割（本） | J51: Ｉ・Ｊ
A52: 16 | H52: 17 | O52: 16
B53: 月 | C53: 火 | D53: 水 | E53: 木 | F53: 金 | I53: 月 | J53: 火 | K53: 水 | L53: 木 | M53: 金 | P53: 月 | Q53: 火 | R53: 水 | S53: 木 | T53: 金
