Workbook

Sheet 年計
D1: 1年生 | J1: 2年生 | P1: ３年生
A2: 月 | B2: 日 | D2: 1 | E2: 2 | F2: 3 | G2: 4 | H2: 5 | I2: 6 | J2: 1 | K2: 2 | L2: 3 | M2: 4 | N2: 5 | O2: 6 | P2: 1 | Q2: 2 | R2: 3 | S2: 4 | T2: 5 | U2: 6
A3: 46113 | B3: 水 | C3: 月６ | D3: 道徳
A4: 46114 | B4: 木 | C4: 火６ | D4: 総合２３
A5: 46115 | B5: 金 | C5: 水６ | D5: 学活
A6: 46116 | B6: 土 | C6: 金６ | D6: 総合
A7: 46117 | B7: 日 | W7: 入学式
A8: 46118 | B8: 月 | C8: 着任式 始業式 | J8: 式 | K8: 水６ | L8: 入学式準備 | P8: 式 | Q8: 水６ | R8: 入学式準備
A9: 46119 | B9: 火 | C9: 入学式 | D9: 式 | F9: 水６ | K9: 家庭学習 | Q9: 家庭学習 | X9: 月１ | Y9: 月２ | Z9: 月３ | AA9: 月４ | AB9: 月５ | AC9: 月６ | AD9: 月１ | AE9: 月２ | AF9: 月３ | AG9: 月４ | AH9: 月５ | AI9: 月６ | AJ9: 月１ | AK9: 月２ | AL9: 月３ | AM9: 月４ | AN9: 月５ | AO9: 月６
A10: 46120 | B10: 水 | C10: 生徒会オリ・対面式 身体測定(3年) | D10: 式 | E10: 集会 | F10: 水６ | G10: 水６ | J10: 式 | K10: 水６ | L10: 国テ | M10: 水６ | P10: 式 | Q10: 水６ | R10: 身体測定 | X10: 火１ | Y10: 火２ | Z10: 火３ | AA10: 火４ | AB10: 火５ | AC10: 火６ | AD10: 火１ | AE10: 火２ | AF10: 火３ | AG10: 火４ | AH10: 火５ | AI10: 火６ | AJ10: 火１ | AK10: 火２ | AL10: 火３ | AM10: 火４ | AN10: 火５ | AO10: 火６
A11: 46121 | B11: 木 | C11: 身体測定(1年･IJ)ノー部活デー | D11: 水６ | E11: 数テ | F11: 身体測定 | J11: 英テ | K11: 集会 | L11: 水６ | M11: 水６ | P11: 集会 | Q11: 水６ | R11: 国テ | S11: 水６ | X11: 水１ | Y11: 水２ | Z11: 水３ | AA11: 水４ | AB11: 水５ | AC11: 水６ | AD11: 水１ | AE11: 水２ | AF11: 水３ | AG11: 水４ | AH11: 水５ | AI11: 水６ | AJ11: 水１ | AK11: 水２ | AL11: 水３ | AM11: 水４ | AN11: 水５ | AO11: 水６
A12: 46122 | B12: 金 | C12: 身体測定(2年)（ランチ４月スタート分〆切） | D12: 水６ | E12: 国テ | F12: 英テ | G12: 水６ | J12: 水６ | K12: 数テ | L12: 身体測定 | P12: 英テ | Q12: 数テ | R12: 水６ | S12: 水６ | X12: 木１ | Y12: 木２ | Z12: 木３ | AA12: 木４ | AB12: 木５ | AD12: 木１ | AE12: 木２ | AF12: 木３ | AG12: 木４ | AH12: 木５ | AJ12: 木１ | AK12: 木２ | AL12: 木３ | AM12: 木４ | AN12: 木５
A13: 46123 | B13: 土 | X13: 金１ | Y13: 金２ | Z13: 金３ | AA13: 金４ | AB13: 金５ | AC13: 金６ | AD13: 金１ | AE13: 金２ | AF13: 金３ | AG13: 金４ | AH13: 金５ | AI13: 金６ | AJ13: 金１ | AK13: 金２ | AL13: 金３ | AM13: 金４ | AN13: 金５ | AO13: 金６
A14: 46124 | B14: 日
A15: 46125 | B15: 月 | C15: 学級写真撮影 部活紹介 | D15: 写真 | E15: 水６ | F15: 水６ | G15: 部活動 | J15: 写真 | K15: 水６ | L15: 水６ | P15: 写真 | Q15: 水６ | R15: 水６
A16: 46126 | B16: 火 | C16: 身体測定(欠席者)仮時間割 ランチ開始 | D16: 火１ | E16: 火２ | F16: 火３ | G16: 火４ | H16: 火５ | J16: 火１ | K16: 火２ | L16: 火３ | M16: 火４ | N16: 火５ | P16: 火１ | Q16: 火２ | R16: 火３ | S16: 火４ | T16: 火５
A17: 46127 | B17: 水 | D17: 水１ | E17: 水２ | F17: 水３ | G17: 水４ | H17: 水５ | I17: 水６ | J17: 水１ | K17: 水２ | L17: 水３ | M17: 水４ | N17: 水５ | O17: 水６ | P17: 水１ | Q17: 水２ | R17: 水３ | S17: 水４ | T17: 水５ | U17: 水６
A18: 46128 | B18: 木 | D18: 木１ | E18: 木２ | F18: 木３ | G18: 木４ | H18: 木５ | J18: 木１ | K18: 木２ | L18: 木３ | M18: 木４ | N18: 木５ | P18: 木１ | Q18: 木２ | R18: 木３ | S18: 木４ | T18: 木５
A19: 46129 | B19: 金 | C19: 避難訓練 | D19: 金１ | E19: 金２ | F19: 金３ | G19: 金４ | H19: 金５ | I19: 訓練 | J19: 金１ | K19: 金２ | L19: 金３ | M19: 金４ | N19: 金５ | O19: 訓練 | P19: 金１ | Q19: 金２ | R19: 金３ | S19: 金４ | T19: 金５ | U19: 訓練
A20: 46130 | B20: 土
A21: 46131 | B21: 日
A22: 46132 | B22: 月 | C22: 認証式 | D22: 月１ | E22: 月２ | F22: 月３ | G22: 月４ | H22: 月５ | I22: 月６ | J22: 月１ | K22: 月２ | L22: 月３ | M22: 月４ | N22: 月５ | O22: 月６ | P22: 月１ | Q22: 月２ | R22: 月３ | S22: 月４ | T22: 月５ | U22: 月６
A23: 46133 | B23: 火 | C23: 眼科検診(2･3年午後) | D23: 火１ | E23: 火２ | F23: 火３ | G23: 火４ | H23: 火５ | I23: 火６ | J23: 火１ | K23: 火２ | L23: 火３ | M23: 火４ | N23: 火５ | O23: 火６ | P23: 火１ | Q23: 火２ | R23: 火３ | S23: 火４ | T23: 火５ | U23: 火６
A24: 46134 | B24: 水 | C24: 稲武野外学習説明会(2年) | D24: 水１ | E24: 水２ | F24: 水３ | G24: 水４ | H24: 水５ | I24: 木５ | J24: 水１ | K24: 水２ | L24: 水３ | M24: 水４ | N24: 水５ | O24: 木５ | P24: 水１ | Q24: 水２ | R24: 水３ | S24: 水４ | T24: 水５ | U24: 木５
A25: 46135 | B25: 木 | C25: 全国学調(国･数･英3技能･質) | D25: 木１ | E25: 木２ | F25: 木３ | G25: 木４ | H25: 水６ | J25: 木１ | K25: 木２ | L25: 木３ | M25: 木４ | N25: 説明会 | P25: 全 | Q25: 国 | R25: 学 | S25: テ | T25: 水６
A26: 46136 | B26: 金 | C26: 眼科検診(IJ･1年･色覚午後)部活動集会 | D26: 金１ | E26: 金２ | F26: 金３ | G26: 金４ | H26: 金５ | I26: 金６ | J26: 金１ | K26: 金２ | L26: 金３ | M26: 金４ | N26: 金５ | O26: 金６ | P26: 金１ | Q26: 金２ | R26: 金３ | S26: 金４ | T26: 金５ | U26: 金６
A27: 46137 | B27: 土
A28: 46138 | B28: 日
A29: 46139 | B29: 月 | C29: 授業参観(午前)Ｐ総会・学級懇(午後) | D29: 月１ | E29: 月２ | F29: 月３ | G29: 月４ | H29: PTA総会 | I29: 学級懇 | J29: 月１ | K29: 月２ | L29: 月３ | M29: 月４ | N29: PTA総会 | O29: 学級懇 | P29: 月１ | Q29: 月２ | R29: 月３ | S29: 月４ | T29: PTA総会 | U29: 学級懇
A30: 46140 | B30: 火 | C30: 内科検診(3年午後) | D30: 火１ | E30: 火２ | F30: 火３ | G30: 火４ | H30: 火５ | I30: 金５ | J30: 火１ | K30: 火２ | L30: 火３ | M30: 火４ | N30: 火５ | O30: 金５ | P30: 火１ | Q30: 火２ | R30: 火３ | S30: 火４ | T30: 火５ | U30: 金５
A31: 46141 | B31: 水 | C31: 昭和の日
A32: 46142 | B32: 木 | C32: ⑤全国学調(英話すこと） | D32: 木１ | E32: 木２ | F32: 木３ | G32: 木４ | H32: 木５ | J32: 木１ | K32: 木２ | L32: 木３ | M32: 木４ | N32: 木５ | P32: 木１ | Q32: 木２ | R32: 木３ | S32: 木４ | T32: 学調
A33: 46143 | B33: 金 | C33: ⑤⑥修学旅行・進路説明会(3年)部活保護者会 | D33: 金１ | E33: 金２ | F33: 金３ | G33: 金４ | H33: 水６ | I33: 金６ | J33: 金１ | K33: 金２ | L33: 金３ | M33: 金４ | N33: 水６ | O33: 金６ | P33: 金１ | Q33: 金２ | R33: 金３ | S33: 金４ | T33: 修学旅行 | U33: 進路説明会
A34: 46144 | B34: 土
A35: 46145 | B35: 日 | C35: 憲法記念日
A36: 46146 | B36: 月 | C36: みどりの日
A37: 46147 | B37: 火 | C37: こどもの日
A38: 46148 | B38: 水 | C38: 日曜日祝日による休業日
A39: 46149 | B39: 木 | C39: 本時間割新体力テスト準備 | D39: 月１ | E39: 月２ | F39: 月３ | G39: 月４ | H39: 月５ | J39: 月１ | K39: 月２ | L39: 月３ | M39: 月４ | N39: 月５ | P39: 月１ | Q39: 月２ | R39: 月３ | S39: 月４ | T39: 月５
A40: 46150 | B40: 金 | C40: 新体力テスト | D40: 新体力テスト | H40: 整理 | J40: 新体力テスト | N40: 整理 | P40: 新体力テスト | T40: 整理
A41: 46151 | B41: 土
A42: 46152 | B42: 日
A43: 46153 | B43: 月 | C43: 新体力テスト予備日 | D43: 月１ | E43: 月２ | F43: 月３ | G43: 月４ | H43: 月５ | I43: 月６ | J43: 月１ | K43: 月２ | L43: 月３ | M43: 月４ | N43: 月５ | O43: 月６ | P43: 月１ | Q43: 月２ | R43: 月３ | S43: 月４ | T43: 月５ | U43: 月６
A44: 46154 | B44: 火 | D44: 火１ | E44: 火２ | F44: 火３ | G44: 火４ | H44: 火５ | I44: 火６ | J44: 火１ | K44: 火２ | L44: 火３ | M44: 火４ | N44: 火５ | O44: 火６ | P44: 火１ | Q44: 火２ | R44: 火３ | S44: 火４ | T44: 火５ | U44: 火６
A45: 46155 | B45: 水 | C45: 内科検診(2年午後) | D45: 水１ | E45: 水２ | F45: 水３ | G45: 水４ | H45: 水５ | I45: 水６ | J45: 水１ | K45: 水２ | L45: 水３ | M45: 水４ | N45: 水５ | O45: 水６ | P45: 水１ | Q45: 水２ | R45: 水３ | S45: 水４ | T45: 水５ | U45: 水６
A46: 46156 | B46: 木 | D46: 木１ | E46: 木２ | F46: 木３ | G46: 木４ | H46: 木５ | J46: 木１ | K46: 木２ | L46: 木３ | M46: 木４ | N46: 木５ | P46: 木１ | Q46: 木２ | R46: 木３ | S46: 木４ | T46: 木５
A47: 46157 | B47: 金 | D47: 金１ | E47: 金２ | F47: 金３ | G47: 金４ | H47: 金５ | J47: 金１ | K47: 金２ | L47: 金３ | M47: 金４ | N47: 金５ | P47: 金１ | Q47: 金２ | R47: 金３ | S47: 金４ | T47: 金５
A48: 46158 | B48: 土
A49: 46159 | B49: 日
A50: 46160 | B50: 月 | C50: ①確認テスト | D50: 確テ | E50: 月２ | F50: 月３ | G50: 月５ | H50: 月６ | J50: 確テ | K50: 月２ | L50: 月３ | M50: 月５ | N50: 月６ | P50: 確テ | Q50: 月２ | R50: 月３ | S50: 月５ | T50: 月６
A51: 46161 | B51: 火 | C51: ①確認テスト | D51: 確テ | E51: 火２ | F51: 火３ | G51: 火４ | H51: 火６ | J51: 確テ | K51: 火２ | L51: 火３ | M51: 火４ | N51: 火６ | P51: 確テ | Q51: 火２ | R51: 火３ | S51: 火４ | T51: 火６
A52: 46162 | B52: 水 | C52: ①確認テスト内科検診(IJ･1年午後) | D52: 確テ | E52: 水２ | F52: 水３ | G52: 水４ | H52: 水６ | J52: 確テ | K52: 水２ | L52: 水３ | M52: 水４ | N52: 水６ | P52: 確テ | Q52: 水２ | R52: 水３ | S52: 水４ | T52: 水６
A53: 46163 | B53: 木 | C53: 歯科健診(3年午前) | D53: 木１ | E53: 木２ | F53: 木３ | G53: 木４ | H53: 木５ | J53: 木１ | K53: 木２ | L53: 木３ | M53: 木４ | N53: 木５ | P53: 木１ | Q53: 木２ | R53: 木３ | S53: 木４ | T53: 木５
A54: 46164 | B54: 金 | D54: 金１ | E54: 金２ | F54: 金３ | G54: 金４ | H54: 金５ | I54: 金６ | J54: 金１ | K54: 金２ | L54: 金３ | M54: 金４ | N54: 金５ | O54: 金６ | P54: 金１ | Q54: 金２ | R54: 金３ | S54: 金４ | T54: 金５ | U54: 金６
A55: 46165 | B55: 土
A56: 46166 | B56: 日
A57: 46167 | B57: 月 | C57: ①ＷＥＢＱＵ | D57: 火１ | E57: 火３ | F57: 火４ | G57: 火５ | H57: 火６ | J57: 火１ | K57: 火３ | L57: 火４ | M57: 火５ | N57: 火６ | P57: 火１ | Q57: 火３ | R57: 火４ | S57: 火５ | T57: 火６
A58: 46168 | B58: 火 | C58: 稲武事前指導(2年) | D58: 月１ | E58: 月２ | F58: 月３ | G58: 月４ | H58: 月５ | I58: 月６ | J58: 稲武事前指導 | P58: 月１ | Q58: 月２ | R58: 月３ | S58: 月４ | T58: 月５ | U58: 月６
A59: 46169 | B59: 水 | C59: 稲武野外学習(2年) | D59: 水１ | E59: 水２ | F59: 水３ | G59: 水４ | H59: 水５ | I59: 水６ | J59: 稲武1日目 | P59: 水１ | Q59: 水２ | R59: 水３ | S59: 水４ | T59: 水５ | U59: 水６
A60: 46170 | B60: 木 | C60: 稲武野外学習(2年)⑥サイバー犯罪防止講話(1年) | D60: 木１ | E60: 木２ | F60: 木３ | G60: 木４ | H60: 木５ | J60: 稲武2日目 | P60: 木１ | Q60: 木２ | R60: 木３ | S60: 木４ | T60: 木５
A61: 46171 | B61: 金 | C61: 稲武野外学習(2年) | D61: 金１ | E61: 金２ | F61: 金３ | G61: 金４ | H61: 金５ | I61: 金６ | J61: 稲武3日目 | P61: 金１ | Q61: 金２ | R61: 金３ | S61: 金４ | T61: 金５ | U61: 金６
A62: 46172 | B62: 土
A63: 46173 | B63: 日
A64: 46174 | B64: 月 | C64: 教育相談（全学年） | D64: 月１ | E64: 月４ | F64: 月５ | G64: 月６ | H64: 教育相談 | J64: 月１ | K64: 月４ | L64: 月５ | M64: 月６ | N64: 教育相談 | P64: 月１ | Q64: 月４ | R64: 月５ | S64: 月６ | T64: 教育相談
A65: 46175 | B65: 火 | C65: 教育相談（全学年） | D65: 火１ | E65: 火２ | F65: 火５ | G65: 火６ | H65: 教育相談 | J65: 火１ | K65: 火２ | L65: 火５ | M65: 火６ | N65: 教育相談 | P65: 火１ | Q65: 火２ | R65: 火５ | S65: 火６ | T65: 教育相談
A66: 46176 | B66: 水 | C66: 教育相談（全学年） | D66: 水１ | G66: 水５ | H66: 教育相談 | J66: 水１ | M66: 水５ | N66: 教育相談 | P66: 水１ | S66: 水５ | T66: 教育相談 | V66: 台風でなし（水３水４）
A67: 46177 | B67: 木 | C67: 教育相談（全学年）歯科健診(IJ･2年午前) | D67: 木１ | E67: 木２ | F67: 木３ | G67: 木４ | H67: 教育相談 | J67: 木１ | K67: 木２ | L67: 木３ | M67: 木４ | N67: 教育相談 | P67: 木１ | Q67: 木２ | R67: 木３ | S67: 木４ | T67: 教育相談
A68: 46178 | B68: 金 | C68: 教育相談（全学年） | D68: 金１ | E68: 金４ | F68: 木５ | G68: 金６ | H68: 教育相談 | J68: 金１ | K68: 金４ | L68: 木５ | M68: 金６ | N68: 教育相談 | P68: 金１ | Q68: 金４ | R68: 木５ | S68: 金６ | T68: 教育相談
A69: 46179 | B69: 土
A70: 46180 | B70: 日
A71: 46181 | B71: 月 | D71: 月１ | E71: 月２ | F71: 月３ | G71: 月４ | H71: 月５ | I71: 月６ | J71: 月１ | K71: 月２ | L71: 月３ | M71: 月４ | N71: 月５ | O71: 月６ | P71: 月１ | Q71: 月２ | R71: 月３ | S71: 月４ | T71: 月５ | U71: 月６
A72: 46182 | B72: 火 | C72: 耳鼻科検診(1年午後) | D72: 火１ | E72: 火２ | F72: 火３ | G72: 火４ | H72: 火５ | I72: 火６ | J72: 火１ | K72: 火２ | L72: 火３ | M72: 火４ | N72: 火５ | O72: 火６ | P72: 火１ | Q72: 火２ | R72: 火３ | S72: 火４ | T72: 火５ | U72: 火６
A73: 46183 | B73: 水 | C73: 耳鼻科検診(IJ･2･3年抽出午後) | D73: 水１ | E73: 水２ | F73: 水３ | G73: 水４ | H73: 水５ | I73: 水６ | J73: 水１ | K73: 水２ | L73: 水３ | M73: 水４ | N73: 水５ | O73: 水６ | P73: 水１ | Q73: 水２ | R73: 水３ | S73: 水４ | T73: 水５ | U73: 水６
A74: 46184 | B74: 木 | C74: 歯科健診(1年午前) | D74: 木１ | E74: 木２ | F74: 木３ | G74: 木４ | H74: 木５ | J74: 木１ | K74: 木２ | L74: 木３ | M74: 木４ | N74: 木５ | P74: 木１ | Q74: 木２ | R74: 木３ | S74: 木４ | T74: 木５
A75: 46185 | B75: 金 | C75: 修学旅行事前指導(3年)心臓検診(1年午前) | D75: 金１ | E75: 金２ | F75: 金３ | G75: 金４ | H75: 金５ | I75: 金６ | J75: 金１ | K75: 金２ | L75: 金３ | M75: 金４ | N75: 金５ | O75: 金６ | P75: 事前指導
A76: 46186 | B76: 土
A77: 46187 | B77: 日
A78: 46188 | B78: 月 | C78: 修学旅行(３年) | D78: 月１ | E78: 月２ | F78: 月３ | G78: 月４ | H78: 月５ | I78: 月６ | J78: 月１ | K78: 月２ | L78: 月３ | M78: 月４ | N78: 月５ | O78: 月６ | R78: 修学旅行
A79: 46189 | B79: 火 | C79: 修学旅行(３年) | D79: 火１ | E79: 火２ | F79: 火３ | G79: 火４ | H79: 火５ | I79: 火６ | J79: 火１ | K79: 火２ | L79: 火３ | M79: 火４ | N79: 火５ | O79: 火６ | R79: 修学旅行
A80: 46190 | B80: 水 | C80: 修学旅行(３年) | D80: 水１ | E80: 水２ | F80: 水３ | G80: 水４ | H80: 水５ | I80: 水６ | J80: 水１ | K80: 水２ | L80: 水３ | M80: 水４ | N80: 水５ | O80: 水６ | R80: 修学旅行
A81: 46191 | B81: 木 | D81: 木１ | E81: 木２ | F81: 木３ | G81: 木４ | H81: 木５ | J81: 木１ | K81: 木２ | L81: 木３ | M81: 木４ | N81: 木５ | P81: 家庭学習
A82: 46192 | B82: 金 | C82: 腎臓検診① | D82: 金１ | E82: 金２ | F82: 金３ | G82: 金４ | H82: 金５ | I82: 金６ | J82: 金１ | K82: 金２ | L82: 金３ | M82: 金４ | N82: 金５ | O82: 金６ | P82: 金１ | Q82: 金２ | R82: 金３ | S82: 金４ | T82: 金５ | U82: 金６
A83: 46193 | B83: 土
A84: 46194 | B84: 日
A85: 46195 | B85: 月 | D85: 月１ | E85: 月２ | F85: 月３ | G85: 月４ | H85: 月５ | J85: 月１ | K85: 月２ | L85: 月３ | M85: 月４ | N85: 月５ | P85: 月１ | Q85: 月２ | R85: 月３ | S85: 月４ | T85: 月５
A86: 46196 | B86: 火 | D86: 火１ | E86: 火２ | F86: 火３ | G86: 火４ | H86: 火５ | I86: 火６ | J86: 火１ | K86: 火２ | L86: 火３ | M86: 火４ | N86: 火５ | O86: 火６ | P86: 火１ | Q86: 火２ | R86: 火３ | S86: 火４ | T86: 火５ | U86: 火６
A87: 46197 | B87: 水 | D87: 水１ | E87: 水２ | F87: 水３ | G87: 水４ | H87: 水５ | I87: 水６ | J87: 水１ | K87: 水２ | L87: 水３ | M87: 水４ | N87: 水５ | O87: 水６ | P87: 水１ | Q87: 水２ | R87: 水３ | S87: 水４ | T87: 水５ | U87: 水６
A88: 46198 | B88: 木 | C88: １学期期末テスト保護者試食会
A89: 46199 | B89: 金 | C89: １学期期末テスト
A90: 46200 | B90: 土
A91: 46201 | B91: 日
A92: 46202 | B92: 月 | C92: １学期期末テスト
A93: 46203 | B93: 火 | D93: 水１ | E93: 水２ | F93: 水３ | G93: 水４ | H93: 水５ | I93: 金５ | J93: 水１ | K93: 水２ | L93: 水３ | M93: 水４ | N93: 水５ | O93: 金５ | P93: 水１ | Q93: 水２ | R93: 水３ | S93: 水４ | T93: 水５ | U93: 金５
A94: 46204 | B94: 水 | C94: 腎臓検診② | D94: 月１ | E94: 月２ | F94: 月３ | G94: 月４ | H94: 月５ | I94: 月６ | J94: 月１ | K94: 月２ | L94: 月３ | M94: 月４ | N94: 月５ | O94: 月６ | P94: 月１ | Q94: 月２ | R94: 月３ | S94: 月４ | T94: 月５ | U94: 月６
A95: 46205 | B95: 木 | D95: 木１ | E95: 木２ | F95: 木３ | G95: 木４ | H95: 木５ | J95: 木１ | K95: 木２ | L95: 木３ | M95: 木４ | N95: 木５ | P95: 木１ | Q95: 木２ | R95: 木３ | S95: 木４ | T95: 木５
A96: 46206 | B96: 金 | C96: 選挙管理委員会 | D96: 金１ | E96: 金２ | F96: 金３ | G96: 金４ | H96: 火６ | I96: 金６ | J96: 金１ | K96: 金２ | L96: 金３ | M96: 金４ | N96: 火６ | O96: 金６ | P96: 金１ | Q96: 金２ | R96: 金３ | S96: 金４ | T96: 説明会
A97: 46207 | B97: 土
A98: 46208 | B98: 日
A99: 46209 | B99: 月 | C99: 保護者会（全）・成績一覧表提出 | D99: 月１ | E99: 月４ | F99: 月５ | G99: 月６ | H99: 保護者会 | J99: 月１ | K99: 月４ | L99: 月５ | M99: 月６ | N99: 保護者会 | P99: 月１ | Q99: 月４ | R99: 月５ | S99: 月６ | T99: 保護者会
A100: 46210 | B100: 火 | C100: 保護者会（全）・第１回いじめ防対会議 | D100: 火１ | E100: 火２ | F100: 火３ | G100: 火４ | H100: 保護者会 | J100: 火１ | K100: 火２ | L100: 火３ | M100: 火４ | N100: 保護者会 | P100: 火１ | Q100: 火２ | R100: 火３ | S100: 火４ | T100: 保護者会
...

Sheet 合計
A2: 教育カレンダー 時間数
B3: １年 | G3: ２年 | L3: ３年
A4: ＜確認テストまで＞ | T4: 月６ | U4: 道徳
B5: 月 | C5: 火 | D5: 水 | E5: 木 | F5: 金 | G5: 月 | H5: 火 | I5: 水 | J5: 木 | K5: 金 | L5: 月 | M5: 火 | N5: 水 | O5: 木 | P5: 金 | T5: 火６ | U5: 総合２３ | AI5: 入学式 | AJ5: =MATCH(AI5,年計!$C$2:$C$367,0) -> #N/A | AM5: 月１ | AN5: 火１ | AO5: 水１ | AP5: 木１ | AQ5: 金１ | AR5: 月１ | AS5: 火１ | AT5: 水１ | AU5: 木１ | AV5: 金１ | AW5: 月１ | AX5: 火１ | AY5: 水１ | AZ5: 木１ | BA5: 金１
A6: 1 | B6: =COUNTIF(年計!$D$3:$I$47,AM5) -> 4 | C6: =COUNTIF(年計!$D$3:$I$47,AN5) -> 4 | D6: =COUNTIF(年計!$D$3:$I$47,AO5) -> 3 | E6: =COUNTIF(年計!$D$3:$I$47,AP5) -> 4 | F6: =COUNTIF(年計!$D$3:$I$47,AQ5) -> 4 | G6: =COUNTIF(年計!$J$3:$O$47,AR5) -> 4 | H6: =COUNTIF(年計!$J$3:$O$47,AS5) -> 4 | I6: =COUNTIF(年計!$J$3:$O$47,AT5) -> 3 | J6: =COUNTIF(年計!$J$3:$O$47,AU5) -> 4 | K6: =COUNTIF(年計!$J$3:$O$47,AV5) -> 4 | L6: =COUNTIF(年計!$P$3:$U$47,AW5) -> 4 | M6: =COUNTIF(年計!$P$3:$U$47,AX5) -> 4 | N6: =COUNTIF(年計!$P$3:$U$47,AY5) -> 3 | O6: =COUNTIF(年計!$P$3:$U$47,AZ5) -> 3 | P6: =COUNTIF(年計!$P$3:$U$47,BA5) -> 4 | T6: 水６ | U6: 学活 | AI6: 定期テスト① | AJ6: =MATCH(AI6,年計!$C$2:$C$367,0) -> #N/A | AM6: 月２ | AN6: 火２ | AO6: 水２ | AP6: 木２ | AQ6: 金２ | AR6: 月２ | AS6: 火２ | AT6: 水２ | AU6: 木２ | AV6: 金２ | AW6: 月２ | AX6: 火２ | AY6: 水２ | AZ6: 木２ | BA6: 金２
A7: 2 | B7: =COUNTIF(年計!$D$3:$I$47,AM6) -> 4 | C7: =COUNTIF(年計!$D$3:$I$47,AN6) -> 4 | D7: =COUNTIF(年計!$D$3:$I$47,AO6) -> 3 | E7: =COUNTIF(年計!$D$3:$I$47,AP6) -> 4 | F7: =COUNTIF(年計!$D$3:$I$47,AQ6) -> 4 | G7: =COUNTIF(年計!$J$3:$O$47,AR6) -> 4 | H7: =COUNTIF(年計!$J$3:$O$47,AS6) -> 4 | I7: =COUNTIF(年計!$J$3:$O$47,AT6) -> 3 | J7: =COUNTIF(年計!$J$3:$O$47,AU6) -> 4 | K7: =COUNTIF(年計!$J$3:$O$47,AV6) -> 4 | L7: =COUNTIF(年計!$P$3:$U$47,AW6) -> 4 | M7: =COUNTIF(年計!$P$3:$U$47,AX6) -> 4 | N7: =COUNTIF(年計!$P$3:$U$47,AY6) -> 3 | O7: =COUNTIF(年計!$P$3:$U$47,AZ6) -> 3 | P7: =COUNTIF(年計!$P$3:$U$47,BA6) -> 4 | T7: 金６ | U7: 総合 | AM7: 月３ | AN7: 火３ | AO7: 水３ | AP7: 木３ | AQ7: 金３ | AR7: 月３ | AS7: 火３ | AT7: 水３ | AU7: 木３ | AV7: 金３ | AW7: 月３ | AX7: 火３ | AY7: 水３ | AZ7: 木３ | BA7: 金３
A8: 3 | B8: =COUNTIF(年計!$D$3:$I$47,AM7) -> 4 | C8: =COUNTIF(年計!$D$3:$I$47,AN7) -> 4 | D8: =COUNTIF(年計!$D$3:$I$47,AO7) -> 3 | E8: =COUNTIF(年計!$D$3:$I$47,AP7) -> 4 | F8: =COUNTIF(年計!$D$3:$I$47,AQ7) -> 4 | G8: =COUNTIF(年計!$J$3:$O$47,AR7) -> 4 | H8: =COUNTIF(年計!$J$3:$O$47,AS7) -> 4 | I8: =COUNTIF(年計!$J$3:$O$47,AT7) -> 3 | J8: =COUNTIF(年計!$J$3:$O$47,AU7) -> 4 | K8: =COUNTIF(年計!$J$3:$O$47,AV7) -> 4 | L8: =COUNTIF(年計!$P$3:$U$47,AW7) -> 4 | M8: =COUNTIF(年計!$P$3:$U$47,AX7) -> 4 | N8: =COUNTIF(年計!$P$3:$U$47,AY7) -> 3 | O8: =COUNTIF(年計!$P$3:$U$47,AZ7) -> 3 | P8: =COUNTIF(年計!$P$3:$U$47,BA7) -> 4 | AM8: 月４ | AN8: 火４ | AO8: 水４ | AP8: 木４ | AQ8: 金４ | AR8: 月４ | AS8: 火４ | AT8: 水４ | AU8: 木４ | AV8: 金４ | AW8: 月４ | AX8: 火４ | AY8: 水４ | AZ8: 木４ | BA8: 金４
A9: 4 | B9: =COUNTIF(年計!$D$3:$I$47,AM8) -> 4 | C9: =COUNTIF(年計!$D$3:$I$47,AN8) -> 4 | D9: =COUNTIF(年計!$D$3:$I$47,AO8) -> 3 | E9: =COUNTIF(年計!$D$3:$I$47,AP8) -> 4 | F9: =COUNTIF(年計!$D$3:$I$47,AQ8) -> 4 | G9: =COUNTIF(年計!$J$3:$O$47,AR8) -> 4 | H9: =COUNTIF(年計!$J$3:$O$47,AS8) -> 4 | I9: =COUNTIF(年計!$J$3:$O$47,AT8) -> 3 | J9: =COUNTIF(年計!$J$3:$O$47,AU8) -> 4 | K9: =COUNTIF(年計!$J$3:$O$47,AV8) -> 4 | L9: =COUNTIF(年計!$P$3:$U$47,AW8) -> 4 | M9: =COUNTIF(年計!$P$3:$U$47,AX8) -> 4 | N9: =COUNTIF(年計!$P$3:$U$47,AY8) -> 3 | O9: =COUNTIF(年計!$P$3:$U$47,AZ8) -> 3 | P9: =COUNTIF(年計!$P$3:$U$47,BA8) -> 4 | AM9: 月５ | AN9: 火５ | AO9: 水５ | AP9: 木５ | AQ9: 金５ | AR9: 月５ | AS9: 火５ | AT9: 水５ | AU9: 木５ | AV9: 金５ | AW9: 月５ | AX9: 火５ | AY9: 水５ | AZ9: 木５ | BA9: 金５
A10: 5 | B10: =COUNTIF(年計!$D$3:$I$47,AM9) -> 3 | C10: =COUNTIF(年計!$D$3:$I$47,AN9) -> 4 | D10: =COUNTIF(年計!$D$3:$I$47,AO9) -> 3 | E10: =COUNTIF(年計!$D$3:$I$47,AP9) -> 4 | F10: =COUNTIF(年計!$D$3:$I$47,AQ9) -> 4 | G10: =COUNTIF(年計!$J$3:$O$47,AR9) -> 3 | H10: =COUNTIF(年計!$J$3:$O$47,AS9) -> 4 | I10: =COUNTIF(年計!$J$3:$O$47,AT9) -> 3 | J10: =COUNTIF(年計!$J$3:$O$47,AU9) -> 4 | K10: =COUNTIF(年計!$J$3:$O$47,AV9) -> 4 | L10: =COUNTIF(年計!$P$3:$U$47,AW9) -> 3 | M10: =COUNTIF(年計!$P$3:$U$47,AX9) -> 4 | N10: =COUNTIF(年計!$P$3:$U$47,AY9) -> 3 | O10: =COUNTIF(年計!$P$3:$U$47,AZ9) -> 3 | P10: =COUNTIF(年計!$P$3:$U$47,BA9) -> 4 | AM10: 月６ | AN10: 火６ | AO10: 水６ | AP10: 木６ | AQ10: 金６ | AR10: 月６ | AS10: 火６ | AT10: 水６ | AU10: 木６ | AV10: 金６ | AW10: 月６ | AX10: 火６ | AY10: 水６ | AZ10: 木６ | BA10: 金６
A11: 6 | B11: =COUNTIF(年計!$D$3:$I$47,AM10) -> 2 | C11: =COUNTIF(年計!$D$3:$I$47,AN10) -> 2 | D11: =COUNTIF(年計!$D$3:$I$47,AO10) -> 12 | F11: =COUNTIF(年計!$D$3:$I$47,AQ10) -> 2 | G11: =COUNTIF(年計!$J$3:$O$47,AR10) -> 2 | H11: =COUNTIF(年計!$J$3:$O$47,AS10) -> 2 | I11: =COUNTIF(年計!$J$3:$O$47,AT10) -> 11 | J11: =COUNTIF(年計!$J$3:$O$47,AU10) -> 0 | K11: =COUNTIF(年計!$J$3:$O$47,AV10) -> 2 | L11: =COUNTIF(年計!$P$3:$U$47,AW10) -> 2 | M11: =COUNTIF(年計!$P$3:$U$47,AX10) -> 2 | N11: =COUNTIF(年計!$P$3:$U$47,AY10) -> 11 | O11: =COUNTIF(年計!$P$3:$U$47,AZ10) -> 0 | P11: =COUNTIF(年計!$P$3:$U$47,BA10) -> 1 | S11: １年 | X11: ２年 | AC11: ３年
A12: ＜確テ～１期末テ＞ | S12: ＜１期末テまで 累計＞
B13: 月 | C13: 火 | D13: 水 | E13: 木 | F13: 金 | G13: 月 | H13: 火 | I13: 水 | J13: 木 | K13: 金 | L13: 月 | M13: 火 | N13: 水 | O13: 木 | P13: 金 | T13: 月 | U13: 火 | V13: 水 | W13: 木 | X13: 金 | Y13: 月 | Z13: 火 | AA13: 水 | AB13: 木 | AC13: 金 | AD13: 月 | AE13: 火 | AF13: 水 | AG13: 木 | AH13: 金 | AM13: 月１ | AN13: 火１ | AO13: 水１ | AP13: 木１ | AQ13: 金１ | AR13: 月１ | AS13: 火１ | AT13: 水１ | AU13: 木１ | AV13: 金１ | AW13: 月１ | AX13: 火１ | AY13: 水１ | AZ13: 木１ | BA13: 金１ | BB13: 月１ | BC13: 火１ | BD13: 水１ | BE13: 木１ | BF13: 金１ | BG13: 月１ | BH13: 火１ | BI13: 水１ | BJ13: 木１ | BK13: 金１ | BL13: 月１ | BM13: 火１ | BN13: 水１ | BO13: 木１ | BP13: 金１
A14: 1 | B14: =COUNTIF(年計!$D$48:$I$87,AM13) -> 5 | C14: =COUNTIF(年計!$D$48:$I$87,AN13) -> 5 | D14: =COUNTIF(年計!$D$48:$I$87,AO13) -> 5 | E14: =COUNTIF(年計!$D$48:$I$87,AP13) -> 5 | F14: =COUNTIF(年計!$D$48:$I$87,AQ13) -> 5 | G14: =COUNTIF(年計!$J$48:$O$87,AR13) -> 4 | H14: =COUNTIF(年計!$J$48:$O$87,AS13) -> 5 | I14: =COUNTIF(年計!$J$48:$O$87,AT13) -> 4 | J14: =COUNTIF(年計!$J$48:$O$87,AU13) -> 4 | K14: =COUNTIF(年計!$J$48:$O$87,AV13) -> 4 | L14: =COUNTIF(年計!$P$48:$U$87,AW13) -> 4 | M14: =COUNTIF(年計!$P$48:$U$87,AX13) -> 4 | N14: =COUNTIF(年計!$P$48:$U$87,AY13) -> 4 | O14: =COUNTIF(年計!$P$48:$U$87,AZ13) -> 4 | P14: =COUNTIF(年計!$P$48:$U$87,BA13) -> 4 | S14: 1 | T14: =COUNTIF(年計!$D$2:$I$87,BB13) -> 9 | U14: =COUNTIF(年計!$D$2:$I$87,BC13) -> 9 | V14: =COUNTIF(年計!$D$2:$I$87,BD13) -> 8 | W14: =COUNTIF(年計!$D$2:$I$87,BE13) -> 9 | X14: =COUNTIF(年計!$D$2:$I$87,BF13) -> 9 | Y14: =COUNTIF(年計!$J$2:$O$87,BG13) -> 8 | Z14: =COUNTIF(年計!$J$2:$O$87,BH13) -> 9 | AA14: =COUNTIF(年計!$J$2:$O$87,BI13) -> 7 | AB14: =COUNTIF(年計!$J$2:$O$87,BJ13) -> 8 | AC14: =COUNTIF(年計!$J$2:$O$87,BK13) -> 8 | AD14: =COUNTIF(年計!$P$2:$U$87,BL13) -> 8 | AE14: =COUNTIF(年計!$P$2:$U$87,BM13) -> 8 | AF14: =COUNTIF(年計!$P$2:$U$87,BN13) -> 7 | AG14: =COUNTIF(年計!$P$2:$U$87,BO13) -> 7 | AH14: =COUNTIF(年計!$P$2:$U$87,BP13) -> 8 | AI14: 定期テスト② | AJ14: =MATCH(AI14,年計!$C$2:$C$367,0) -> #N/A | AM14: 月２ | AN14: 火２ | AO14: 水２ | AP14: 木２ | AQ14: 金２ | AR14: 月２ | AS14: 火２ | AT14: 水２ | AU14: 木２ | AV14: 金２ | AW14: 月２ | AX14: 火２ | AY14: 水２ | AZ14: 木２ | BA14: 金２ | BB14: 月２ | BC14: 火２ | BD14: 水２ | BE14: 木２ | BF14: 金２ | BG14: 月２ | BH14: 火２ | BI14: 水２ | BJ14: 木２ | BK14: 金２ | BL14: 月２ | BM14: 火２ | BN14: 水２ | BO14: 木２ | BP14: 金２
A15: 2 | B15: =COUNTIF(年計!$D$48:$I$87,AM14) -> 5 | C15: =COUNTIF(年計!$D$48:$I$87,AN14) -> 5 | D15: =COUNTIF(年計!$D$48:$I$87,AO14) -> 5 | E15: =COUNTIF(年計!$D$48:$I$87,AP14) -> 5 | F15: =COUNTIF(年計!$D$48:$I$87,AQ14) -> 4 | G15: =COUNTIF(年計!$J$48:$O$87,AR14) -> 4 | H15: =COUNTIF(年計!$J$48:$O$87,AS14) -> 5 | I15: =COUNTIF(年計!$J$48:$O$87,AT14) -> 4 | J15: =COUNTIF(年計!$J$48:$O$87,AU14) -> 4 | K15: =COUNTIF(年計!$J$48:$O$87,AV14) -> 3 | L15: =COUNTIF(年計!$P$48:$U$87,AW14) -> 4 | M15: =COUNTIF(年計!$P$48:$U$87,AX14) -> 4 | N15: =COUNTIF(年計!$P$48:$U$87,AY14) -> 4 | O15: =COUNTIF(年計!$P$48:$U$87,AZ14) -> 4 | P15: =COUNTIF(年計!$P$48:$U$87,BA14) -> 3 | S15: 2 | T15: =COUNTIF(年計!$D$2:$I$87,BB14) -> 9 | U15: =COUNTIF(年計!$D$2:$I$87,BC14) -> 9 | V15: =COUNTIF(年計!$D$2:$I$87,BD14) -> 8 | W15: =COUNTIF(年計!$D$2:$I$87,BE14) -> 9 | X15: =COUNTIF(年計!$D$2:$I$87,BF14) -> 8 | Y15: =COUNTIF(年計!$J$2:$O$87,BG14) -> 8 | Z15: =COUNTIF(年計!$J$2:$O$87,BH14) -> 9 | AA15: =COUNTIF(年計!$J$2:$O$87,BI14) -> 7 | AB15: =COUNTIF(年計!$J$2:$O$87,BJ14) -> 8 | AC15: =COUNTIF(年計!$J$2:$O$87,BK14) -> 7 | AD15: =COUNTIF(年計!$P$2:$U$87,BL14) -> 8 | AE15: =COUNTIF(年計!$P$2:$U$87,BM14) -> 8 | AF15: =COUNTIF(年計!$P$2:$U$87,BN14) -> 7 | AG15: =COUNTIF(年計!$P$2:$U$87,BO14) -> 7 | AH15: =COUNTIF(年計!$P$2:$U$87,BP14) -> 7 | AM15: 月３ | AN15: 火３ | AO15: 水３ | AP15: 木３ | AQ15: 金３ | AR15: 月３ | AS15: 火３ | AT15: 水３ | AU15: 木３ | AV15: 金３ | AW15: 月３ | AX15: 火３ | AY15: 水３ | AZ15: 木３ | BA15: 金３ | BB15: 月３ | BC15: 火３ | BD15: 水３ | BE15: 木３ | BF15: 金３ | BG15: 月３ | BH15: 火３ | BI15: 水３ | BJ15: 木３ | BK15: 金３ | BL15: 月３ | BM15: 火３ | BN15: 水３ | BO15: 木３ | BP15: 金３
A16: 3 | B16: =COUNTIF(年計!$D$48:$I$87,AM15) -> 5 | C16: =COUNTIF(年計!$D$48:$I$87,AN15) -> 5 | D16: =COUNTIF(年計!$D$48:$I$87,AO15) -> 5 | E16: =COUNTIF(年計!$D$48:$I$87,AP15) -> 5 | F16: =COUNTIF(年計!$D$48:$I$87,AQ15) -> 4 | G16: =COUNTIF(年計!$J$48:$O$87,AR15) -> 4 | H16: =COUNTIF(年計!$J$48:$O$87,AS15) -> 5 | I16: =COUNTIF(年計!$J$48:$O$87,AT15) -> 4 | J16: =COUNTIF(年計!$J$48:$O$87,AU15) -> 4 | K16: =COUNTIF(年計!$J$48:$O$87,AV15) -> 3 | L16: =COUNTIF(年計!$P$48:$U$87,AW15) -> 4 | M16: =COUNTIF(年計!$P$48:$U$87,AX15) -> 4 | N16: =COUNTIF(年計!$P$48:$U$87,AY15) -> 4 | O16: =COUNTIF(年計!$P$48:$U$87,AZ15) -> 4 | P16: =COUNTIF(年計!$P$48:$U$87,BA15) -> 3 | S16: 3 | T16: =COUNTIF(年計!$D$2:$I$87,BB15) -> 9 | U16: =COUNTIF(年計!$D$2:$I$87,BC15) -> 9 | V16: =COUNTIF(年計!$D$2:$I$87,BD15) -> 8 | W16: =COUNTIF(年計!$D$2:$I$87,BE15) -> 9 | X16: =COUNTIF(年計!$D$2:$I$87,BF15) -> 8 | Y16: =COUNTIF(年計!$J$2:$O$87,BG15) -> 8 | Z16: =COUNTIF(年計!$J$2:$O$87,BH15) -> 9 | AA16: =COUNTIF(年計!$J$2:$O$87,BI15) -> 7 | AB16: =COUNTIF(年計!$J$2:$O$87,BJ15) -> 8 | AC16: =COUNTIF(年計!$J$2:$O$87,BK15) -> 7 | AD16: =COUNTIF(年計!$P$2:$U$87,BL15) -> 8 | AE16: =COUNTIF(年計!$P$2:$U$87,BM15) -> 8 | AF16: =COUNTIF(年計!$P$2:$U$87,BN15) -> 7 | AG16: =COUNTIF(年計!$P$2:$U$87,BO15) -> 7 | AH16: =COUNTIF(年計!$P$2:$U$87,BP15) -> 7 | AM16: 月４ | AN16: 火４ | AO16: 水４ | AP16: 木４ | AQ16: 金４ | AR16: 月４ | AS16: 火４ | AT16: 水４ | AU16: 木４ | AV16: 金４ | AW16: 月４ | AX16: 火４ | AY16: 水４ | AZ16: 木４ | BA16: 金４ | BB16: 月４ | BC16: 火４ | BD16: 水４ | BE16: 木４ | BF16: 金４ | BG16: 月４ | BH16: 火４ | BI16: 水４ | BJ16: 木４ | BK16: 金４ | BL16: 月４ | BM16: 火４ | BN16: 水４ | BO16: 木４ | BP16: 金４
A17: 4 | B17: =COUNTIF(年計!$D$48:$I$87,AM16) -> 5 | C17: =COUNTIF(年計!$D$48:$I$87,AN16) -> 5 | D17: =COUNTIF(年計!$D$48:$I$87,AO16) -> 5 | E17: =COUNTIF(年計!$D$48:$I$87,AP16) -> 5 | F17: =COUNTIF(年計!$D$48:$I$87,AQ16) -> 5 | G17: =COUNTIF(年計!$J$48:$O$87,AR16) -> 4 | H17: =COUNTIF(年計!$J$48:$O$87,AS16) -> 5 | I17: =COUNTIF(年計!$J$48:$O$87,AT16) -> 4 | J17: =COUNTIF(年計!$J$48:$O$87,AU16) -> 4 | K17: =COUNTIF(年計!$J$48:$O$87,AV16) -> 4 | L17: =COUNTIF(年計!$P$48:$U$87,AW16) -> 4 | M17: =COUNTIF(年計!$P$48:$U$87,AX16) -> 4 | N17: =COUNTIF(年計!$P$48:$U$87,AY16) -> 4 | O17: =COUNTIF(年計!$P$48:$U$87,AZ16) -> 4 | P17: =COUNTIF(年計!$P$48:$U$87,BA16) -> 4 | S17: 4 | T17: =COUNTIF(年計!$D$2:$I$87,BB16) -> 9 | U17: =COUNTIF(年計!$D$2:$I$87,BC16) -> 9 | V17: =COUNTIF(年計!$D$2:$I$87,BD16) -> 8 | W17: =COUNTIF(年計!$D$2:$I$87,BE16) -> 9 | X17: =COUNTIF(年計!$D$2:$I$87,BF16) -> 9 | Y17: =COUNTIF(年計!$J$2:$O$87,BG16) -> 8 | Z17: =COUNTIF(年計!$J$2:$O$87,BH16) -> 9 | AA17: =COUNTIF(年計!$J$2:$O$87,BI16) -> 7 | AB17: =COUNTIF(年計!$J$2:$O$87,BJ16) -> 8 | AC17: =COUNTIF(年計!$J$2:$O$87,BK16) -> 8 | AD17: =COUNTIF(年計!$P$2:$U$87,BL16) -> 8 | AE17: =COUNTIF(年計!$P$2:$U$87,BM16) -> 8 | AF17: =COUNTIF(年計!$P$2:$U$87,BN16) -> 7 | AG17: =COUNTIF(年計!$P$2:$U$87,BO16) -> 7 | AH17: =COUNTIF(年計!$P$2:$U$87,BP16) -> 8 | AM17: 月５ | AN17: 火５ | AO17: 水５ | AP17: 木５ | AQ17: 金５ | AR17: 月５ | AS17: 火５ | AT17: 水５ | AU17: 木５ | AV17: 金５ | AW17: 月５ | AX17: 火５ | AY17: 水５ | AZ17: 木５ | BA17: 金５ | BB17: 月５ | BC17: 火５ | BD17: 水５ | BE17: 木５ | BF17: 金５ | BG17: 月５ | BH17: 火５ | BI17: 水５ | BJ17: 木５ | BK17: 金５ | BL17: 月５ | BM17: 火５ | BN17: 水５ | BO17: 木５ | BP17: 金５
A18: 5 | B18: =COUNTIF(年計!$D$48:$I$87,AM17) -> 6 | C18: =COUNTIF(年計!$D$48:$I$87,AN17) -> 5 | D18: =COUNTIF(年計!$D$48:$I$87,AO17) -> 5 | E18: =COUNTIF(年計!$D$48:$I$87,AP17) -> 5 | F18: =COUNTIF(年計!$D$48:$I$87,AQ17) -> 4 | G18: =COUNTIF(年計!$J$48:$O$87,AR17) -> 5 | H18: =COUNTIF(年計!$J$48:$O$87,AS17) -> 5 | I18: =COUNTIF(年計!$J$48:$O$87,AT17) -> 4 | J18: =COUNTIF(年計!$J$48:$O$87,AU17) -> 4 | K18: =COUNTIF(年計!$J$48:$O$87,AV17) -> 3 | L18: =COUNTIF(年計!$P$48:$U$87,AW17) -> 5 | M18: =COUNTIF(年計!$P$48:$U$87,AX17) -> 4 | N18: =COUNTIF(年計!$P$48:$U$87,AY17) -> 4 | O18: =COUNTIF(年計!$P$48:$U$87,AZ17) -> 4 | P18: =COUNTIF(年計!$P$48:$U$87,BA17) -> 3 | S18: 5 | T18: =COUNTIF(年計!$D$2:$I$87,BB17) -> 9 | U18: =COUNTIF(年計!$D$2:$I$87,BC17) -> 9 | V18: =COUNTIF(年計!$D$2:$I$87,BD17) -> 8 | W18: =COUNTIF(年計!$D$2:$I$87,BE17) -> 9 | X18: =COUNTIF(年計!$D$2:$I$87,BF17) -> 8 | Y18: =COUNTIF(年計!$J$2:$O$87,BG17) -> 8 | Z18: =COUNTIF(年計!$J$2:$O$87,BH17) -> 9 | AA18: =COUNTIF(年計!$J$2:$O$87,BI17) -> 7 | AB18: =COUNTIF(年計!$J$2:$O$87,BJ17) -> 8 | AC18: =COUNTIF(年計!$J$2:$O$87,BK17) -> 7 | AD18: =COUNTIF(年計!$P$2:$U$87,BL17) -> 8 | AE18: =COUNTIF(年計!$P$2:$U$87,BM17) -> 8 | AF18: =COUNTIF(年計!$P$2:$U$87,BN17) -> 7 | AG18: =COUNTIF(年計!$P$2:$U$87,BO17) -> 7 | AH18: =COUNTIF(年計!$P$2:$U$87,BP17) -> 7 | AM18: 月６ | AN18: 火６ | AO18: 水６ | AP18: 木６ | AQ18: 金６ | AR18: 月６ | AS18: 火６ | AT18: 水６ | AU18: 木６ | AV18: 金６ | AW18: 月６ | AX18: 火６ | AY18: 水６ | AZ18: 木６ | BA18: 金６ | BB18: 月６ | BC18: 火６ | BD18: 水６ | BE18: 木６ | BF18: 金６ | BG18: 月６ | BH18: 火６ | BI18: 水６ | BJ18: 木６ | BK18: 金６ | BL18: 月６ | BM18: 火６ | BN18: 水６ | BO18: 木６ | BP18: 金６
A19: 6 | B19: =COUNTIF(年計!$D$48:$I$87,AM18) -> 5 | C19: =COUNTIF(年計!$D$48:$I$87,AN18) -> 6 | D19: =COUNTIF(年計!$D$48:$I$87,AO18) -> 5 | F19: =COUNTIF(年計!$D$48:$I$87,AQ18) -> 5 | G19: =COUNTIF(年計!$J$48:$O$87,AR18) -> 4 | H19: =COUNTIF(年計!$J$48:$O$87,AS18) -> 6 | I19: =COUNTIF(年計!$J$48:$O$87,AT18) -> 4 | J19: =COUNTIF(年計!$J$48:$O$87,AU18) -> 0 | K19: =COUNTIF(年計!$J$48:$O$87,AV18) -> 4 | L19: =COUNTIF(年計!$P$48:$U$87,AW18) -> 4 | M19: =COUNTIF(年計!$P$48:$U$87,AX18) -> 5 | N19: =COUNTIF(年計!$P$48:$U$87,AY18) -> 4 | O19: =COUNTIF(年計!$P$48:$U$87,AZ18) -> 0 | P19: =COUNTIF(年計!$P$48:$U$87,BA18) -> 4 | S19: 6 | T19: =COUNTIF(年計!$D$2:$I$87,BB18) -> 7 | U19: =COUNTIF(年計!$D$2:$I$87,BC18) -> 8 | V19: =COUNTIF(年計!$D$2:$I$87,BD18) -> 17 | X19: =COUNTIF(年計!$D$2:$I$87,BF18) -> 7 | Y19: =COUNTIF(年計!$J$2:$O$87,BG18) -> 6 | Z19: =COUNTIF(年計!$J$2:$O$87,BH18) -> 8 | AA19: =COUNTIF(年計!$J$2:$O$87,BI18) -> 15 | AB19: =COUNTIF(年計!$J$2:$O$87,BJ18) -> 0 | AC19: =COUNTIF(年計!$J$2:$O$87,BK18) -> 6 | AD19: =COUNTIF(年計!$P$2:$U$87,BL18) -> 6 | AE19: =COUNTIF(年計!$P$2:$U$87,BM18) -> 7 | AF19: =COUNTIF(年計!$P$2:$U$87,BN18) -> 15 | AG19: =COUNTIF(年計!$P$2:$U$87,BO18) -> 0 | AH19: =COUNTIF(年計!$P$2:$U$87,BP18) -> 5
A20: ＜１期末テ～２期中テ＞ | S20: ＜２期中テまで 累計＞
B21: 月 | C21: 火 | D21: 水 | E21: 木 | F21: 金 | G21: 月 | H21: 火 | I21: 水 | J21: 木 | K21: 金 | L21: 月 | M21: 火 | N21: 水 | O21: 木 | P21: 金 | T21: 月 | U21: 火 | V21: 水 | W21: 木 | X21: 金 | Y21: 月 | Z21: 火 | AA21: 水 | AB21: 木 | AC21: 金 | AD21: 月 | AE21: 火 | AF21: 水 | AG21: 木 | AH21: 金 | AM21: 月１ | AN21: 火１ | AO21: 水１ | AP21: 木１ | AQ21: 金１ | AR21: 月１ | AS21: 火１ | AT21: 水１ | AU21: 木１ | AV21: 金１ | AW21: 月１ | AX21: 火１ | AY21: 水１ | AZ21: 木１ | BA21: 金１ | BB21: 月１ | BC21: 火１ | BD21: 水１ | BE21: 木１ | BF21: 金１ | BG21: 月１ | BH21: 火１ | BI21: 水１ | BJ21: 木１ | BK21: 金１ | BL21: 月１ | BM21: 火１ | BN21: 水１ | BO21: 木１ | BP21: 金１
A22: 1 | B22: =COUNTIF(年計!$D$88:$I$180,AM21) -> 4 | C22: =COUNTIF(年計!$D$90:$I$180,AN21) -> 4 | D22: =COUNTIF(年計!$D$90:$I$180,AO21) -> 6 | E22: =COUNTIF(年計!$D$90:$I$180,AP21) -> 5 | F22: =COUNTIF(年計!$D$90:$I$180,AQ21) -> 5 | G22: =COUNTIF(年計!$J$90:$O$180,AR21) -> 4 | H22: =COUNTIF(年計!$J$90:$O$180,AS21) -> 4 | I22: =COUNTIF(年計!$J$90:$O$180,AT21) -> 6 | J22: =COUNTIF(年計!$J$90:$O$180,AU21) -> 5 | K22: =COUNTIF(年計!$J$90:$O$180,AV21) -> 5 | L22: =COUNTIF(年計!$P$90:$U$180,AW21) -> 4 | M22: =COUNTIF(年計!$P$90:$U$180,AX21) -> 4 | N22: =COUNTIF(年計!$P$90:$U$180,AY21) -> 5 | O22: =COUNTIF(年計!$P$90:$U$180,AZ21) -> 5 | P22: =COUNTIF(年計!$P$90:$U$180,BA21) -> 5 | S22: 1 | T22: =COUNTIF(年計!$D$2:$I$180,BB21) -> 13 | U22: =COUNTIF(年計!$D$2:$I$180,BC21) -> 13 | V22: =COUNTIF(年計!$D$2:$I$180,BD21) -> 14 | W22: =COUNTIF(年計!$D$2:$I$180,BE21) -> 14 | X22: =COUNTIF(年計!$D$2:$I$180,BF21) -> 14 | Y22: =COUNTIF(年計!$J$2:$O$180,BG21) -> 12 | Z22: =COUNTIF(年計!$J$2:$O$180,BH21) -> 13 | AA22: =COUNTIF(年計!$J$2:$O$180,BI21) -> 13 | AB22: =COUNTIF(年計!$J$2:$O$180,BJ21) -> 13 | AC22: =COUNTIF(年計!$J$2:$O$180,BK21) -> 13 | AD22: =COUNTIF(年計!$P$2:$U$180,BL21) -> 12 | AE22: =COUNTIF(年計!$P$2:$U$180,BM21) -> 12 | AF22: =COUNTIF(年計!$P$2:$U$180,BN21) -> 12 | AG22: =COUNTIF(年計!$P$2:$U$180,BO21) -> 12 | AH22: =COUNTIF(年計!$P$2:$U$180,BP21) -> 13 | AI22: 定期テスト③ | AJ22: =MATCH(AI22,年計!$C$2:$C$367,0) -> #N/A | AM22: 月２ | AN22: 火２ | AO22: 水２ | AP22: 木２ | AQ22: 金２ | AR22: 月２ | AS22: 火２ | AT22: 水２ | AU22: 木２ | AV22: 金２ | AW22: 月２ | AX22: 火２ | AY22: 水２ | AZ22: 木２ | BA22: 金２ | BB22: 月２ | BC22: 火２ | BD22: 水２ | BE22: 木２ | BF22: 金２ | BG22: 月２ | BH22: 火２ | BI22: 水２ | BJ22: 木２ | BK22: 金２ | BL22: 月２ | BM22: 火２ | BN22: 水２ | BO22: 木２ | BP22: 金２
A23: 2 | B23: =COUNTIF(年計!$D$88:$I$180,AM22) -> 4 | C23: =COUNTIF(年計!$D$90:$I$180,AN22) -> 4 | D23: =COUNTIF(年計!$D$90:$I$180,AO22) -> 6 | E23: =COUNTIF(年計!$D$90:$I$180,AP22) -> 6 | F23: =COUNTIF(年計!$D$90:$I$180,AQ22) -> 5 | G23: =COUNTIF(年計!$J$90:$O$180,AR22) -> 4 | H23: =COUNTIF(年計!$J$90:$O$180,AS22) -> 4 | I23: =COUNTIF(年計!$J$90:$O$180,AT22) -> 6 | J23: =COUNTIF(年計!$J$90:$O$180,AU22) -> 6 | K23: =COUNTIF(年計!$J$90:$O$180,AV22) -> 5 | L23: =COUNTIF(年計!$P$90:$U$180,AW22) -> 4 | M23: =COUNTIF(年計!$P$90:$U$180,AX22) -> 4 | N23: =COUNTIF(年計!$P$90:$U$180,AY22) -> 5 | O23: =COUNTIF(年計!$P$90:$U$180,AZ22) -> 6 | P23: =COUNTIF(年計!$P$90:$U$180,BA22) -> 5 | S23: 2 | T23: =COUNTIF(年計!$D$2:$I$180,BB22) -> 13 | U23: =COUNTIF(年計!$D$2:$I$180,BC22) -> 13 | V23: =COUNTIF(年計!$D$2:$I$180,BD22) -> 14 | W23: =COUNTIF(年計!$D$2:$I$180,BE22) -> 15 | X23: =COUNTIF(年計!$D$2:$I$180,BF22) -> 13 | Y23: =COUNTIF(年計!$J$2:$O$180,BG22) -> 12 | Z23: =COUNTIF(年計!$J$2:$O$180,BH22) -> 13 | AA23: =COUNTIF(年計!$J$2:$O$180,BI22) -> 13 | AB23: =COUNTIF(年計!$J$2:$O$180,BJ22) -> 14 | AC23: =COUNTIF(年計!$J$2:$O$180,BK22) -> 12 | AD23: =COUNTIF(年計!$P$2:$U$180,BL22) -> 12 | AE23: =COUNTIF(年計!$P$2:$U$180,BM22) -> 12 | AF23: =COUNTIF(年計!$P$2:$U$180,BN22) -> 12 | AG23: =COUNTIF(年計!$P$2:$U$180,BO22) -> 13 | AH23: =COUNTIF(年計!$P$2:$U$180,BP22) -> 12 | AM23: 月３ | AN23: 火３ | AO23: 水３ | AP23: 木３ | AQ23: 金３ | AR23: 月３ | AS23: 火３ | AT23: 水３ | AU23: 木３ | AV23: 金３ | AW23: 月３ | AX23: 火３ | AY23: 水３ | AZ23: 木３ | BA23: 金３ | BB23: 月３ | BC23: 火３ | BD23: 水３ | BE23: 木３ | BF23: 金３ | BG23: 月３ | BH23: 火３ | BI23: 水３ | BJ23: 木３ | BK23: 金３ | BL23: 月３ | BM23: 火３ | BN23: 水３ | BO23: 木３ | BP23: 金３
A24: 3 | B24: =COUNTIF(年計!$D$88:$I$180,AM23) -> 4 | C24: =COUNTIF(年計!$D$90:$I$180,AN23) -> 4 | D24: =COUNTIF(年計!$D$90:$I$180,AO23) -> 5 | E24: =COUNTIF(年計!$D$90:$I$180,AP23) -> 6 | F24: =COUNTIF(年計!$D$90:$I$180,AQ23) -> 5 | G24: =COUNTIF(年計!$J$90:$O$180,AR23) -> 4 | H24: =COUNTIF(年計!$J$90:$O$180,AS23) -> 4 | I24: =COUNTIF(年計!$J$90:$O$180,AT23) -> 5 | J24: =COUNTIF(年計!$J$90:$O$180,AU23) -> 6 | K24: =COUNTIF(年計!$J$90:$O$180,AV23) -> 5 | L24: =COUNTIF(年計!$P$90:$U$180,AW23) -> 4 | M24: =COUNTIF(年計!$P$90:$U$180,AX23) -> 4 | N24: =COUNTIF(年計!$P$90:$U$180,AY23) -> 5 | O24: =COUNTIF(年計!$P$90:$U$180,AZ23) -> 5 | P24: =COUNTIF(年計!$P$90:$U$180,BA23) -> 5 | S24: 3 | T24: =COUNTIF(年計!$D$2:$I$180,BB23) -> 13 | U24: =COUNTIF(年計!$D$2:$I$180,BC23) -> 13 | V24: =COUNTIF(年計!$D$2:$I$180,BD23) -> 13 | W24: =COUNTIF(年計!$D$2:$I$180,BE23) -> 15 | X24: =COUNTIF(年計!$D$2:$I$180,BF23) -> 13 | Y24: =COUNTIF(年計!$J$2:$O$180,BG23) -> 12 | Z24: =COUNTIF(年計!$J$2:$O$180,BH23) -> 13 | AA24: =COUNTIF(年計!$J$2:$O$180,BI23) -> 12 | AB24: =COUNTIF(年計!$J$2:$O$180,BJ23) -> 14 | AC24: =COUNTIF(年計!$J$2:$O$180,BK23) -> 12 | AD24: =COUNTIF(年計!$P$2:$U$180,BL23) -> 12 | AE24: =COUNTIF(年計!$P$2:$U$180,BM23) -> 12 | AF24: =COUNTIF(年計!$P$2:$U$180,BN23) -> 12 | AG24: =COUNTIF(年計!$P$2:$U$180,BO23) -> 12 | AH24: =COUNTIF(年計!$P$2:$U$180,BP23) -> 12 | AM24: 月４ | AN24: 火４ | AO24: 水４ | AP24: 木４ | AQ24: 金４ | AR24: 月４ | AS24: 火４ | AT24: 水４ | AU24: 木４ | AV24: 金４ | AW24: 月４ | AX24: 火４ | AY24: 水４ | AZ24: 木４ | BA24: 金４ | BB24: 月４ | BC24: 火４ | BD24: 水４ | BE24: 木４ | BF24: 金４ | BG24: 月４ | BH24: 火４ | BI24: 水４ | BJ24: 木４ | BK24: 金４ | BL24: 月４ | BM24: 火４ | BN24: 水４ | BO24: 木４ | BP24: 金４
A25: 4 | B25: =COUNTIF(年計!$D$88:$I$180,AM24) -> 4 | C25: =COUNTIF(年計!$D$90:$I$180,AN24) -> 4 | D25: =COUNTIF(年計!$D$90:$I$180,AO24) -> 4 | E25: =COUNTIF(年計!$D$90:$I$180,AP24) -> 5 | F25: =COUNTIF(年計!$D$90:$I$180,AQ24) -> 4 | G25: =COUNTIF(年計!$J$90:$O$180,AR24) -> 4 | H25: =COUNTIF(年計!$J$90:$O$180,AS24) -> 4 | I25: =COUNTIF(年計!$J$90:$O$180,AT24) -> 4 | J25: =COUNTIF(年計!$J$90:$O$180,AU24) -> 6 | K25: =COUNTIF(年計!$J$90:$O$180,AV24) -> 4 | L25: =COUNTIF(年計!$P$90:$U$180,AW24) -> 4 | M25: =COUNTIF(年計!$P$90:$U$180,AX24) -> 4 | N25: =COUNTIF(年計!$P$90:$U$180,AY24) -> 4 | O25: =COUNTIF(年計!$P$90:$U$180,AZ24) -> 5 | P25: =COUNTIF(年計!$P$90:$U$180,BA24) -> 4 | S25: 4 | T25: =COUNTIF(年計!$D$2:$I$180,BB24) -> 13 | U25: =COUNTIF(年計!$D$2:$I$180,BC24) -> 13 | V25: =COUNTIF(年計!$D$2:$I$180,BD24) -> 12 | W25: =COUNTIF(年計!$D$2:$I$180,BE24) -> 14 | X25: =COUNTIF(年計!$D$2:$I$180,BF24) -> 13 | Y25: =COUNTIF(年計!$J$2:$O$180,BG24) -> 12 | Z25: =COUNTIF(年計!$J$2:$O$180,BH24) -> 13 | AA25: =COUNTIF(年計!$J$2:$O$180,BI24) -> 11 | AB25: =COUNTIF(年計!$J$2:$O$180,BJ24) -> 14 | AC25: =COUNTIF(年計!$J$2:$O$180,BK24) -> 12 | AD25: =COUNTIF(年計!$P$2:$U$180,BL24) -> 12 | AE25: =COUNTIF(年計!$P$2:$U$180,BM24) -> 12 | AF25: =COUNTIF(年計!$P$2:$U$180,BN24) -> 11 | AG25: =COUNTIF(年計!$P$2:$U$180,BO24) -> 12 | AH25: =COUNTIF(年計!$P$2:$U$180,BP24) -> 12 | AM25: 月５ | AN25: 火５ | AO25: 水５ | AP25: 木５ | AQ25: 金５ | AR25: 月５ | AS25: 火５ | AT25: 水５ | AU25: 木５ | AV25: 金５ | AW25: 月５ | AX25: 火５ | AY25: 水５ | AZ25: 木５ | BA25: 金５ | BB25: 月５ | BC25: 火５ | BD25: 水５ | BE25: 木５ | BF25: 金５ | BG25: 月５ | BH25: 火５ | BI25: 水５ | BJ25: 木５ | BK25: 金５ | BL25: 月５ | BM25: 火５ | BN25: 水５ | BO25: 木５ | BP25: 金５
A26: 5 | B26: =COUNTIF(年計!$D$88:$I$180,AM25) -> 4 | C26: =COUNTIF(年計!$D$90:$I$180,AN25) -> 5 | D26: =COUNTIF(年計!$D$90:$I$180,AO25) -> 5 | E26: =COUNTIF(年計!$D$90:$I$180,AP25) -> 6 | F26: =COUNTIF(年計!$D$90:$I$180,AQ25) -> 5 | G26: =COUNTIF(年計!$J$90:$O$180,AR25) -> 4 | H26: =COUNTIF(年計!$J$90:$O$180,AS25) -> 4 | I26: =COUNTIF(年計!$J$90:$O$180,AT25) -> 5 | J26: =COUNTIF(年計!$J$90:$O$180,AU25) -> 6 | K26: =COUNTIF(年計!$J$90:$O$180,AV25) -> 5 | L26: =COUNTIF(年計!$P$90:$U$180,AW25) -> 4 | M26: =COUNTIF(年計!$P$90:$U$180,AX25) -> 4 | N26: =COUNTIF(年計!$P$90:$U$180,AY25) -> 5 | O26: =COUNTIF(年計!$P$90:$U$180,AZ25) -> 5 | P26: =COUNTIF(年計!$P$90:$U$180,BA25) -> 5 | S26: 5 | T26: =COUNTIF(年計!$D$2:$I$180,BB25) -> 13 | U26: =COUNTIF(年計!$D$2:$I$180,BC25) -> 14 | V26: =COUNTIF(年計!$D$2:$I$180,BD25) -> 13 | W26: =COUNTIF(年計!$D$2:$I$180,BE25) -> 15 | X26: =COUNTIF(年計!$D$2:$I$180,BF25) -> 13 | Y26: =COUNTIF(年計!$J$2:$O$180,BG25) -> 12 | Z26: =COUNTIF(年計!$J$2:$O$180,BH25) -> 13 | AA26: =COUNTIF(年計!$J$2:$O$180,BI25) -> 12 | AB26: =COUNTIF(年計!$J$2:$O$180,BJ25) -> 14 | AC26: =COUNTIF(年計!$J$2:$O$180,BK25) -> 12 | AD26: =COUNTIF(年計!$P$2:$U$180,BL25) -> 12 | AE26: =COUNTIF(年計!$P$2:$U$180,BM25) -> 12 | AF26: =COUNTIF(年計!$P$2:$U$180,BN25) -> 12 | AG26: =COUNTIF(年計!$P$2:$U$180,BO25) -> 12 | AH26: =COUNTIF(年計!$P$2:$U$180,BP25) -> 12 | AM26: 月６ | AN26: 火６ | AO26: 水６ | AP26: 木６ | AQ26: 金６ | AR26: 月６ | AS26: 火６ | AT26: 水６ | AU26: 木６ | AV26: 金６ | AW26: 月６ | AX26: 火６ | AY26: 水６ | AZ26: 木６ | BA26: 金６ | BB26: 月６ | BC26: 火６ | BD26: 水６ | BE26: 木６ | BF26: 金６ | BG26: 月６ | BH26: 火６ | BI26: 水６ | BJ26: 木６ | BK26: 金６ | BL26: 月６ | BM26: 火６ | BN26: 水６ | BO26: 木６ | BP26: 金６
A27: 6 | B27: =COUNTIF(年計!$D$88:$I$180,AM26) -> 4 | C27: =COUNTIF(年計!$D$90:$I$180,AN26) -> 6 | D27: =COUNTIF(年計!$D$90:$I$180,AO26) -> 9 | E27: =COUNTIF(年計!$D$90:$I$180,AP26) -> 0 | F27: =COUNTIF(年計!$D$90:$I$180,AQ26) -> 5 | G27: =COUNTIF(年計!$J$90:$O$180,AR26) -> 4 | H27: =COUNTIF(年計!$J$90:$O$180,AS26) -> 6 | I27: =COUNTIF(年計!$J$90:$O$180,AT26) -> 9 | J27: =COUNTIF(年計!$J$90:$O$180,AU26) -> 0 | K27: =COUNTIF(年計!$J$90:$O$180,AV26) -> 5 | L27: =COUNTIF(年計!$P$90:$U$180,AW26) -> 4 | M27: =COUNTIF(年計!$P$90:$U$180,AX26) -> 5 | N27: =COUNTIF(年計!$P$90:$U$180,AY26) -> 9 | O27: =COUNTIF(年計!$P$90:$U$180,AZ26) -> 0 | P27: =COUNTIF(年計!$P$90:$U$180,BA26) -> 4 | S27: 6 | T27: =COUNTIF(年計!$D$2:$I$180,BB26) -> 11 | U27: =COUNTIF(年計!$D$2:$I$180,BC26) -> 14 | V27: =COUNTIF(年計!$D$2:$I$180,BD26) -> 26 | W27: =COUNTIF(年計!$D$2:$I$180,BE26) -> 0 | X27: =COUNTIF(年計!$D$2:$I$180,BF26) -> 12 | Y27: =COUNTIF(年計!$J$2:$O$180,BG26) -> 10 | Z27: =COUNTIF(年計!$J$2:$O$180,BH26) -> 14 | AA27: =COUNTIF(年計!$J$2:$O$180,BI26) -> 24 | AB27: =COUNTIF(年計!$J$2:$O$180,BJ26) -> 0 | AC27: =COUNTIF(年計!$J$2:$O$180,BK26) -> 11 | AD27: =COUNTIF(年計!$P$2:$U$180,BL26) -> 10 | AE27: =COUNTIF(年計!$P$2:$U$180,BM26) -> 12 | AF27: =COUNTIF(年計!$P$2:$U$180,BN26) -> 24 | AG27: =COUNTIF(年計!$P$2:$U$180,BO26) -> 0 | AH27: =COUNTIF(年計!$P$2:$U$180,BP26) -> 9
A28: ＜２期中テ～２期末テ＞ | S28: ＜２期末テまで 累計＞
B29: 月 | C29: 火 | D29: 水 | E29: 木 | F29: 金 | G29: 月 | H29: 火 | I29: 水 | J29: 木 | K29: 金 | L29: 月 | M29: 火 | N29: 水 | O29: 木 | P29: 金 | T29: 月 | U29: 火 | V29: 水 | W29: 木 | X29: 金 | Y29: 月 | Z29: 火 | AA29: 水 | AB29: 木 | AC29: 金 | AD29: 月 | AE29: 火 | AF29: 水 | AG29: 木 | AH29: 金 | AM29: 月１ | AN29: 火１ | AO29: 水１ | AP29: 木１ | AQ29: 金１ | AR29: 月１ | AS29: 火１ | AT29: 水１ | AU29: 木１ | AV29: 金１ | AW29: 月１ | AX29: 火１ | AY29: 水１ | AZ29: 木１ | BA29: 金１ | BB29: 月１ | BC29: 火１ | BD29: 水１ | BE29: 木１ | BF29: 金１ | BG29: 月１ | BH29: 火１ | BI29: 水１ | BJ29: 木１ | BK29: 金１ | BL29: 月１ | BM29: 火１ | BN29: 水１ | BO29: 木１ | BP29: 金１
A30: 1 | B30: =COUNTIF(年計!$D$185:$I$232,AM29) -> 6 | C30: =COUNTIF(年計!$D$185:$I$232,AN29) -> 6 | D30: =COUNTIF(年計!$D$185:$I$232,AO29) -> 4 | E30: =COUNTIF(年計!$D$185:$I$232,AP29) -> 5 | F30: =COUNTIF(年計!$D$185:$I$232,AQ29) -> 5 | G30: =COUNTIF(年計!$J$185:$O$232,AR29) -> 6 | H30: =COUNTIF(年計!$J$185:$O$232,AS29) -> 6 | I30: =COUNTIF(年計!$J$185:$O$232,AT29) -> 5 | J30: =COUNTIF(年計!$J$185:$O$232,AU29) -> 5 | K30: =COUNTIF(年計!$J$185:$O$232,AV29) -> 5 | L30: =COUNTIF(年計!$P$185:$U$232,AW29) -> 6 | M30: =COUNTIF(年計!$P$185:$U$232,AX29) -> 6 | N30: =COUNTIF(年計!$P$185:$U$232,AY29) -> 5 | O30: =COUNTIF(年計!$P$185:$U$232,AZ29) -> 5 | P30: =COUNTIF(年計!$P$185:$U$232,BA29) -> 4 | S30: 1 | T30: =COUNTIF(年計!$D$2:$I$232,BB29) -> 19 | U30: =COUNTIF(年計!$D$2:$I$232,BC29) -> 19 | V30: =COUNTIF(年計!$D$2:$I$232,BD29) -> 18 | W30: =COUNTIF(年計!$D$2:$I$232,BE29) -> 19 | X30: =COUNTIF(年計!$D$2:$I$232,BF29) -> 19 | Y30: =COUNTIF(年計!$J$2:$O$232,BG29) -> 18 | Z30: =COUNTIF(年計!$J$2:$O$232,BH29) -> 19 | AA30: =COUNTIF(年計!$J$2:$O$232,BI29) -> 18 | AB30: =COUNTIF(年計!$J$2:$O$232,BJ29) -> 18 | AC30: =COUNTIF(年計!$J$2:$O$232,BK29) -> 18 | AD30: =COUNTIF(年計!$P$2:$U$232,BL29) -> 18 | AE30: =COUNTIF(年計!$P$2:$U$232,BM29) -> 18 | AF30: =COUNTIF(年計!$P$2:$U$232,BN29) -> 17 | AG30: =COUNTIF(年計!$P$2:$U$232,BO29) -> 17 | AH30: =COUNTIF(年計!$P$2:$U$232,BP29) -> 17 | AI30: 定期テスト④ | AJ30: =MATCH(AI30,年計!$C$2:$C$367,0) -> #N/A | AM30: 月２ | AN30: 火２ | AO30: 水２ | AP30: 木２ | AQ30: 金２ | AR30: 月２ | AS30: 火２ | AT30: 水２ | AU30: 木２ | AV30: 金２ | AW30: 月２ | AX30: 火２ | AY30: 水２ | AZ30: 木２ | BA30: 金２ | BB30: 月２ | BC30: 火２ | BD30: 水２ | BE30: 木２ | BF30: 金２ | BG30: 月２ | BH30: 火２ | BI30: 水２ | BJ30: 木２ | BK30: 金２ | BL30: 月２ | BM30: 火２ | BN30: 水２ | BO30: 木２ | BP30: 金２
A31: 2 | B31: =COUNTIF(年計!$D$185:$I$232,AM30) -> 6 | C31: =COUNTIF(年計!$D$185:$I$232,AN30) -> 5 | D31: =COUNTIF(年計!$D$185:$I$232,AO30) -> 5 | E31: =COUNTIF(年計!$D$185:$I$232,AP30) -> 4 | F31: =COUNTIF(年計!$D$185:$I$232,AQ30) -> 6 | G31: =COUNTIF(年計!$J$185:$O$232,AR30) -> 6 | H31: =COUNTIF(年計!$J$185:$O$232,AS30) -> 5 | I31: =COUNTIF(年計!$J$185:$O$232,AT30) -> 4 | J31: =COUNTIF(年計!$J$185:$O$232,AU30) -> 4 | K31: =COUNTIF(年計!$J$185:$O$232,AV30) -> 6 | L31: =COUNTIF(年計!$P$185:$U$232,AW30) -> 6 | M31: =COUNTIF(年計!$P$185:$U$232,AX30) -> 5 | N31: =COUNTIF(年計!$P$185:$U$232,AY30) -> 4 | O31: =COUNTIF(年計!$P$185:$U$232,AZ30) -> 4 | P31: =COUNTIF(年計!$P$185:$U$232,BA30) -> 5 | S31: 2 | T31: =COUNTIF(年計!$D$2:$I$232,BB30) -> 19 | U31: =COUNTIF(年計!$D$2:$I$232,BC30) -> 18 | V31: =COUNTIF(年計!$D$2:$I$232,BD30) -> 19 | W31: =COUNTIF(年計!$D$2:$I$232,BE30) -> 19 | X31: =COUNTIF(年計!$D$2:$I$232,BF30) -> 19 | Y31: =COUNTIF(年計!$J$2:$O$232,BG30) -> 18 | Z31: =COUNTIF(年計!$J$2:$O$232,BH30) -> 18 | AA31: =COUNTIF(年計!$J$2:$O$232,BI30) -> 17 | AB31: =COUNTIF(年計!$J$2:$O$232,BJ30) -> 18 | AC31: =COUNTIF(年計!$J$2:$O$232,BK30) -> 18 | AD31: =COUNTIF(年計!$P$2:$U$232,BL30) -> 18 | AE31: =COUNTIF(年計!$P$2:$U$232,BM30) -> 17 | AF31: =COUNTIF(年計!$P$2:$U$232,BN30) -> 16 | AG31: =COUNTIF(年計!$P$2:$U$232,BO30) -> 17 | AH31: =COUNTIF(年計!$P$2:$U$232,BP30) -> 17 | AM31: 月３ | AN31: 火３ | AO31: 水３ | AP31: 木３ | AQ31: 金３ | AR31: 月３ | AS31: 火３ | AT31: 水３ | AU31: 木３ | AV31: 金３ | AW31: 月３ | AX31: 火３ | AY31: 水３ | AZ31: 木３ | BA31: 金３ | BB31: 月３ | BC31: 火３ | BD31: 水３ | BE31: 木３ | BF31: 金３ | BG31: 月３ | BH31: 火３ | BI31: 水３ | BJ31: 木３ | BK31: 金３ | BL31: 月３ | BM31: 火３ | BN31: 水３ | BO31: 木３ | BP31: 金３
A32: 3 | B32: =COUNTIF(年計!$D$185:$I$232,AM31) -> 5 | C32: =COUNTIF(年計!$D$185:$I$232,AN31) -> 5 | D32: =COUNTIF(年計!$D$185:$I$232,AO31) -> 5 | E32: =COUNTIF(年計!$D$185:$I$232,AP31) -> 4 | F32: =COUNTIF(年計!$D$185:$I$232,AQ31) -> 6 | G32: =COUNTIF(年計!$J$185:$O$232,AR31) -> 5 | H32: =COUNTIF(年計!$J$185:$O$232,AS31) -> 5 | I32: =COUNTIF(年計!$J$185:$O$232,AT31) -> 5 | J32: =COUNTIF(年計!$J$185:$O$232,AU31) -> 4 | K32: =COUNTIF(年計!$J$185:$O$232,AV31) -> 6 | L32: =COUNTIF(年計!$P$185:$U$232,AW31) -> 5 | M32: =COUNTIF(年計!$P$185:$U$232,AX31) -> 5 | N32: =COUNTIF(年計!$P$185:$U$232,AY31) -> 5 | O32: =COUNTIF(年計!$P$185:$U$232,AZ31) -> 4 | P32: =COUNTIF(年計!$P$185:$U$232,BA31) -> 5 | S32: 3 | T32: =COUNTIF(年計!$D$2:$I$232,BB31) -> 18 | U32: =COUNTIF(年計!$D$2:$I$232,BC31) -> 18 | V32: =COUNTIF(年計!$D$2:$I$232,BD31) -> 18 | W32: =COUNTIF(年計!$D$2:$I$232,BE31) -> 19 | X32: =COUNTIF(年計!$D$2:$I$232,BF31) -> 19 | Y32: =COUNTIF(年計!$J$2:$O$232,BG31) -> 17 | Z32: =COUNTIF(年計!$J$2:$O$232,BH31) -> 18 | AA32: =COUNTIF(年計!$J$2:$O$232,BI31) -> 17 | AB32: =COUNTIF(年計!$J$2:$O$232,BJ31) -> 18 | AC32: =COUNTIF(年計!$J$2:$O$232,BK31) -> 18 | AD32: =COUNTIF(年計!$P$2:$U$232,BL31) -> 17 | AE32: =COUNTIF(年計!$P$2:$U$232,BM31) -> 17 | AF32: =COUNTIF(年計!$P$2:$U$232,BN31) -> 17 | AG32: =COUNTIF(年計!$P$2:$U$232,BO31) -> 16 | AH32: =COUNTIF(年計!$P$2:$U$232,BP31) -> 17 | AM32: 月４ | AN32: 火４ | AO32: 水４ | AP32: 木４ | AQ32: 金４ | AR32: 月４ | AS32: 火４ | AT32: 水４ | AU32: 木４ | AV32: 金４ | AW32: 月４ | AX32: 火４ | AY32: 水４ | AZ32: 木４ | BA32: 金４ | BB32: 月４ | BC32: 火４ | BD32: 水４ | BE32: 木４ | BF32: 金４ | BG32: 月４ | BH32: 火４ | BI32: 水４ | BJ32: 木４ | BK32: 金４ | BL32: 月４ | BM32: 火４ | BN32: 水４ | BO32: 木４ | BP32: 金４
A33: 4 | B33: =COUNTIF(年計!$D$185:$I$232,AM32) -> 5 | C33: =COUNTIF(年計!$D$185:$I$232,AN32) -> 5 | D33: =COUNTIF(年計!$D$185:$I$232,AO32) -> 6 | E33: =COUNTIF(年計!$D$185:$I$232,AP32) -> 5 | F33: =COUNTIF(年計!$D$185:$I$232,AQ32) -> 6 | G33: =COUNTIF(年計!$J$185:$O$232,AR32) -> 5 | H33: =COUNTIF(年計!$J$185:$O$232,AS32) -> 5 | I33: =COUNTIF(年計!$J$185:$O$232,AT32) -> 6 | J33: =COUNTIF(年計!$J$185:$O$232,AU32) -> 5 | K33: =COUNTIF(年計!$J$185:$O$232,AV32) -> 6 | L33: =COUNTIF(年計!$P$185:$U$232,AW32) -> 5 | M33: =COUNTIF(年計!$P$185:$U$232,AX32) -> 5 | N33: =COUNTIF(年計!$P$185:$U$232,AY32) -> 6 | O33: =COUNTIF(年計!$P$185:$U$232,AZ32) -> 5 | P33: =COUNTIF(年計!$P$185:$U$232,BA32) -> 5 | S33: 4 | T33: =COUNTIF(年計!$D$2:$I$232,BB32) -> 18 | U33: =COUNTIF(年計!$D$2:$I$232,BC32) -> 18 | V33: =COUNTIF(年計!$D$2:$I$232,BD32) -> 18 | W33: =COUNTIF(年計!$D$2:$I$232,BE32) -> 19 | X33: =COUNTIF(年計!$D$2:$I$232,BF32) -> 19 | Y33: =COUNTIF(年計!$J$2:$O$232,BG32) -> 17 | Z33: =COUNTIF(年計!$J$2:$O$232,BH32) -> 18 | AA33: =COUNTIF(年計!$J$2:$O$232,BI32) -> 17 | AB33: =COUNTIF(年計!$J$2:$O$232,BJ32) -> 19 | AC33: =COUNTIF(年計!$J$2:$O$232,BK32) -> 18 | AD33: =COUNTIF(年計!$P$2:$U$232,BL32) -> 17 | AE33: =COUNTIF(年計!$P$2:$U$232,BM32) -> 17 | AF33: =COUNTIF(年計!$P$2:$U$232,BN32) -> 17 | AG33: =COUNTIF(年計!$P$2:$U$232,BO32) -> 17 | AH33: =COUNTIF(年計!$P$2:$U$232,BP32) -> 17 | AM33: 月５ | AN33: 火５ | AO33: 水５ | AP33: 木５ | AQ33: 金５ | AR33: 月５ | AS33: 火５ | AT33: 水５ | AU33: 木５ | AV33: 金５ | AW33: 月５ | AX33: 火５ | AY33: 水５ | AZ33: 木５ | BA33: 金５ | BB33: 月５ | BC33: 火５ | BD33: 水５ | BE33: 木５ | BF33: 金５ | BG33: 月５ | BH33: 火５ | BI33: 水５ | BJ33: 木５ | BK33: 金５ | BL33: 月５ | BM33: 火５ | BN33: 水５ | BO33: 木５ | BP33: 金５
A34: 5 | B34: =COUNTIF(年計!$D$185:$I$232,AM33) -> 5 | C34: =COUNTIF(年計!$D$185:$I$232,AN33) -> 5 | D34: =COUNTIF(年計!$D$185:$I$232,AO33) -> 5 | E34: =COUNTIF(年計!$D$185:$I$232,AP33) -> 4 | F34: =COUNTIF(年計!$D$185:$I$232,AQ33) -> 5 | G34: =COUNTIF(年計!$J$185:$O$232,AR33) -> 5 | H34: =COUNTIF(年計!$J$185:$O$232,AS33) -> 5 | I34: =COUNTIF(年計!$J$185:$O$232,AT33) -> 5 | J34: =COUNTIF(年計!$J$185:$O$232,AU33) -> 4 | K34: =COUNTIF(年計!$J$185:$O$232,AV33) -> 5 | L34: =COUNTIF(年計!$P$185:$U$232,AW33) -> 4 | M34: =COUNTIF(年計!$P$185:$U$232,AX33) -> 5 | N34: =COUNTIF(年計!$P$185:$U$232,AY33) -> 5 | O34: =COUNTIF(年計!$P$185:$U$232,AZ33) -> 4 | P34: =COUNTIF(年計!$P$185:$U$232,BA33) -> 5 | S34: 5 | T34: =COUNTIF(年計!$D$2:$I$232,BB33) -> 18 | U34: =COUNTIF(年計!$D$2:$I$232,BC33) -> 19 | V34: =COUNTIF(年計!$D$2:$I$232,BD33) -> 18 | W34: =COUNTIF(年計!$D$2:$I$232,BE33) -> 19 | X34: =COUNTIF(年計!$D$2:$I$232,BF33) -> 18 | Y34: =COUNTIF(年計!$J$2:$O$232,BG33) -> 17 | Z34: =COUNTIF(年計!$J$2:$O$232,BH33) -> 18 | AA34: =COUNTIF(年計!$J$2:$O$232,BI33) -> 17 | AB34: =COUNTIF(年計!$J$2:$O$232,BJ33) -> 18 | AC34: =COUNTIF(年計!$J$2:$O$232,BK33) -> 17 | AD34: =COUNTIF(年計!$P$2:$U$232,BL33) -> 16 | AE34: =COUNTIF(年計!$P$2:$U$232,BM33) -> 17 | AF34: =COUNTIF(年計!$P$2:$U$232,BN33) -> 17 | AG34: =COUNTIF(年計!$P$2:$U$232,BO33) -> 16 | AH34: =COUNTIF(年計!$P$2:$U$232,BP33) -> 17 | AM34: 月６ | AN34: 火６ | AO34: 水６ | AP34: 木６ | AQ34: 金６ | AR34: 月６ | AS34: 火６ | AT34: 水６ | AU34: 木６ | AV34: 金６ | AW34: 月６ | AX34: 火６ | AY34: 水６ | AZ34: 木６ | BA34: 金６ | BB34: 月６ | BC34: 火６ | BD34: 水６ | BE34: 木６ | BF34: 金６ | BG34: 月６ | BH34: 火６ | BI34: 水６ | BJ34: 木６ | BK34: 金６ | BL34: 月６ | BM34: 火６ | BN34: 水６ | BO34: 木６ | BP34: 金６
A35: 6 | B35: =COUNTIF(年計!$D$185:$I$232,AM34) -> 2 | C35: =COUNTIF(年計!$D$185:$I$232,AN34) -> 4 | D35: =COUNTIF(年計!$D$185:$I$232,AO34) -> 3 | E35: =COUNTIF(年計!$D$185:$I$232,AP34) -> 0 | F35: =COUNTIF(年計!$D$185:$I$232,AQ34) -> 3 | G35: =COUNTIF(年計!$J$185:$O$232,AR34) -> 3 | H35: =COUNTIF(年計!$J$185:$O$232,AS34) -> 4 | I35: =COUNTIF(年計!$J$185:$O$232,AT34) -> 3 | J35: =COUNTIF(年計!$J$185:$O$232,AU34) -> 0 | K35: =COUNTIF(年計!$J$185:$O$232,AV34) -> 3 | L35: =COUNTIF(年計!$P$185:$U$232,AW34) -> 3 | M35: =COUNTIF(年計!$P$185:$U$232,AX34) -> 2 | N35: =COUNTIF(年計!$P$185:$U$232,AY34) -> 3 | O35: =COUNTIF(年計!$P$185:$U$232,AZ34) -> 0 | P35: =COUNTIF(年計!$P$185:$U$232,BA34) -> 2 | S35: 6 | T35: =COUNTIF(年計!$D$2:$I$232,BB34) -> 13 | U35: =COUNTIF(年計!$D$2:$I$232,BC34) -> 18 | V35: =COUNTIF(年計!$D$2:$I$232,BD34) -> 29 | W35: =COUNTIF(年計!$D$2:$I$232,BE34) -> 0 | X35: =COUNTIF(年計!$D$2:$I$232,BF34) -> 15 | Y35: =COUNTIF(年計!$J$2:$O$232,BG34) -> 13 | Z35: =COUNTIF(年計!$J$2:$O$232,BH34) -> 18 | AA35: =COUNTIF(年計!$J$2:$O$232,BI34) -> 27 | AB35: =COUNTIF(年計!$J$2:$O$232,BJ34) -> 0 | AC35: =COUNTIF(年計!$J$2:$O$232,BK34) -> 14 | AD35: =COUNTIF(年計!$P$2:$U$232,BL34) -> 13 | AE35: =COUNTIF(年計!$P$2:$U$232,BM34) -> 14 | AF35: =COUNTIF(年計!$P$2:$U$232,BN34) -> 27 | AG35: =COUNTIF(年計!$P$2:$U$232,BO34) -> 0 | AH35: =COUNTIF(年計!$P$2:$U$232,BP34) -> 11
A36: ＜２期末テ～12月末＞ | S36: ＜12月末まで 累計＞
B37: 月 | C37: 火 | D37: 水 | E37: 木 | F37: 金 | G37: 月 | H37: 火 | I37: 水 | J37: 木 | K37: 金 | L37: 月 | M37: 火 | N37: 水 | O37: 木 | P37: 金 | T37: 月 | U37: 火 | V37: 水 | W37: 木 | X37: 金 | Y37: 月 | Z37: 火 | AA37: 水 | AB37: 木 | AC37: 金 | AD37: 月 | AE37: 火 | AF37: 水 | AG37: 木 | AH37: 金 | AM37: 月１ | AN37: 火１ | AO37: 水１ | AP37: 木１ | AQ37: 金１ | AR37: 月１ | AS37: 火１ | AT37: 水１ | AU37: 木１ | AV37: 金１ | AW37: 月１ | AX37: 火１ | AY37: 水１ | AZ37: 木１ | BA37: 金１ | BB37: 月１ | BC37: 火１ | BD37: 水１ | BE37: 木１ | BF37: 金１ | BG37: 月１ | BH37: 火１ | BI37: 水１ | BJ37: 木１ | BK37: 金１ | BL37: 月１ | BM37: 火１ | BN37: 水１ | BO37: 木１ | BP37: 金１
A38: 1 | B38: =COUNTIF(年計!$D$235:$I$267,AM37) -> 4 | C38: =COUNTIF(年計!$D$235:$I$267,AN37) -> 3 | D38: =COUNTIF(年計!$D$235:$I$267,AO37) -> 3 | E38: =COUNTIF(年計!$D$235:$I$267,AP37) -> 4 | F38: =COUNTIF(年計!$D$235:$I$267,AQ37) -> 4 | G38: =COUNTIF(年計!$J$235:$O$267,AR37) -> 4 | H38: =COUNTIF(年計!$J$235:$O$267,AS37) -> 3 | I38: =COUNTIF(年計!$J$235:$O$267,AT37) -> 3 | J38: =COUNTIF(年計!$J$235:$O$267,AU37) -> 4 | K38: =COUNTIF(年計!$J$235:$O$267,AV37) -> 4 | L38: =COUNTIF(年計!$P$235:$U$267,AW37) -> 4 | M38: =COUNTIF(年計!$P$235:$U$267,AX37) -> 3 | N38: =COUNTIF(年計!$P$235:$U$267,AY37) -> 3 | O38: =COUNTIF(年計!$P$235:$U$267,AZ37) -> 4 | P38: =COUNTIF(年計!$P$235:$U$267,BA37) -> 3 | S38: 1 | T38: =COUNTIF(年計!$D$2:$I$267,BB37) -> 23 | U38: =COUNTIF(年計!$D$2:$I$267,BC37) -> 22 | V38: =COUNTIF(年計!$D$2:$I$267,BD37) -> 21 | W38: =COUNTIF(年計!$D$2:$I$267,BE37) -> 23 | X38: =COUNTIF(年計!$D$2:$I$267,BF37) -> 23 | Y38: =COUNTIF(年計!$J$2:$O$267,BG37) -> 22 | Z38: =COUNTIF(年計!$J$2:$O$267,BH37) -> 22 | AA38: =COUNTIF(年計!$J$2:$O$267,BI37) -> 21 | AB38: =COUNTIF(年計!$J$2:$O$267,BJ37) -> 22 | AC38: =COUNTIF(年計!$J$2:$O$267,BK37) -> 22 | AD38: =COUNTIF(年計!$P$2:$U$267,BL37) -> 22 | AE38: =COUNTIF(年計!$P$2:$U$267,BM37) -> 21 | AF38: =COUNTIF(年計!$P$2:$U$267,BN37) -> 20 | AG38: =COUNTIF(年計!$P$2:$U$267,BO37) -> 21 | AH38: =COUNTIF(年計!$P$2:$U$267,BP37) -> 20 | AI38: 2学期終業式 | AJ38: =MATCH(AI38,年計!$C$2:$C$367,0) -> #N/A | AM38: 月２ | AN38: 火２ | AO38: 水２ | AP38: 木２ | AQ38: 金２ | AR38: 月２ | AS38: 火２ | AT38: 水２ | AU38: 木２ | AV38: 金２ | AW38: 月２ | AX38: 火２ | AY38: 水２ | AZ38: 木２ | BA38: 金２ | BB38: 月２ | BC38: 火２ | BD38: 水２ | BE38: 木２ | BF38: 金２ | BG38: 月２ | BH38: 火２ | BI38: 水２ | BJ38: 木２ | BK38: 金２ | BL38: 月２ | BM38: 火２ | BN38: 水２ | BO38: 木２ | BP38: 金２
A39: 2 | B39: =COUNTIF(年計!$D$235:$I$267,AM38) -> 3 | C39: =COUNTIF(年計!$D$235:$I$267,AN38) -> 4 | D39: =COUNTIF(年計!$D$235:$I$267,AO38) -> 3 | E39: =COUNTIF(年計!$D$235:$I$267,AP38) -> 4 | F39: =COUNTIF(年計!$D$235:$I$267,AQ38) -> 4 | G39: =COUNTIF(年計!$J$235:$O$267,AR38) -> 3 | H39: =COUNTIF(年計!$J$235:$O$267,AS38) -> 4 | I39: =COUNTIF(年計!$J$235:$O$267,AT38) -> 3 | J39: =COUNTIF(年計!$J$235:$O$267,AU38) -> 4 | K39: =COUNTIF(年計!$J$235:$O$267,AV38) -> 4 | L39: =COUNTIF(年計!$P$235:$U$267,AW38) -> 3 | M39: =COUNTIF(年計!$P$235:$U$267,AX38) -> 4 | N39: =COUNTIF(年計!$P$235:$U$267,AY38) -> 3 | O39: =COUNTIF(年計!$P$235:$U$267,AZ38) -> 4 | P39: =COUNTIF(年計!$P$235:$U$267,BA38) -> 4 | S39: 2 | T39: =COUNTIF(年計!$D$2:$I$267,BB38) -> 22 | U39: =COUNTIF(年計!$D$2:$I$267,BC38) -> 22 | V39: =COUNTIF(年計!$D$2:$I$267,BD38) -> 22 | W39: =COUNTIF(年計!$D$2:$I$267,BE38) -> 23 | X39: =COUNTIF(年計!$D$2:$I$267,BF38) -> 23 | Y39: =COUNTIF(年計!$J$2:$O$267,BG38) -> 21 | Z39: =COUNTIF(年計!$J$2:$O$267,BH38) -> 22 | AA39: =COUNTIF(年計!$J$2:$O$267,BI38) -> 20 | AB39: =COUNTIF(年計!$J$2:$O$267,BJ38) -> 22 | AC39: =COUNTIF(年計!$J$2:$O$267,BK38) -> 22 | AD39: =COUNTIF(年計!$P$2:$U$267,BL38) -> 21 | AE39: =COUNTIF(年計!$P$2:$U$267,BM38) -> 21 | AF39: =COUNTIF(年計!$P$2:$U$267,BN38) -> 19 | AG39: =COUNTIF(年計!$P$2:$U$267,BO38) -> 21 | AH39: =COUNTIF(年計!$P$2:$U$267,BP38) -> 21 | AM39: 月３ | AN39: 火３ | AO39: 水３ | AP39: 木３ | AQ39: 金３ | AR39: 月３ | AS39: 火３ | AT39: 水３ | AU39: 木３ | AV39: 金３ | AW39: 月３ | AX39: 火３ | AY39: 水３ | AZ39: 木３ | BA39: 金３ | BB39: 月３ | BC39: 火３ | BD39: 水３ | BE39: 木３ | BF39: 金３ | BG39: 月３ | BH39: 火３ | BI39: 水３ | BJ39: 木３ | BK39: 金３ | BL39: 月３ | BM39: 火３ | BN39: 水３ | BO39: 木３ | BP39: 金３
A40: 3 | B40: =COUNTIF(年計!$D$235:$I$267,AM39) -> 4 | C40: =COUNTIF(年計!$D$235:$I$267,AN39) -> 4 | D40: =COUNTIF(年計!$D$235:$I$267,AO39) -> 4 | E40: =COUNTIF(年計!$D$235:$I$267,AP39) -> 4 | F40: =COUNTIF(年計!$D$235:$I$267,AQ39) -> 4 | G40: =COUNTIF(年計!$J$235:$O$267,AR39) -> 4 | H40: =COUNTIF(年計!$J$235:$O$267,AS39) -> 4 | I40: =COUNTIF(年計!$J$235:$O$267,AT39) -> 4 | J40: =COUNTIF(年計!$J$235:$O$267,AU39) -> 4 | K40: =COUNTIF(年計!$J$235:$O$267,AV39) -> 4 | L40: =COUNTIF(年計!$P$235:$U$267,AW39) -> 4 | M40: =COUNTIF(年計!$P$235:$U$267,AX39) -> 4 | N40: =COUNTIF(年計!$P$235:$U$267,AY39) -> 4 | O40: =COUNTIF(年計!$P$235:$U$267,AZ39) -> 4 | P40: =COUNTIF(年計!$P$235:$U$267,BA39) -> 3 | S40: 3 | T40: =COUNTIF(年計!$D$2:$I$267,BB39) -> 22 | U40: =COUNTIF(年計!$D$2:$I$267,BC39) -> 22 | V40: =COUNTIF(年計!$D$2:$I$267,BD39) -> 22 | W40: =COUNTIF(年計!$D$2:$I$267,BE39) -> 23 | X40: =COUNTIF(年計!$D$2:$I$267,BF39) -> 23 | Y40: =COUNTIF(年計!$J$2:$O$267,BG39) -> 21 | Z40: =COUNTIF(年計!$J$2:$O$267,BH39) -> 22 | AA40: =COUNTIF(年計!$J$2:$O$267,BI39) -> 21 | AB40: =COUNTIF(年計!$J$2:$O$267,BJ39) -> 22 | AC40: =COUNTIF(年計!$J$2:$O$267,BK39) -> 22 | AD40: =COUNTIF(年計!$P$2:$U$267,BL39) -> 21 | AE40: =COUNTIF(年計!$P$2:$U$267,BM39) -> 21 | AF40: =COUNTIF(年計!$P$2:$U$267,BN39) -> 21 | AG40: =COUNTIF(年計!$P$2:$U$267,BO39) -> 20 | AH40: =COUNTIF(年計!$P$2:$U$267,BP39) -> 20 | AM40: 月４ | AN40: 火４ | AO40: 水４ | AP40: 木４ | AQ40: 金４ | AR40: 月４ | AS40: 火４ | AT40: 水４ | AU40: 木４ | AV40: 金４ | AW40: 月４ | AX40: 火４ | AY40: 水４ | AZ40: 木４ | BA40: 金４ | BB40: 月４ | BC40: 火４ | BD40: 水４ | BE40: 木４ | BF40: 金４ | BG40: 月４ | BH40: 火４ | BI40: 水４ | BJ40: 木４ | BK40: 金４ | BL40: 月４ | BM40: 火４ | BN40: 水４ | BO40: 木４ | BP40: 金４
A41: 4 | B41: =COUNTIF(年計!$D$235:$I$267,AM40) -> 4 | C41: =COUNTIF(年計!$D$235:$I$267,AN40) -> 4 | D41: =COUNTIF(年計!$D$235:$I$267,AO40) -> 4 | E41: =COUNTIF(年計!$D$235:$I$267,AP40) -> 3 | F41: =COUNTIF(年計!$D$235:$I$267,AQ40) -> 4 | G41: =COUNTIF(年計!$J$235:$O$267,AR40) -> 4 | H41: =COUNTIF(年計!$J$235:$O$267,AS40) -> 4 | I41: =COUNTIF(年計!$J$235:$O$267,AT40) -> 4 | J41: =COUNTIF(年計!$J$235:$O$267,AU40) -> 3 | K41: =COUNTIF(年計!$J$235:$O$267,AV40) -> 4 | L41: =COUNTIF(年計!$P$235:$U$267,AW40) -> 4 | M41: =COUNTIF(年計!$P$235:$U$267,AX40) -> 4 | N41: =COUNTIF(年計!$P$235:$U$267,AY40) -> 4 | O41: =COUNTIF(年計!$P$235:$U$267,AZ40) -> 3 | P41: =COUNTIF(年計!$P$235:$U$267,BA40) -> 3 | S41: 4 | T41: =COUNTIF(年計!$D$2:$I$267,BB40) -> 22 | U41: =COUNTIF(年計!$D$2:$I$267,BC40) -> 22 | V41: =COUNTIF(年計!$D$2:$I$267,BD40) -> 22 | W41: =COUNTIF(年計!$D$2:$I$267,BE40) -> 22 | X41: =COUNTIF(年計!$D$2:$I$267,BF40) -> 23 | Y41: =COUNTIF(年計!$J$2:$O$267,BG40) -> 21 | Z41: =COUNTIF(年計!$J$2:$O$267,BH40) -> 22 | AA41: =COUNTIF(年計!$J$2:$O$267,BI40) -> 21 | AB41: =COUNTIF(年計!$J$2:$O$267,BJ40) -> 22 | AC41: =COUNTIF(年計!$J$2:$O$267,BK40) -> 22 | AD41: =COUNTIF(年計!$P$2:$U$267,BL40) -> 21 | AE41: =COUNTIF(年計!$P$2:$U$267,BM40) -> 21 | AF41: =COUNTIF(年計!$P$2:$U$267,BN40) -> 21 | AG41: =COUNTIF(年計!$P$2:$U$267,BO40) -> 20 | AH41: =COUNTIF(年計!$P$2:$U$267,BP40) -> 20 | AM41: 月５ | AN41: 火５ | AO41: 水５ | AP41: 木５ | AQ41: 金５ | AR41: 月５ | AS41: 火５ | AT41: 水５ | AU41: 木５ | AV41: 金５ | AW41: 月５ | AX41: 火５ | AY41: 水５ | AZ41: 木５ | BA41: 金５ | BB41: 月５ | BC41: 火５ | BD41: 水５ | BE41: 木５ | BF41: 金５ | BG41: 月５ | BH41: 火５ | BI41: 水５ | BJ41: 木５ | BK41: 金５ | BL41: 月５ | BM41: 火５ | BN41: 水５ | BO41: 木５ | BP41: 金５
A42: 5 | B42: =COUNTIF(年計!$D$235:$I$267,AM41) -> 4 | C42: =COUNTIF(年計!$D$235:$I$267,AN41) -> 3 | D42: =COUNTIF(年計!$D$235:$I$267,AO41) -> 3 | E42: =COUNTIF(年計!$D$235:$I$267,AP41) -> 4 | F42: =COUNTIF(年計!$D$235:$I$267,AQ41) -> 4 | G42: =COUNTIF(年計!$J$235:$O$267,AR41) -> 4 | H42: =COUNTIF(年計!$J$235:$O$267,AS41) -> 3 | I42: =COUNTIF(年計!$J$235:$O$267,AT41) -> 4 | J42: =COUNTIF(年計!$J$235:$O$267,AU41) -> 4 | K42: =COUNTIF(年計!$J$235:$O$267,AV41) -> 4 | L42: =COUNTIF(年計!$P$235:$U$267,AW41) -> 4 | M42: =COUNTIF(年計!$P$235:$U$267,AX41) -> 3 | N42: =COUNTIF(年計!$P$235:$U$267,AY41) -> 4 | O42: =COUNTIF(年計!$P$235:$U$267,AZ41) -> 4 | P42: =COUNTIF(年計!$P$235:$U$267,BA41) -> 3 | S42: 5 | T42: =COUNTIF(年計!$D$2:$I$267,BB41) -> 22 | U42: =COUNTIF(年計!$D$2:$I$267,BC41) -> 22 | V42: =COUNTIF(年計!$D$2:$I$267,BD41) -> 21 | W42: =COUNTIF(年計!$D$2:$I$267,BE41) -> 23 | X42: =COUNTIF(年計!$D$2:$I$267,BF41) -> 22 | Y42: =COUNTIF(年計!$J$2:$O$267,BG41) -> 21 | Z42: =COUNTIF(年計!$J$2:$O$267,BH41) -> 21 | AA42: =COUNTIF(年計!$J$2:$O$267,BI41) -> 21 | AB42: =COUNTIF(年計!$J$2:$O$267,BJ41) -> 22 | AC42: =COUNTIF(年計!$J$2:$O$267,BK41) -> 21 | AD42: =COUNTIF(年計!$P$2:$U$267,BL41) -> 20 | AE42: =COUNTIF(年計!$P$2:$U$267,BM41) -> 20 | AF42: =COUNTIF(年計!$P$2:$U$267,BN41) -> 21 | AG42: =COUNTIF(年計!$P$2:$U$267,BO41) -> 20 | AH42: =COUNTIF(年計!$P$2:$U$267,BP41) -> 20 | AM42: 月６ | AN42: 火６ | AO42: 水６ | AP42: 木６ | AQ42: 金６ | AR42: 月６ | AS42: 火６ | AT42: 水６ | AU42: 木６ | AV42: 金６ | AW42: 月６ | AX42: 火６ | AY42: 水６ | AZ42: 木６ | BA42: 金６ | BB42: 月６ | BC42: 火６ | BD42: 水６ | BE42: 木６ | BF42: 金６ | BG42: 月６ | BH42: 火６ | BI42: 水６ | BJ42: 木６ | BK42: 金６ | BL42: 月６ | BM42: 火６ | BN42: 水６ | BO42: 木６ | BP42: 金６
A43: 6 | B43: =COUNTIF(年計!$D$235:$I$267,AM42) -> 4 | C43: =COUNTIF(年計!$D$235:$I$267,AN42) -> 4 | D43: =COUNTIF(年計!$D$235:$I$267,AO42) -> 2 | E43: =COUNTIF(年計!$D$235:$I$267,AP42) -> 0 | F43: =COUNTIF(年計!$D$235:$I$267,AQ42) -> 2 | G43: =COUNTIF(年計!$J$235:$O$267,AR42) -> 6 | H43: =COUNTIF(年計!$J$235:$O$267,AS42) -> 4 | I43: =COUNTIF(年計!$J$235:$O$267,AT42) -> 2 | J43: =COUNTIF(年計!$J$235:$O$267,AU42) -> 0 | K43: =COUNTIF(年計!$J$235:$O$267,AV42) -> 3 | L43: =COUNTIF(年計!$P$235:$U$267,AW42) -> 5 | M43: =COUNTIF(年計!$P$235:$U$267,AX42) -> 4 | N43: =COUNTIF(年計!$P$235:$U$267,AY42) -> 2 | O43: =COUNTIF(年計!$P$235:$U$267,AZ42) -> 0 | P43: =COUNTIF(年計!$P$235:$U$267,BA42) -> 3 | S43: 6 | T43: =COUNTIF(年計!$D$2:$I$267,BB42) -> 17 | U43: =COUNTIF(年計!$D$2:$I$267,BC42) -> 22 | V43: =COUNTIF(年計!$D$2:$I$267,BD42) -> 31 | W43: =COUNTIF(年計!$D$2:$I$267,BE42) -> 0 | X43: =COUNTIF(年計!$D$2:$I$267,BF42) -> 17 | Y43: =COUNTIF(年計!$J$2:$O$267,BG42) -> 19 | Z43: =COUNTIF(年計!$J$2:$O$267,BH42) -> 22 | AA43: =COUNTIF(年計!$J$2:$O$267,BI42) -> 29 | AB43: =COUNTIF(年計!$J$2:$O$267,BJ42) -> 0 | AC43: =COUNTIF(年計!$J$2:$O$267,BK42) -> 17 | AD43: =COUNTIF(年計!$P$2:$U$267,BL42) -> 18 | AE43: =COUNTIF(年計!$P$2:$U$267,BM42) -> 18 | AF43: =COUNTIF(年計!$P$2:$U$267,BN42) -> 29 | AG43: =COUNTIF(年計!$P$2:$U$267,BO42) -> 0 | AH43: =COUNTIF(年計!$P$2:$U$267,BP42) -> 14
A44: ＜1月初め～１２年学年末テ＞ | S44: ＜１２年学年末テまで 累計＞
B45: 月 | C45: 火 | D45: 水 | E45: 木 | F45: 金 | G45: 月 | H45: 火 | I45: 水 | J45: 木 | K45: 金 | L45: 月 | M45: 火 | N45: 水 | O45: 木 | P45: 金 | T45: 月 | U45: 火 | V45: 水 | W45: 木 | X45: 金 | Y45: 月 | Z45: 火 | AA45: 水 | AB45: 木 | AC45: 金 | AD45: 月 | AE45: 火 | AF45: 水 | AG45: 木 | AH45: 金 | AI45: 12年定期テスト⑤ | AJ45: =MATCH(AI45,年計!$C$2:$C$367,0) -> #N/A | AM45: 月１ | AN45: 火１ | AO45: 水１ | AP45: 木１ | AQ45: 金１ | AR45: 月１ | AS45: 火１ | AT45: 水１ | AU45: 木１ | AV45: 金１ | AW45: 月１ | AX45: 火１ | AY45: 水１ | AZ45: 木１ | BA45: 金１ | BB45: 月１ | BC45: 火１ | BD45: 水１ | BE45: 木１ | BF45: 金１ | BG45: 月１ | BH45: 火１ | BI45: 水１ | BJ45: 木１ | BK45: 金１ | BL45: 月１ | BM45: 火１ | BN45: 水１ | BO45: 木１ | BP45: 金１
A46: 1 | B46: =COUNTIF(年計!$D$282:$I$324,AM45) -> 4 | C46: =COUNTIF(年計!$D$282:$I$324,AN45) -> 5 | D46: =COUNTIF(年計!$D$282:$I$324,AO45) -> 6 | E46: =COUNTIF(年計!$D$282:$I$324,AP45) -> 5 | F46: =COUNTIF(年計!$D$282:$I$324,AQ45) -> 5 | G46: =COUNTIF(年計!$J$282:$O$324,AR45) -> 4 | H46: =COUNTIF(年計!$J$282:$O$324,AS45) -> 5 | I46: =COUNTIF(年計!$J$282:$O$324,AT45) -> 5 | J46: =COUNTIF(年計!$J$282:$O$324,AU45) -> 4 | K46: =COUNTIF(年計!$J$282:$O$324,AV45) -> 5 | L46: =COUNTIF(年計!$P$282:$U$324,AW45) -> 3 | M46: =COUNTIF(年計!$P$282:$U$324,AX45) -> 5 | N46: =COUNTIF(年計!$P$282:$U$324,AY45) -> 6 | O46: =COUNTIF(年計!$P$282:$U$324,AZ45) -> 5 | P46: =COUNTIF(年計!$P$282:$U$324,BA45) -> 5 | S46: 1 | T46: =COUNTIF(年計!$D$3:$I$324,BB45) -> 27 | U46: =COUNTIF(年計!$D$3:$I$324,BC45) -> 27 | V46: =COUNTIF(年計!$D$3:$I$324,BD45) -> 27 | W46: =COUNTIF(年計!$D$3:$I$324,BE45) -> 28 | X46: =COUNTIF(年計!$D$3:$I$324,BF45) -> 28 | Y46: =COUNTIF(年計!$J$3:$O$324,BG45) -> 26 | Z46: =COUNTIF(年計!$J$3:$O$324,BH45) -> 27 | AA46: =COUNTIF(年計!$J$3:$O$324,BI45) -> 26 | AB46: =COUNTIF(年計!$J$3:$O$324,BJ45) -> 26 | AC46: =COUNTIF(年計!$J$3:$O$324,BK45) -> 27 | AD46: =COUNTIF(年計!$P$3:$U$324,BL45) -> 25 | AE46: =COUNTIF(年計!$P$3:$U$324,BM45) -> 26 | AF46: =COUNTIF(年計!$P$3:$U$324,BN45) -> 26 | AG46: =COUNTIF(年計!$P$3:$U$324,BO45) -> 26 | AH46: =COUNTIF(年計!$P$3:$U$324,BP45) -> 25 | AM46: 月２ | AN46: 火２ | AO46: 水２ | AP46: 木２ | AQ46: 金２ | AR46: 月２ | AS46: 火２ | AT46: 水２ | AU46: 木２ | AV46: 金２ | AW46: 月２ | AX46: 火２ | AY46: 水２ | AZ46: 木２ | BA46: 金２ | BB46: 月２ | BC46: 火２ | BD46: 水２ | BE46: 木２ | BF46: 金２ | BG46: 月２ | BH46: 火２ | BI46: 水２ | BJ46: 木２ | BK46: 金２ | BL46: 月２ | BM46: 火２ | BN46: 水２ | BO46: 木２ | BP46: 金２
A47: 2 | B47: =COUNTIF(年計!$D$282:$I$324,AM46) -> 5 | C47: =COUNTIF(年計!$D$282:$I$324,AN46) -> 5 | D47: =COUNTIF(年計!$D$282:$I$324,AO46) -> 6 | E47: =COUNTIF(年計!$D$282:$I$324,AP46) -> 5 | F47: =COUNTIF(年計!$D$282:$I$324,AQ46) -> 5 | G47: =COUNTIF(年計!$J$282:$O$324,AR46) -> 5 | H47: =COUNTIF(年計!$J$282:$O$324,AS46) -> 5 | I47: =COUNTIF(年計!$J$282:$O$324,AT46) -> 5 | J47: =COUNTIF(年計!$J$282:$O$324,AU46) -> 4 | K47: =COUNTIF(年計!$J$282:$O$324,AV46) -> 5 | L47: =COUNTIF(年計!$P$282:$U$324,AW46) -> 4 | M47: =COUNTIF(年計!$P$282:$U$324,AX46) -> 5 | N47: =COUNTIF(年計!$P$282:$U$324,AY46) -> 6 | O47: =COUNTIF(年計!$P$282:$U$324,AZ46) -> 4 | P47: =COUNTIF(年計!$P$282:$U$324,BA46) -> 4 | S47: 2 | T47: =COUNTIF(年計!$D$3:$I$324,BB46) -> 27 | U47: =COUNTIF(年計!$D$3:$I$324,BC46) -> 27 | V47: =COUNTIF(年計!$D$3:$I$324,BD46) -> 28 | W47: =COUNTIF(年計!$D$3:$I$324,BE46) -> 28 | X47: =COUNTIF(年計!$D$3:$I$324,BF46) -> 28 | Y47: =COUNTIF(年計!$J$3:$O$324,BG46) -> 26 | Z47: =COUNTIF(年計!$J$3:$O$324,BH46) -> 27 | AA47: =COUNTIF(年計!$J$3:$O$324,BI46) -> 25 | AB47: =COUNTIF(年計!$J$3:$O$324,BJ46) -> 26 | AC47: =COUNTIF(年計!$J$3:$O$324,BK46) -> 27 | AD47: =COUNTIF(年計!$P$3:$U$324,BL46) -> 25 | AE47: =COUNTIF(年計!$P$3:$U$324,BM46) -> 26 | AF47: =COUNTIF(年計!$P$3:$U$324,BN46) -> 25 | AG47: =COUNTIF(年計!$P$3:$U$324,BO46) -> 25 | AH47: =COUNTIF(年計!$P$3:$U$324,BP46) -> 25 | AM47: 月３ | AN47: 火３ | AO47: 水３ | AP47: 木３ | AQ47: 金３ | AR47: 月３ | AS47: 火３ | AT47: 水３ | AU47: 木３ | AV47: 金３ | AW47: 月３ | AX47: 火３ | AY47: 水３ | AZ47: 木３ | BA47: 金３ | BB47: 月３ | BC47: 火３ | BD47: 水３ | BE47: 木３ | BF47: 金３ | BG47: 月３ | BH47: 火３ | BI47: 水３ | BJ47: 木３ | BK47: 金３ | BL47: 月３ | BM47: 火３ | BN47: 水３ | BO47: 木３ | BP47: 金３
A48: 3 | B48: =COUNTIF(年計!$D$282:$I$324,AM47) -> 5 | C48: =COUNTIF(年計!$D$282:$I$324,AN47) -> 5 | D48: =COUNTIF(年計!$D$282:$I$324,AO47) -> 5 | E48: =COUNTIF(年計!$D$282:$I$324,AP47) -> 5 | F48: =COUNTIF(年計!$D$282:$I$324,AQ47) -> 5 | G48: =COUNTIF(年計!$J$282:$O$324,AR47) -> 5 | H48: =COUNTIF(年計!$J$282:$O$324,AS47) -> 5 | I48: =COUNTIF(年計!$J$282:$O$324,AT47) -> 4 | J48: =COUNTIF(年計!$J$282:$O$324,AU47) -> 4 | K48: =COUNTIF(年計!$J$282:$O$324,AV47) -> 5 | L48: =COUNTIF(年計!$P$282:$U$324,AW47) -> 4 | M48: =COUNTIF(年計!$P$282:$U$324,AX47) -> 5 | N48: =COUNTIF(年計!$P$282:$U$324,AY47) -> 4 | O48: =COUNTIF(年計!$P$282:$U$324,AZ47) -> 4 | P48: =COUNTIF(年計!$P$282:$U$324,BA47) -> 4 | S48: 3 | T48: =COUNTIF(年計!$D$3:$I$324,BB47) -> 27 | U48: =COUNTIF(年計!$D$3:$I$324,BC47) -> 27 | V48: =COUNTIF(年計!$D$3:$I$324,BD47) -> 27 | W48: =COUNTIF(年計!$D$3:$I$324,BE47) -> 28 | X48: =COUNTIF(年計!$D$3:$I$324,BF47) -> 28 | Y48: =COUNTIF(年計!$J$3:$O$324,BG47) -> 26 | Z48: =COUNTIF(年計!$J$3:$O$324,BH47) -> 27 | AA48: =COUNTIF(年計!$J$3:$O$324,BI47) -> 25 | AB48: =COUNTIF(年計!$J$3:$O$324,BJ47) -> 26 | AC48: =COUNTIF(年計!$J$3:$O$324,BK47) -> 27 | AD48: =COUNTIF(年計!$P$3:$U$324,BL47) -> 25 | AE48: =COUNTIF(年計!$P$3:$U$324,BM47) -> 26 | AF48: =COUNTIF(年計!$P$3:$U$324,BN47) -> 25 | AG48: =COUNTIF(年計!$P$3:$U$324,BO47) -> 24 | AH48: =COUNTIF(年計!$P$3:$U$324,BP47) -> 24 | AM48: 月４ | AN48: 火４ | AO48: 水４ | AP48: 木４ | AQ48: 金４ | AR48: 月４ | AS48: 火４ | AT48: 水４ | AU48: 木４ | AV48: 金４ | AW48: 月４ | AX48: 火４ | AY48: 水４ | AZ48: 木４ | BA48: 金４ | BB48: 月４ | BC48: 火４ | BD48: 水４ | BE48: 木４ | BF48: 金４ | BG48: 月４ | BH48: 火４ | BI48: 水４ | BJ48: 木４ | BK48: 金４ | BL48: 月４ | BM48: 火４ | BN48: 水４ | BO48: 木４ | BP48: 金４
A49: 4 | B49: =COUNTIF(年計!$D$282:$I$324,AM48) -> 5 | C49: =COUNTIF(年計!$D$282:$I$324,AN48) -> 4 | D49: =COUNTIF(年計!$D$282:$I$324,AO48) -> 5 | E49: =COUNTIF(年計!$D$282:$I$324,AP48) -> 5 | F49: =COUNTIF(年計!$D$282:$I$324,AQ48) -> 5 | G49: =COUNTIF(年計!$J$282:$O$324,AR48) -> 5 | H49: =COUNTIF(年計!$J$282:$O$324,AS48) -> 4 | I49: =COUNTIF(年計!$J$282:$O$324,AT48) -> 4 | J49: =COUNTIF(年計!$J$282:$O$324,AU48) -> 4 | K49: =COUNTIF(年計!$J$282:$O$324,AV48) -> 5 | L49: =COUNTIF(年計!$P$282:$U$324,AW48) -> 4 | M49: =COUNTIF(年計!$P$282:$U$324,AX48) -> 4 | N49: =COUNTIF(年計!$P$282:$U$324,AY48) -> 4 | O49: =COUNTIF(年計!$P$282:$U$324,AZ48) -> 4 | P49: =COUNTIF(年計!$P$282:$U$324,BA48) -> 4 | S49: 4 | T49: =COUNTIF(年計!$D$3:$I$324,BB48) -> 27 | U49: =COUNTIF(年計!$D$3:$I$324,BC48) -> 27 | V49: =COUNTIF(年計!$D$3:$I$324,BD48) -> 27 | W49: =COUNTIF(年計!$D$3:$I$324,BE48) -> 27 | X49: =COUNTIF(年計!$D$3:$I$324,BF48) -> 28 | Y49: =COUNTIF(年計!$J$3:$O$324,BG48) -> 26 | Z49: =COUNTIF(年計!$J$3:$O$324,BH48) -> 27 | AA49: =COUNTIF(年計!$J$3:$O$324,BI48) -> 25 | AB49: =COUNTIF(年計!$J$3:$O$324,BJ48) -> 26 | AC49: =COUNTIF(年計!$J$3:$O$324,BK48) -> 27 | AD49: =COUNTIF(年計!$P$3:$U$324,BL48) -> 25 | AE49: =COUNTIF(年計!$P$3:$U$324,BM48) -> 26 | AF49: =COUNTIF(年計!$P$3:$U$324,BN48) -> 25 | AG49: =COUNTIF(年計!$P$3:$U$324,BO48) -> 24 | AH49: =COUNTIF(年計!$P$3:$U$324,BP48) -> 24 | AM49: 月５ | AN49: 火５ | AO49: 水５ | AP49: 木５ | AQ49: 金５ | AR49: 月５ | AS49: 火５ | AT49: 水５ | AU49: 木５ | AV49: 金５ | AW49: 月５ | AX49: 火５ | AY49: 水５ | AZ49: 木５ | BA49: 金５ | BB49: 月５ | BC49: 火５ | BD49: 水５ | BE49: 木５ | BF49: 金５ | BG49: 月５ | BH49: 火５ | BI49: 水５ | BJ49: 木５ | BK49: 金５ | BL49: 月５ | BM49: 火５ | BN49: 水５ | BO49: 木５ | BP49: 金５
A50: 5 | B50: =COUNTIF(年計!$D$282:$I$324,AM49) -> 5 | C50: =COUNTIF(年計!$D$282:$I$324,AN49) -> 5 | D50: =COUNTIF(年計!$D$282:$I$324,AO49) -> 6 | E50: =COUNTIF(年計!$D$282:$I$324,AP49) -> 5 | F50: =COUNTIF(年計!$D$282:$I$324,AQ49) -> 5 | G50: =COUNTIF(年計!$J$282:$O$324,AR49) -> 5 | H50: =COUNTIF(年計!$J$282:$O$324,AS49) -> 5 | I50: =COUNTIF(年計!$J$282:$O$324,AT49) -> 5 | J50: =COUNTIF(年計!$J$282:$O$324,AU49) -> 4 | K50: =COUNTIF(年計!$J$282:$O$324,AV49) -> 5 | L50: =COUNTIF(年計!$P$282:$U$324,AW49) -> 4 | M50: =COUNTIF(年計!$P$282:$U$324,AX49) -> 4 | N50: =COUNTIF(年計!$P$282:$U$324,AY49) -> 5 | O50: =COUNTIF(年計!$P$282:$U$324,AZ49) -> 5 | P50: =COUNTIF(年計!$P$282:$U$324,BA49) -> 5 | S50: 5 | T50: =COUNTIF(年計!$D$3:$I$324,BB49) -> 27 | U50: =COUNTIF(年計!$D$3:$I$324,BC49) -> 28 | V50: =COUNTIF(年計!$D$3:$I$324,BD49) -> 27 | W50: =COUNTIF(年計!$D$3:$I$324,BE49) -> 28 | X50: =COUNTIF(年計!$D$3:$I$324,BF49) -> 27 | Y50: =COUNTIF(年計!$J$3:$O$324,BG49) -> 26 | Z50: =COUNTIF(年計!$J$3:$O$324,BH49) -> 27 | AA50: =COUNTIF(年計!$J$3:$O$324,BI49) -> 26 | AB50: =COUNTIF(年計!$J$3:$O$324,BJ49) -> 26 | AC50: =COUNTIF(年計!$J$3:$O$324,BK49) -> 26 | AD50: =COUNTIF(年計!$P$3:$U$324,BL49) -> 24 | AE50: =COUNTIF(年計!$P$3:$U$324,BM49) -> 25 | AF50: =COUNTIF(年計!$P$3:$U$324,BN49) -> 26 | AG50: =COUNTIF(年計!$P$3:$U$324,BO49) -> 25 | AH50: =COUNTIF(年計!$P$3:$U$324,BP49) -> 25 | AM50: 月６ | AN50: 火６ | AO50: 水６ | AP50: 木６ | AQ50: 金６ | AR50: 月６ | AS50: 火６ | AT50: 水６ | AU50: 木６ | AV50: 金６ | AW50: 月６ | AX50: 火６ | AY50: 水６ | AZ50: 木６ | BA50: 金６ | BB50: 月６ | BC50: 火６ | BD50: 水６ | BE50: 木６ | BF50: 金６ | BG50: 月６ | BH50: 火６ | BI50: 水６ | BJ50: 木６ | BK50: 金６ | BL50: 月６ | BM50: 火６ | BN50: 水６ | BO50: 木６ | BP50: 金６
A51: 6 | B51: =COUNTIF(年計!$D$282:$I$324,AM50) -> 3 | C51: =COUNTIF(年計!$D$282:$I$324,AN50) -> 6 | D51: =COUNTIF(年計!$D$282:$I$324,AO50) -> 6 | E51: =COUNTIF(年計!$D$282:$I$324,AP50) -> 0 | F51: =COUNTIF(年計!$D$282:$I$324,AQ50) -> 5 | G51: =COUNTIF(年計!$J$282:$O$324,AR50) -> 3 | H51: =COUNTIF(年計!$J$282:$O$324,AS50) -> 6 | I51: =COUNTIF(年計!$J$282:$O$324,AT50) -> 5 | J51: =COUNTIF(年計!$J$282:$O$324,AU50) -> 0 | K51: =COUNTIF(年計!$J$282:$O$324,AV50) -> 5 | L51: =COUNTIF(年計!$P$282:$U$324,AW50) -> 3 | M51: =COUNTIF(年計!$P$282:$U$324,AX50) -> 5 | N51: =COUNTIF(年計!$P$282:$U$324,AY50) -> 4 | O51: =COUNTIF(年計!$P$282:$U$324,AZ50) -> 0 | P51: =COUNTIF(年計!$P$282:$U$324,BA50) -> 3 | S51: 6 | T51: =COUNTIF(年計!$D$3:$I$324,BB50) -> 20 | U51: =COUNTIF(年計!$D$3:$I$324,BC50) -> 28 | V51: =COUNTIF(年計!$D$3:$I$324,BD50) -> 39 | W51: =COUNTIF(年計!$D$3:$I$324,BE50) -> 0 | X51: =COUNTIF(年計!$D$3:$I$324,BF50) -> 22 | Y51: =COUNTIF(年計!$J$3:$O$324,BG50) -> 22 | Z51: =COUNTIF(年計!$J$3:$O$324,BH50) -> 28 | AA51: =COUNTIF(年計!$J$3:$O$324,BI50) -> 36 | AB51: =COUNTIF(年計!$J$3:$O$324,BJ50) -> 0 | AC51: =COUNTIF(年計!$J$3:$O$324,BK50) -> 22 | AD51: =COUNTIF(年計!$P$3:$U$324,BL50) -> 21 | AE51: =COUNTIF(年計!$P$3:$U$324,BM50) -> 23 | AF51: =COUNTIF(年計!$P$3:$U$324,BN50) -> 35 | AG51: =COUNTIF(年計!$P$3:$U$324,BO50) -> 0 | AH51: =COUNTIF(年計!$P$3:$U$324,BP50) -> 17
A52: ＜１２年学年末テスト後＞ | S52: ＜1年間 累計＞
B53: 月 | C53: 火 | D53: 水 | E53: 木 | F53: 金 | G53: 月 | H53: 火 | I53: 水 | J53: 木 | K53: 金 | L53: 月 | M53: 火 | N53: 水 | O53: 木 | P53: 金 | T53: 月 | U53: 火 | V53: 水 | W53: 木 | X53: 金 | Y53: 月 | Z53: 火 | AA53: 水 | AB53: 木 | AC53: 金 | AD53: 月 | AE53: 火 | AF53: 水 | AG53: 木 | AH53: 金 | AM53: 月１ | AN53: 火１ | AO53: 水１ | AP53: 木１ | AQ53: 金１ | AR53: 月１ | AS53: 火１ | AT53: 水１ | AU53: 木１ | AV53: 金１ | AW53: 月１ | AX53: 火１ | AY53: 水１ | AZ53: 木１ | BA53: 金１ | BB53: 月１ | BC53: 火１ | BD53: 水１ | BE53: 木１ | BF53: 金１ | BG53: 月１ | BH53: 火１ | BI53: 水１ | BJ53: 木１ | BK53: 金１ | BL53: 月１ | BM53: 火１ | BN53: 水１ | BO53: 木１ | BP53: 金１
A54: 1 | B54: =COUNTIF(年計!$D$331:$I$360,AM53) -> 3 | C54: =COUNTIF(年計!$D$331:$I$360,AN53) -> 3 | D54: =COUNTIF(年計!$D$331:$I$360,AO53) -> 4 | E54: =COUNTIF(年計!$D$331:$I$360,AP53) -> 4 | F54: =COUNTIF(年計!$D$331:$I$360,AQ53) -> 3 | G54: =COUNTIF(年計!$J$331:$O$360,AR53) -> 3 | H54: =COUNTIF(年計!$J$331:$O$360,AS53) -> 3 | I54: =COUNTIF(年計!$J$331:$O$360,AT53) -> 4 | J54: =COUNTIF(年計!$J$331:$O$360,AU53) -> 4 | K54: =COUNTIF(年計!$J$331:$O$360,AV53) -> 3 | L54: =COUNTIF(年計!$P$331:$U$360,AW53) -> 1 | M54: =COUNTIF(年計!$P$331:$U$360,AX53) -> 1 | N54: =COUNTIF(年計!$P$331:$U$360,AY53) -> 1 | O54: =COUNTIF(年計!$P$331:$U$360,AZ53) -> 1 | P54: =COUNTIF(年計!$P$331:$U$360,BA53) -> 1 | S54: 1 | T54: =COUNTIF(年計!$D$3:$I$359,BB53) -> 31 | U54: =COUNTIF(年計!$D$3:$I$359,BC53) -> 30 | V54: =COUNTIF(年計!$D$3:$I$359,BD53) -> 31 | W54: =COUNTIF(年計!$D$3:$I$359,BE53) -> 32 | X54: =COUNTIF(年計!$D$3:$I$359,BF53) -> 31 | Y54: =COUNTIF(年計!$J$3:$O$359,BG53) -> 30 | Z54: =COUNTIF(年計!$J$3:$O$359,BH53) -> 30 | AA54: =COUNTIF(年計!$J$3:$O$359,BI53) -> 30 | AB54: =COUNTIF(年計!$J$3:$O$359,BJ53) -> 30 | AC54: =COUNTIF(年計!$J$3:$O$359,BK53) -> 30 | AD54: =COUNTIF(年計!$P$3:$U$359,BL53) -> 27 | AE54: =COUNTIF(年計!$P$3:$U$359,BM53) -> 27 | AF54: =COUNTIF(年計!$P$3:$U$359,BN53) -> 27 | AG54: =COUNTIF(年計!$P$3:$U$359,BO53) -> 27 | AH54: =COUNTIF(年計!$P$3:$U$359,BP53) -> 26 | AI54: 修了式 | AJ54: =MATCH(AI54,年計!$C$2:$C$367,0) -> #N/A | AM54: 月２ | AN54: 火２ | AO54: 水２ | AP54: 木２ | AQ54: 金２ | AR54: 月２ | AS54: 火２ | AT54: 水２ | AU54: 木２ | AV54: 金２ | AW54: 月２ | AX54: 火２ | AY54: 水２ | AZ54: 木２ | BA54: 金２ | BB54: 月２ | BC54: 火２ | BD54: 水２ | BE54: 木２ | BF54: 金２ | BG54: 月２ | BH54: 火２ | BI54: 水２ | BJ54: 木２ | BK54: 金２ | BL54: 月２ | BM54: 火２ | BN54: 水２ | BO54: 木２ | BP54: 金２
A55: 2 | B55: =COUNTIF(年計!$D$331:$I$360,AM54) -> 2 | C55: =COUNTIF(年計!$D$331:$I$360,AN54) -> 3 | D55: =COUNTIF(年計!$D$331:$I$360,AO54) -> 4 | E55: =COUNTIF(年計!$D$331:$I$360,AP54) -> 3 | F55: =COUNTIF(年計!$D$331:$I$360,AQ54) -> 2 | G55: =COUNTIF(年計!$J$331:$O$360,AR54) -> 2 | H55: =COUNTIF(年計!$J$331:$O$360,AS54) -> 3 | I55: =COUNTIF(年計!$J$331:$O$360,AT54) -> 4 | J55: =COUNTIF(年計!$J$331:$O$360,AU54) -> 3 | K55: =COUNTIF(年計!$J$331:$O$360,AV54) -> 2 | L55: =COUNTIF(年計!$P$331:$U$360,AW54) -> 1 | M55: =COUNTIF(年計!$P$331:$U$360,AX54) -> 1 | N55: =COUNTIF(年計!$P$331:$U$360,AY54) -> 1 | O55: =COUNTIF(年計!$P$331:$U$360,AZ54) -> 1 | P55: =COUNTIF(年計!$P$331:$U$360,BA54) -> 1 | S55: 2 | T55: =COUNTIF(年計!$D$3:$I$359,BB54) -> 30 | U55: =COUNTIF(年計!$D$3:$I$359,BC54) -> 30 | V55: =COUNTIF(年計!$D$3:$I$359,BD54) -> 32 | W55: =COUNTIF(年計!$D$3:$I$359,BE54) -> 31 | X55: =COUNTIF(年計!$D$3:$I$359,BF54) -> 30 | Y55: =COUNTIF(年計!$J$3:$O$359,BG54) -> 29 | Z55: =COUNTIF(年計!$J$3:$O$359,BH54) -> 30 | AA55: =COUNTIF(年計!$J$3:$O$359,BI54) -> 29 | AB55: =COUNTIF(年計!$J$3:$O$359,BJ54) -> 29 | AC55: =COUNTIF(年計!$J$3:$O$359,BK54) -> 29 | AD55: =COUNTIF(年計!$P$3:$U$359,BL54) -> 27 | AE55: =COUNTIF(年計!$P$3:$U$359,BM54) -> 27 | AF55: =COUNTIF(年計!$P$3:$U$359,BN54) -> 26 | AG55: =COUNTIF(年計!$P$3:$U$359,BO54) -> 26 | AH55: =COUNTIF(年計!$P$3:$U$359,BP54) -> 26 | AM55: 月３ | AN55: 火３ | AO55: 水３ | AP55: 木３ | AQ55: 金３ | AR55: 月３ | AS55: 火３ | AT55: 水３ | AU55: 木３ | AV55: 金３ | AW55: 月３ | AX55: 火３ | AY55: 水３ | AZ55: 木３ | BA55: 金３ | BB55: 月３ | BC55: 火３ | BD55: 水３ | BE55: 木３ | BF55: 金３ | BG55: 月３ | BH55: 火３ | BI55: 水３ | BJ55: 木３ | BK55: 金３ | BL55: 月３ | BM55: 火３ | BN55: 水３ | BO55: 木３ | BP55: 金３
A56: 3 | B56: =COUNTIF(年計!$D$331:$I$360,AM55) -> 3 | C56: =COUNTIF(年計!$D$331:$I$360,AN55) -> 3 | D56: =COUNTIF(年計!$D$331:$I$360,AO55) -> 4 | E56: =COUNTIF(年計!$D$331:$I$360,AP55) -> 4 | F56: =COUNTIF(年計!$D$331:$I$360,AQ55) -> 3 | G56: =COUNTIF(年計!$J$331:$O$360,AR55) -> 3 | H56: =COUNTIF(年計!$J$331:$O$360,AS55) -> 3 | I56: =COUNTIF(年計!$J$331:$O$360,AT55) -> 4 | J56: =COUNTIF(年計!$J$331:$O$360,AU55) -> 3 | K56: =COUNTIF(年計!$J$331:$O$360,AV55) -> 3 | L56: =COUNTIF(年計!$P$331:$U$360,AW55) -> 1 | M56: =COUNTIF(年計!$P$331:$U$360,AX55) -> 1 | N56: =COUNTIF(年計!$P$331:$U$360,AY55) -> 1 | O56: =COUNTIF(年計!$P$331:$U$360,AZ55) -> 1 | P56: =COUNTIF(年計!$P$331:$U$360,BA55) -> 1 | S56: 3 | T56: =COUNTIF(年計!$D$3:$I$359,BB55) -> 31 | U56: =COUNTIF(年計!$D$3:$I$359,BC55) -> 30 | V56: =COUNTIF(年計!$D$3:$I$359,BD55) -> 31 | W56: =COUNTIF(年計!$D$3:$I$359,BE55) -> 32 | X56: =COUNTIF(年計!$D$3:$I$359,BF55) -> 31 | Y56: =COUNTIF(年計!$J$3:$O$359,BG55) -> 30 | Z56: =COUNTIF(年計!$J$3:$O$359,BH55) -> 30 | AA56: =COUNTIF(年計!$J$3:$O$359,BI55) -> 29 | AB56: =COUNTIF(年計!$J$3:$O$359,BJ55) -> 29 | AC56: =COUNTIF(年計!$J$3:$O$359,BK55) -> 30 | AD56: =COUNTIF(年計!$P$3:$U$359,BL55) -> 27 | AE56: =COUNTIF(年計!$P$3:$U$359,BM55) -> 27 | AF56: =COUNTIF(年計!$P$3:$U$359,BN55) -> 26 | AG56: =COUNTIF(年計!$P$3:$U$359,BO55) -> 25 | AH56: =COUNTIF(年計!$P$3:$U$359,BP55) -> 25 | AM56: 月４ | AN56: 火４ | AO56: 水４ | AP56: 木４ | AQ56: 金４ | AR56: 月４ | AS56: 火４ | AT56: 水４ | AU56: 木４ | AV56: 金４ | AW56: 月４ | AX56: 火４ | AY56: 水４ | AZ56: 木４ | BA56: 金４ | BB56: 月４ | BC56: 火４ | BD56: 水４ | BE56: 木４ | BF56: 金４ | BG56: 月４ | BH56: 火４ | BI56: 水４ | BJ56: 木４ | BK56: 金４ | BL56: 月４ | BM56: 火４ | BN56: 水４ | BO56: 木４ | BP56: 金４
A57: 4 | B57: =COUNTIF(年計!$D$331:$I$360,AM56) -> 3 | C57: =COUNTIF(年計!$D$331:$I$360,AN56) -> 3 | D57: =COUNTIF(年計!$D$331:$I$360,AO56) -> 4 | E57: =COUNTIF(年計!$D$331:$I$360,AP56) -> 5 | F57: =COUNTIF(年計!$D$331:$I$360,AQ56) -> 2 | G57: =COUNTIF(年計!$J$331:$O$360,AR56) -> 3 | H57: =COUNTIF(年計!$J$331:$O$360,AS56) -> 3 | I57: =COUNTIF(年計!$J$331:$O$360,AT56) -> 4 | J57: =COUNTIF(年計!$J$331:$O$360,AU56) -> 4 | K57: =COUNTIF(年計!$J$331:$O$360,AV56) -> 2 | L57: =COUNTIF(年計!$P$331:$U$360,AW56) -> 1 | M57: =COUNTIF(年計!$P$331:$U$360,AX56) -> 1 | N57: =COUNTIF(年計!$P$331:$U$360,AY56) -> 0 | O57: =COUNTIF(年計!$P$331:$U$360,AZ56) -> 1 | P57: =COUNTIF(年計!$P$331:$U$360,BA56) -> 1 | S57: 4 | T57: =COUNTIF(年計!$D$3:$I$359,BB56) -> 31 | U57: =COUNTIF(年計!$D$3:$I$359,BC56) -> 30 | V57: =COUNTIF(年計!$D$3:$I$359,BD56) -> 31 | W57: =COUNTIF(年計!$D$3:$I$359,BE56) -> 32 | X57: =COUNTIF(年計!$D$3:$I$359,BF56) -> 30 | Y57: =COUNTIF(年計!$J$3:$O$359,BG56) -> 30 | Z57: =COUNTIF(年計!$J$3:$O$359,BH56) -> 30 | AA57: =COUNTIF(年計!$J$3:$O$359,BI56) -> 29 | AB57: =COUNTIF(年計!$J$3:$O$359,BJ56) -> 30 | AC57: =COUNTIF(年計!$J$3:$O$359,BK56) -> 29 | AD57: =COUNTIF(年計!$P$3:$U$359,BL56) -> 27 | AE57: =COUNTIF(年計!$P$3:$U$359,BM56) -> 27 | AF57: =COUNTIF(年計!$P$3:$U$359,BN56) -> 25 | AG57: =COUNTIF(年計!$P$3:$U$359,BO56) -> 25 | AH57: =COUNTIF(年計!$P$3:$U$359,BP56) -> 25 | AM57: 月５ | AN57: 火５ | AO57: 水５ | AP57: 木５ | AQ57: 金５ | AR57: 月５ | AS57: 火５ | AT57: 水５ | AU57: 木５ | AV57: 金５ | AW57: 月５ | AX57: 火５ | AY57: 水５ | AZ57: 木５ | BA57: 金５ | BB57: 月５ | BC57: 火５ | BD57: 水５ | BE57: 木５ | BF57: 金５ | BG57: 月５ | BH57: 火５ | BI57: 水５ | BJ57: 木５ | BK57: 金５ | BL57: 月５ | BM57: 火５ | BN57: 水５ | BO57: 木５ | BP57: 金５
A58: 5 | B58: =COUNTIF(年計!$D$331:$I$360,AM57) -> 2 | C58: =COUNTIF(年計!$D$331:$I$360,AN57) -> 2 | D58: =COUNTIF(年計!$D$331:$I$360,AO57) -> 4 | E58: =COUNTIF(年計!$D$331:$I$360,AP57) -> 4 | F58: =COUNTIF(年計!$D$331:$I$360,AQ57) -> 3 | G58: =COUNTIF(年計!$J$331:$O$360,AR57) -> 2 | H58: =COUNTIF(年計!$J$331:$O$360,AS57) -> 2 | I58: =COUNTIF(年計!$J$331:$O$360,AT57) -> 3 | J58: =COUNTIF(年計!$J$331:$O$360,AU57) -> 4 | K58: =COUNTIF(年計!$J$331:$O$360,AV57) -> 3 | L58: =COUNTIF(年計!$P$331:$U$360,AW57) -> 0 | M58: =COUNTIF(年計!$P$331:$U$360,AX57) -> 0 | N58: =COUNTIF(年計!$P$331:$U$360,AY57) -> 0 | O58: =COUNTIF(年計!$P$331:$U$360,AZ57) -> 1 | P58: =COUNTIF(年計!$P$331:$U$360,BA57) -> 1 | S58: 5 | T58: =COUNTIF(年計!$D$3:$I$359,BB57) -> 30 | U58: =COUNTIF(年計!$D$3:$I$359,BC57) -> 30 | V58: =COUNTIF(年計!$D$3:$I$359,BD57) -> 31 | W58: =COUNTIF(年計!$D$3:$I$359,BE57) -> 32 | X58: =COUNTIF(年計!$D$3:$I$359,BF57) -> 30 | Y58: =COUNTIF(年計!$J$3:$O$359,BG57) -> 29 | Z58: =COUNTIF(年計!$J$3:$O$359,BH57) -> 29 | AA58: =COUNTIF(年計!$J$3:$O$359,BI57) -> 29 | AB58: =COUNTIF(年計!$J$3:$O$359,BJ57) -> 30 | AC58: =COUNTIF(年計!$J$3:$O$359,BK57) -> 29 | AD58: =COUNTIF(年計!$P$3:$U$359,BL57) -> 25 | AE58: =COUNTIF(年計!$P$3:$U$359,BM57) -> 25 | AF58: =COUNTIF(年計!$P$3:$U$359,BN57) -> 26 | AG58: =COUNTIF(年計!$P$3:$U$359,BO57) -> 26 | AH58: =COUNTIF(年計!$P$3:$U$359,BP57) -> 26 | AM58: 月６ | AN58: 火６ | AO58: 水６ | AP58: 木６ | AQ58: 金６ | AR58: 月６ | AS58: 火６ | AT58: 水６ | AU58: 木６ | AV58: 金６ | AW58: 月６ | AX58: 火６ | AY58: 水６ | AZ58: 木６ | BA58: 金６ | BB58: 月６ | BC58: 火６ | BD58: 水６ | BE58: 木６ | BF58: 金６ | BG58: 月６ | BH58: 火６ | BI58: 水６ | BJ58: 木６ | BK58: 金６ | BL58: 月６ | BM58: 火６ | BN58: 水６ | BO58: 木６ | BP58: 金６
A59: 6 | B59: =COUNTIF(年計!$D$331:$I$360,AM58) -> 1 | C59: =COUNTIF(年計!$D$331:$I$360,AN58) -> 2 | D59: =COUNTIF(年計!$D$331:$I$360,AO58) -> 5 | E59: =COUNTIF(年計!$D$331:$I$360,AP58) -> 0 | F59: =COUNTIF(年計!$D$331:$I$360,AQ58) -> 3 | G59: =COUNTIF(年計!$J$331:$O$360,AR58) -> 1 | H59: =COUNTIF(年計!$J$331:$O$360,AS58) -> 2 | I59: =COUNTIF(年計!$J$331:$O$360,AT58) -> 5 | J59: =COUNTIF(年計!$J$331:$O$360,AU58) -> 0 | K59: =COUNTIF(年計!$J$331:$O$360,AV58) -> 3 | L59: =COUNTIF(年計!$P$331:$U$360,AW58) -> 0 | M59: =COUNTIF(年計!$P$331:$U$360,AX58) -> 0 | N59: =COUNTIF(年計!$P$331:$U$360,AY58) -> 2 | O59: =COUNTIF(年計!$P$331:$U$360,AZ58) -> 0 | P59: =COUNTIF(年計!$P$331:$U$360,BA58) -> 1 | S59: 6 | T59: =COUNTIF(年計!$D$3:$I$359,BB58) -> 21 | U59: =COUNTIF(年計!$D$3:$I$359,BC58) -> 30 | V59: =COUNTIF(年計!$D$3:$I$359,BD58) -> 43 | X59: =COUNTIF(年計!$D$3:$I$359,BF58) -> 25 | Y59: =COUNTIF(年計!$J$3:$O$359,BG58) -> 23 | Z59: =COUNTIF(年計!$J$3:$O$359,BH58) -> 30 | AA59: =COUNTIF(年計!$J$3:$O$359,BI58) -> 40 | AC59: =COUNTIF(年計!$J$3:$O$359,BK58) -> 25 | AD59: =COUNTIF(年計!$P$3:$U$359,BL58) -> 21 | AE59: =COUNTIF(年計!$P$3:$U$359,BM58) -> 23 | AF59: =COUNTIF(年計!$P$3:$U$359,BN58) -> 37 | AH59: =COUNTIF(年計!$P$3:$U$359,BP58) -> 18
D206: アジパラ観戦 | J206: アジパラ観戦 | P206: アジパラ観戦
E207: 木４ | F207: 水３ | G207: 水４ | H207: 水５ | K207: 木４ | L207: 水３ | M207: 水４ | N207: 水５ | Q207: 木４ | R207: 水３ | S207: 水４ | T207: 水５
D215: 月６ | J215: 月６ | P215: 月６
D236: 月６ | E236: 金１ | J236: 月６ | K236: 金１
G249: 木５ | M249: 木５ | S249: 木５

Sheet 年計から貼り付け
B1: ３ 月 | F1: 1行目 | G1: 会議 | H1: 貼り付け用データ
A2: 1 | B2: 3送会準備・リハ② | E2: {=INDEX($A:$A,ROW(A1)*2)} -> 1 | F2: {=INDEX($B:$B,ROW(A1)*2)&INDEX($B:$B,ROW(A1)*2+1)} -> 3送会準備・リハ② | G2: {=INDEX($C:$C,ROW(B1)*2)&INDEX($C:$C,ROW(B1)*2+1)} | H2: =IF(OR(F2="",G2="",TRIM(H1)=""),F2&G2,F2&"・"&G2) -> 3送会準備・リハ②
A3: 月 | E3: {=INDEX($A:$A,ROW(A1)*2+2)} -> 2 | F3: {=INDEX($B:$B,ROW(A2)*2)&" "&INDEX($B:$B,ROW(A2)*2+1)} -> 3年生を送る会 | G3: {=INDEX($C:$C,ROW(B2)*2)&INDEX($C:$C,ROW(B2)*2+1)} | H3: =IF(OR(F3="",G3="",TRIM(H2)=""),F3&G3,F3&"・"&G3) -> 3年生を送る会
A4: 2 | B4: 3年生を送る会 | E4: {=INDEX($A:$A,ROW(A2)*2+2)} -> 3 | F4: {=INDEX($B:$B,ROW(A3)*2)&" "&INDEX($B:$B,ROW(A3)*2+1)} | G4: {=INDEX($C:$C,ROW(B3)*2)&INDEX($C:$C,ROW(B3)*2+1)} | H4: =IF(OR(F4="",G4="",TRIM(H3)=""),F4&G4,F4&"・"&G4)
A5: 火 | E5: {=INDEX($A:$A,ROW(A3)*2+2)} -> 4 | F5: {=INDEX($B:$B,ROW(A4)*2)&" "&INDEX($B:$B,ROW(A4)*2+1)} -> 卒業式準備 | G5: {=INDEX($C:$C,ROW(B4)*2)&INDEX($C:$C,ROW(B4)*2+1)} | H5: =IF(OR(F5="",G5="",TRIM(H4)=""),F5&G5,F5&"・"&G5) -> 卒業式準備
A6: 3 | E6: {=INDEX($A:$A,ROW(A4)*2+2)} -> 5 | F6: {=INDEX($B:$B,ROW(A5)*2)&" "&INDEX($B:$B,ROW(A5)*2+1)} -> 卒業式 | G6: {=INDEX($C:$C,ROW(B5)*2)&INDEX($C:$C,ROW(B5)*2+1)} -> 定1･2年成績一覧表提出 | H6: =IF(OR(F6="",G6="",TRIM(H5)=""),F6&G6,F6&"・"&G6) -> 卒業式 ・定1･2年成績一覧表提出
A7: 水 | E7: {=INDEX($A:$A,ROW(A5)*2+2)} -> 6 | F7: {=INDEX($B:$B,ROW(A6)*2)&" "&INDEX($B:$B,ROW(A6)*2+1)} | G7: {=INDEX($C:$C,ROW(B6)*2)&INDEX($C:$C,ROW(B6)*2+1)} | H7: =IF(OR(F7="",G7="",TRIM(H6)=""),F7&G7,F7&"・"&G7)
A8: 4 | B8: 卒業式準備 | E8: {=INDEX($A:$A,ROW(A6)*2+2)} -> 7 | F8: {=INDEX($B:$B,ROW(A7)*2)&" "&INDEX($B:$B,ROW(A7)*2+1)} | G8: {=INDEX($C:$C,ROW(B7)*2)&INDEX($C:$C,ROW(B7)*2+1)} | H8: =IF(OR(F8="",G8="",TRIM(H7)=""),F8&G8,F8&"・"&G8)
A9: 木 | E9: {=INDEX($A:$A,ROW(A7)*2+2)} -> 8 | F9: {=INDEX($B:$B,ROW(A8)*2)&" "&INDEX($B:$B,ROW(A8)*2+1)} -> 【公立一般合格発表】 | G9: {=INDEX($C:$C,ROW(B8)*2)&INDEX($C:$C,ROW(B8)*2+1)} -> 進認職11 | H9: =IF(OR(F9="",G9="",TRIM(H8)=""),F9&G9,F9&"・"&G9) -> 【公立一般合格発表】進認職11
A10: 5 | B10: 卒業式 | C10: 定 | E10: {=INDEX($A:$A,ROW(A8)*2+2)} -> 9 | F10: {=INDEX($B:$B,ROW(A9)*2)&" "&INDEX($B:$B,ROW(A9)*2+1)} -> 選挙管理委員会 ▼小中連絡会(汐路) 1･2年通知表（本）提出 | G10: {=INDEX($C:$C,ROW(B9)*2)&INDEX($C:$C,ROW(B9)*2+1)} | H10: =IF(OR(F10="",G10="",TRIM(H9)=""),F10&G10,F10&"・"&G10) -> 選挙管理委員会 ▼小中連絡会(汐路) 1･2年通知表（本）提出
A11: 金 | C11: 1･2年成績一覧表提出 | E11: {=INDEX($A:$A,ROW(A9)*2+2)} -> 10 | F11: {=INDEX($B:$B,ROW(A10)*2)&" "&INDEX($B:$B,ROW(A10)*2+1)} | G11: {=INDEX($C:$C,ROW(B10)*2)&INDEX($C:$C,ROW(B10)*2+1)} -> ▼小中連絡会(陽明) | H11: =IF(OR(F11="",G11="",TRIM(H10)=""),F11&G11,F11&"・"&G11) -> ・▼小中連絡会(陽明)
A12: 6 | E12: {=INDEX($A:$A,ROW(A10)*2+2)} -> 11 | F12: {=INDEX($B:$B,ROW(A11)*2)&" "&INDEX($B:$B,ROW(A11)*2+1)} -> 学年保護者会(2年) 立候補者連絡会 | G12: {=INDEX($C:$C,ROW(B11)*2)&INDEX($C:$C,ROW(B11)*2+1)} -> 委 | H12: =IF(OR(F12="",G12="",TRIM(H11)=""),F12&G12,F12&"・"&G12) -> 学年保護者会(2年) 立候補者連絡会・委
A13: 土 | E13: {=INDEX($A:$A,ROW(A11)*2+2)} -> 12 | F13: {=INDEX($B:$B,ROW(A12)*2)&" "&INDEX($B:$B,ROW(A12)*2+1)} | G13: {=INDEX($C:$C,ROW(B12)*2)&INDEX($C:$C,ROW(B12)*2+1)} -> 編1 | H13: =IF(OR(F13="",G13="",TRIM(H12)=""),F13&G13,F13&"・"&G13) -> ・編1
A14: 7 | E14: {=INDEX($A:$A,ROW(A12)*2+2)} -> 13 | F14: {=INDEX($B:$B,ROW(A13)*2)&" "&INDEX($B:$B,ROW(A13)*2+1)} | G14: {=INDEX($C:$C,ROW(B13)*2)&INDEX($C:$C,ROW(B13)*2+1)} | H14: =IF(OR(F14="",G14="",TRIM(H13)=""),F14&G14,F14&"・"&G14)
A15: 日 | E15: {=INDEX($A:$A,ROW(A13)*2+2)} -> 14 | F15: {=INDEX($B:$B,ROW(A14)*2)&" "&INDEX($B:$B,ROW(A14)*2+1)} -> ノー部活デー | G15: {=INDEX($C:$C,ROW(B14)*2)&INDEX($C:$C,ROW(B14)*2+1)} | H15: =IF(OR(F15="",G15="",TRIM(H14)=""),F15&G15,F15&"・"&G15) -> ノー部活デー
A16: 8 | C16: 進認 | E16: {=INDEX($A:$A,ROW(A14)*2+2)} -> 15 | F16: {=INDEX($B:$B,ROW(A15)*2)&" "&INDEX($B:$B,ROW(A15)*2+1)} -> 立会演説会・選管 | G16: {=INDEX($C:$C,ROW(B15)*2)&INDEX($C:$C,ROW(B15)*2+1)} -> 1･2年通知表（本）提出 | H16: =IF(OR(F16="",G16="",TRIM(H15)=""),F16&G16,F16&"・"&G16) -> 立会演説会・選管 ・1･2年通知表（本）提出
A17: 月 | B17: 【公立一般合格発表】 | C17: 職11 | E17: {=INDEX($A:$A,ROW(A15)*2+2)} -> 16 | F17: {=INDEX($B:$B,ROW(A16)*2)&" "&INDEX($B:$B,ROW(A16)*2+1)} -> R7生徒会オリ(リハ) 【全日制･定時制２次選抜】 | G17: {=INDEX($C:$C,ROW(B16)*2)&INDEX($C:$C,ROW(B16)*2+1)} | H17: =IF(OR(F17="",G17="",TRIM(H16)=""),F17&G17,F17&"・"&G17) -> R7生徒会オリ(リハ) 【全日制･定時制２次選抜】
A18: 9 | B18: 選挙管理委員会 ▼小中連絡会(汐路) | E18: {=INDEX($A:$A,ROW(A16)*2+2)} -> 17 | F18: {=INDEX($B:$B,ROW(A17)*2)&" "&INDEX($B:$B,ROW(A17)*2+1)} -> 【全日制･定時制２次合格発表】 | G18: {=INDEX($C:$C,ROW(B17)*2)&INDEX($C:$C,ROW(B17)*2+1)} | H18: =IF(OR(F18="",G18="",TRIM(H17)=""),F18&G18,F18&"・"&G18) -> 【全日制･定時制２次合格発表】
A19: 火 | B19: 1･2年通知表（本）提出 | E19: {=INDEX($A:$A,ROW(A17)*2+2)} -> 18 | F19: {=INDEX($B:$B,ROW(A18)*2)&" "&INDEX($B:$B,ROW(A18)*2+1)} -> (小学校卒業式) | G19: {=INDEX($C:$C,ROW(B18)*2)&INDEX($C:$C,ROW(B18)*2+1)} -> 編2 | H19: =IF(OR(F19="",G19="",TRIM(H18)=""),F19&G19,F19&"・"&G19) -> (小学校卒業式)・編2
A20: 10 | E20: {=INDEX($A:$A,ROW(A18)*2+2)} -> 19 | F20: {=INDEX($B:$B,ROW(A19)*2)&" "&INDEX($B:$B,ROW(A19)*2+1)} | G20: {=INDEX($C:$C,ROW(B19)*2)&INDEX($C:$C,ROW(B19)*2+1)} -> 採 | H20: =IF(OR(F20="",G20="",TRIM(H19)=""),F20&G20,F20&"・"&G20) -> ・採
A21: 水 | C21: ▼小中連絡会(陽明) | E21: {=INDEX($A:$A,ROW(A19)*2+2)} -> 20 | F21: {=INDEX($B:$B,ROW(A20)*2)&" "&INDEX($B:$B,ROW(A20)*2+1)} | G21: {=INDEX($C:$C,ROW(B20)*2)&INDEX($C:$C,ROW(B20)*2+1)} | H21: =IF(OR(F21="",G21="",TRIM(H20)=""),F21&G21,F21&"・"&G21)
A22: 11 | B22: 学年保護者会(2年) | E22: {=INDEX($A:$A,ROW(A20)*2+2)} -> 21 | F22: {=INDEX($B:$B,ROW(A21)*2)&" "&INDEX($B:$B,ROW(A21)*2+1)} -> 春分の日 | G22: {=INDEX($C:$C,ROW(B21)*2)&INDEX($C:$C,ROW(B21)*2+1)} | H22: =IF(OR(F22="",G22="",TRIM(H21)=""),F22&G22,F22&"・"&G22) -> 春分の日
A23: 木 | B23: 立候補者連絡会 | C23: 委 | E23: {=INDEX($A:$A,ROW(A21)*2+2)} -> 22 | F23: {=INDEX($B:$B,ROW(A22)*2)&" "&INDEX($B:$B,ROW(A22)*2+1)} -> 日曜日祝日による休業日 | G23: {=INDEX($C:$C,ROW(B22)*2)&INDEX($C:$C,ROW(B22)*2+1)} | H23: =IF(OR(F23="",G23="",TRIM(H22)=""),F23&G23,F23&"・"&G23) -> 日曜日祝日による休業日
A24: 12 | C24: 編1 | E24: {=INDEX($A:$A,ROW(A22)*2+2)} -> 23 | F24: {=INDEX($B:$B,ROW(A23)*2)&" "&INDEX($B:$B,ROW(A23)*2+1)} -> 大掃除 【通信制後期入試】 | G24: {=INDEX($C:$C,ROW(B23)*2)&INDEX($C:$C,ROW(B23)*2+1)} | H24: =IF(OR(F24="",G24="",TRIM(H23)=""),F24&G24,F24&"・"&G24) -> 大掃除 【通信制後期入試】
A25: 金 | E25: {=INDEX($A:$A,ROW(A23)*2+2)} -> 24 | F25: {=INDEX($B:$B,ROW(A24)*2)&" "&INDEX($B:$B,ROW(A24)*2+1)} -> 修了式・離任式 【通信制後期合格発表】 | G25: {=INDEX($C:$C,ROW(B24)*2)&INDEX($C:$C,ROW(B24)*2+1)} | H25: =IF(OR(F25="",G25="",TRIM(H24)=""),F25&G25,F25&"・"&G25) -> 修了式・離任式 【通信制後期合格発表】
A26: 13 | E26: {=INDEX($A:$A,ROW(A24)*2+2)} -> 25 | F26: {=INDEX($B:$B,ROW(A25)*2)&" "&INDEX($B:$B,ROW(A25)*2+1)} -> 学年末休業開始 | G26: {=INDEX($C:$C,ROW(B25)*2)&INDEX($C:$C,ROW(B25)*2+1)} | H26: =IF(OR(F26="",G26="",TRIM(H25)=""),F26&G26,F26&"・"&G26) -> 学年末休業開始
A27: 土 | E27: {=INDEX($A:$A,ROW(A25)*2+2)} -> 26 | F27: {=INDEX($B:$B,ROW(A26)*2)&" "&INDEX($B:$B,ROW(A26)*2+1)} | G27: {=INDEX($C:$C,ROW(B26)*2)&INDEX($C:$C,ROW(B26)*2+1)} -> 旧運 | H27: =IF(OR(F27="",G27="",TRIM(H26)=""),F27&G27,F27&"・"&G27) -> ・旧運
A28: 14 | B28: ノー部活デー | E28: {=INDEX($A:$A,ROW(A26)*2+2)} -> 27 | F28: {=INDEX($B:$B,ROW(A27)*2)&" "&INDEX($B:$B,ROW(A27)*2+1)} | G28: {=INDEX($C:$C,ROW(B27)*2)&INDEX($C:$C,ROW(B27)*2+1)} | H28: =IF(OR(F28="",G28="",TRIM(H27)=""),F28&G28,F28&"・"&G28)
A29: 日 | E29: {=INDEX($A:$A,ROW(A27)*2+2)} -> 28 | F29: {=INDEX($B:$B,ROW(A28)*2)&" "&INDEX($B:$B,ROW(A28)*2+1)} | G29: {=INDEX($C:$C,ROW(B28)*2)&INDEX($C:$C,ROW(B28)*2+1)} | H29: =IF(OR(F29="",G29="",TRIM(H28)=""),F29&G29,F29&"・"&G29)
A30: 15 | B30: 立会演説会・選管 | E30: {=INDEX($A:$A,ROW(A28)*2+2)} -> 29 | F30: {=INDEX($B:$B,ROW(A29)*2)&" "&INDEX($B:$B,ROW(A29)*2+1)} | G30: {=INDEX($C:$C,ROW(B29)*2)&INDEX($C:$C,ROW(B29)*2+1)} | H30: =IF(OR(F30="",G30="",TRIM(H29)=""),F30&G30,F30&"・"&G30)
A31: 月 | C31: 1･2年通知表（本）提出 | E31: {=INDEX($A:$A,ROW(A29)*2+2)} -> 30 | F31: {=INDEX($B:$B,ROW(A30)*2)&" "&INDEX($B:$B,ROW(A30)*2+1)} | G31: {=INDEX($C:$C,ROW(B30)*2)&INDEX($C:$C,ROW(B30)*2+1)} | H31: =IF(OR(F31="",G31="",TRIM(H30)=""),F31&G31,F31&"・"&G31)
A32: 16 | B32: R7生徒会オリ(リハ) | E32: {=INDEX($A:$A,ROW(A30)*2+2)} -> 31 | F32: {=INDEX($B:$B,ROW(A31)*2)&" "&INDEX($B:$B,ROW(A31)*2+1)} | G32: {=INDEX($C:$C,ROW(B31)*2)&INDEX($C:$C,ROW(B31)*2+1)} | H32: =IF(OR(F32="",G32="",TRIM(H31)=""),F32&G32,F32&"・"&G32)
A33: 火 | B33: 【全日制･定時制２次選抜】 | G33: {=INDEX($C:$C,ROW(B32)*2)&INDEX($C:$C,ROW(B32)*2+1)} | H33: =IF(OR(F33="",G33="",TRIM(H32)=""),F33&G33,F33&"・"&G33)
A34: 17
A35: 水 | B35: 【全日制･定時制２次合格発表】
A36: 18 | C36: 編2
A37: 木 | B37: (小学校卒業式)
A38: 19 | C38: 採
A39: 金
A40: 20
A41: 土
A42: 21 | B42: 春分の日
A43: 日
A44: 22 | B44: 日曜日祝日による休業日
A45: 月
A46: 23 | B46: 大掃除
A47: 火 | B47: 【通信制後期入試】
A48: 24 | B48: 修了式・離任式
A49: 水 | B49: 【通信制後期合格発表】
A50: 25 | B50: 学年末休業開始
A51: 木
A52: 26 | C52: 旧運
A53: 金
A54: 27
A55: 土
A56: 28
A57: 日
A58: 29 | F58: {=INDEX($B:$B,ROW(A57)*2)&" "&INDEX($B:$B,ROW(A57)*2+1)}
A59: 月 | F59: {=INDEX($B:$B,ROW(A58)*2)&" "&INDEX($B:$B,ROW(A58)*2+1)}
A60: 30 | F60: {=INDEX($B:$B,ROW(A59)*2)&" "&INDEX($B:$B,ROW(A59)*2+1)}
A61: 火 | F61: {=INDEX($B:$B,ROW(A60)*2)&" "&INDEX($B:$B,ROW(A60)*2+1)}
A62: 31 | F62: {=INDEX($B:$B,ROW(A61)*2)&" "&INDEX($B:$B,ROW(A61)*2+1)}
A63: 水 | F63: {=INDEX($B:$B,ROW(A62)*2)&" "&INDEX($B:$B,ROW(A62)*2+1)}
